0.circle	iOS=13.0	macOS=10.15	tvOS=13.0	visionOS=1.0	watchOS=6.0
0.circle.fill	iOS=13.0	macOS=10.15	tvOS=13.0	visionOS=1.0	watchOS=6.0
0.square	iOS=13.0	macOS=10.15	tvOS=13.0	visionOS=1.0	watchOS=6.0
0.square.fill	iOS=13.0	macOS=10.15	tvOS=13.0	visionOS=1.0	watchOS=6.0
00.circle	iOS=13.0	macOS=10.15	tvOS=13.0	visionOS=1.0	watchOS=6.0
00.circle.fill	iOS=13.0	macOS=10.15	tvOS=13.0	visionOS=1.0	watchOS=6.0
00.square	iOS=13.0	macOS=10.15	tvOS=13.0	visionOS=1.0	watchOS=6.0
00.square.fill	iOS=13.0	macOS=10.15	tvOS=13.0	visionOS=1.0	watchOS=6.0
01.circle	iOS=13.0	macOS=10.15	tvOS=13.0	visionOS=1.0	watchOS=6.0
01.circle.fill	iOS=13.0	macOS=10.15	tvOS=13.0	visionOS=1.0	watchOS=6.0
01.square	iOS=13.0	macOS=10.15	tvOS=13.0	visionOS=1.0	watchOS=6.0
01.square.fill	iOS=13.0	macOS=10.15	tvOS=13.0	visionOS=1.0	watchOS=6.0
02.circle	iOS=13.0	macOS=10.15	tvOS=13.0	visionOS=1.0	watchOS=6.0
02.circle.fill	iOS=13.0	macOS=10.15	tvOS=13.0	visionOS=1.0	watchOS=6.0
02.square	iOS=13.0	macOS=10.15	tvOS=13.0	visionOS=1.0	watchOS=6.0
02.square.fill	iOS=13.0	macOS=10.15	tvOS=13.0	visionOS=1.0	watchOS=6.0
03.circle	iOS=13.0	macOS=10.15	tvOS=13.0	visionOS=1.0	watchOS=6.0
03.circle.fill	iOS=13.0	macOS=10.15	tvOS=13.0	visionOS=1.0	watchOS=6.0
03.square	iOS=13.0	macOS=10.15	tvOS=13.0	visionOS=1.0	watchOS=6.0
03.square.fill	iOS=13.0	macOS=10.15	tvOS=13.0	visionOS=1.0	watchOS=6.0
04.circle	iOS=13.0	macOS=10.15	tvOS=13.0	visionOS=1.0	watchOS=6.0
04.circle.fill	iOS=13.0	macOS=10.15	tvOS=13.0	visionOS=1.0	watchOS=6.0
04.square	iOS=13.0	macOS=10.15	tvOS=13.0	visionOS=1.0	watchOS=6.0
04.square.fill	iOS=13.0	macOS=10.15	tvOS=13.0	visionOS=1.0	watchOS=6.0
05.circle	iOS=13.0	macOS=10.15	tvOS=13.0	visionOS=1.0	watchOS=6.0
05.circle.fill	iOS=13.0	macOS=10.15	tvOS=13.0	visionOS=1.0	watchOS=6.0
05.square	iOS=13.0	macOS=10.15	tvOS=13.0	visionOS=1.0	watchOS=6.0
05.square.fill	iOS=13.0	macOS=10.15	tvOS=13.0	visionOS=1.0	watchOS=6.0
06.circle	iOS=13.0	macOS=10.15	tvOS=13.0	visionOS=1.0	watchOS=6.0
06.circle.fill	iOS=13.0	macOS=10.15	tvOS=13.0	visionOS=1.0	watchOS=6.0
06.square	iOS=13.0	macOS=10.15	tvOS=13.0	visionOS=1.0	watchOS=6.0
06.square.fill	iOS=13.0	macOS=10.15	tvOS=13.0	visionOS=1.0	watchOS=6.0
07.circle	iOS=13.0	macOS=10.15	tvOS=13.0	visionOS=1.0	watchOS=6.0
07.circle.fill	iOS=13.0	macOS=10.15	tvOS=13.0	visionOS=1.0	watchOS=6.0
07.square	iOS=13.0	macOS=10.15	tvOS=13.0	visionOS=1.0	watchOS=6.0
07.square.fill	iOS=13.0	macOS=10.15	tvOS=13.0	visionOS=1.0	watchOS=6.0
08.circle	iOS=13.0	macOS=10.15	tvOS=13.0	visionOS=1.0	watchOS=6.0
08.circle.fill	iOS=13.0	macOS=10.15	tvOS=13.0	visionOS=1.0	watchOS=6.0
08.square	iOS=13.0	macOS=10.15	tvOS=13.0	visionOS=1.0	watchOS=6.0
08.square.fill	iOS=13.0	macOS=10.15	tvOS=13.0	visionOS=1.0	watchOS=6.0
09.circle	iOS=13.0	macOS=10.15	tvOS=13.0	visionOS=1.0	watchOS=6.0
09.circle.fill	iOS=13.0	macOS=10.15	tvOS=13.0	visionOS=1.0	watchOS=6.0
09.square	iOS=13.0	macOS=10.15	tvOS=13.0	visionOS=1.0	watchOS=6.0
09.square.fill	iOS=13.0	macOS=10.15	tvOS=13.0	visionOS=1.0	watchOS=6.0
1.circle	iOS=13.0	macOS=10.15	tvOS=13.0	visionOS=1.0	watchOS=6.0
1.circle.fill	iOS=13.0	macOS=10.15	tvOS=13.0	visionOS=1.0	watchOS=6.0
1.magnifyingglass	iOS=13.0	macOS=10.15	tvOS=13.0	visionOS=1.0	watchOS=6.0
1.square	iOS=13.0	macOS=10.15	tvOS=13.0	visionOS=1.0	watchOS=6.0
1.square.fill	iOS=13.0	macOS=10.15	tvOS=13.0	visionOS=1.0	watchOS=6.0
10.circle	iOS=13.0	macOS=10.15	tvOS=13.0	visionOS=1.0	watchOS=6.0
10.circle.fill	iOS=13.0	macOS=10.15	tvOS=13.0	visionOS=1.0	watchOS=6.0
10.square	iOS=13.0	macOS=10.15	tvOS=13.0	visionOS=1.0	watchOS=6.0
10.square.fill	iOS=13.0	macOS=10.15	tvOS=13.0	visionOS=1.0	watchOS=6.0
11.circle	iOS=13.0	macOS=10.15	tvOS=13.0	visionOS=1.0	watchOS=6.0
11.circle.fill	iOS=13.0	macOS=10.15	tvOS=13.0	visionOS=1.0	watchOS=6.0
11.square	iOS=13.0	macOS=10.15	tvOS=13.0	visionOS=1.0	watchOS=6.0
11.square.fill	iOS=13.0	macOS=10.15	tvOS=13.0	visionOS=1.0	watchOS=6.0
12.circle	iOS=13.0	macOS=10.15	tvOS=13.0	visionOS=1.0	watchOS=6.0
12.circle.fill	iOS=13.0	macOS=10.15	tvOS=13.0	visionOS=1.0	watchOS=6.0
12.square	iOS=13.0	macOS=10.15	tvOS=13.0	visionOS=1.0	watchOS=6.0
12.square.fill	iOS=13.0	macOS=10.15	tvOS=13.0	visionOS=1.0	watchOS=6.0
13.circle	iOS=13.0	macOS=10.15	tvOS=13.0	visionOS=1.0	watchOS=6.0
13.circle.fill	iOS=13.0	macOS=10.15	tvOS=13.0	visionOS=1.0	watchOS=6.0
13.square	iOS=13.0	macOS=10.15	tvOS=13.0	visionOS=1.0	watchOS=6.0
13.square.fill	iOS=13.0	macOS=10.15	tvOS=13.0	visionOS=1.0	watchOS=6.0
14.circle	iOS=13.0	macOS=10.15	tvOS=13.0	visionOS=1.0	watchOS=6.0
14.circle.fill	iOS=13.0	macOS=10.15	tvOS=13.0	visionOS=1.0	watchOS=6.0
14.square	iOS=13.0	macOS=10.15	tvOS=13.0	visionOS=1.0	watchOS=6.0
14.square.fill	iOS=13.0	macOS=10.15	tvOS=13.0	visionOS=1.0	watchOS=6.0
15.circle	iOS=13.0	macOS=10.15	tvOS=13.0	visionOS=1.0	watchOS=6.0
15.circle.fill	iOS=13.0	macOS=10.15	tvOS=13.0	visionOS=1.0	watchOS=6.0
15.square	iOS=13.0	macOS=10.15	tvOS=13.0	visionOS=1.0	watchOS=6.0
15.square.fill	iOS=13.0	macOS=10.15	tvOS=13.0	visionOS=1.0	watchOS=6.0
16.circle	iOS=13.0	macOS=10.15	tvOS=13.0	visionOS=1.0	watchOS=6.0
16.circle.fill	iOS=13.0	macOS=10.15	tvOS=13.0	visionOS=1.0	watchOS=6.0
16.square	iOS=13.0	macOS=10.15	tvOS=13.0	visionOS=1.0	watchOS=6.0
16.square.fill	iOS=13.0	macOS=10.15	tvOS=13.0	visionOS=1.0	watchOS=6.0
17.circle	iOS=13.0	macOS=10.15	tvOS=13.0	visionOS=1.0	watchOS=6.0
17.circle.fill	iOS=13.0	macOS=10.15	tvOS=13.0	visionOS=1.0	watchOS=6.0
17.square	iOS=13.0	macOS=10.15	tvOS=13.0	visionOS=1.0	watchOS=6.0
17.square.fill	iOS=13.0	macOS=10.15	tvOS=13.0	visionOS=1.0	watchOS=6.0
18.circle	iOS=13.0	macOS=10.15	tvOS=13.0	visionOS=1.0	watchOS=6.0
18.circle.fill	iOS=13.0	macOS=10.15	tvOS=13.0	visionOS=1.0	watchOS=6.0
18.square	iOS=13.0	macOS=10.15	tvOS=13.0	visionOS=1.0	watchOS=6.0
18.square.fill	iOS=13.0	macOS=10.15	tvOS=13.0	visionOS=1.0	watchOS=6.0
19.circle	iOS=13.0	macOS=10.15	tvOS=13.0	visionOS=1.0	watchOS=6.0
19.circle.fill	iOS=13.0	macOS=10.15	tvOS=13.0	visionOS=1.0	watchOS=6.0
19.square	iOS=13.0	macOS=10.15	tvOS=13.0	visionOS=1.0	watchOS=6.0
19.square.fill	iOS=13.0	macOS=10.15	tvOS=13.0	visionOS=1.0	watchOS=6.0
2.circle	iOS=13.0	macOS=10.15	tvOS=13.0	visionOS=1.0	watchOS=6.0
2.circle.fill	iOS=13.0	macOS=10.15	tvOS=13.0	visionOS=1.0	watchOS=6.0
2.square	iOS=13.0	macOS=10.15	tvOS=13.0	visionOS=1.0	watchOS=6.0
2.square.fill	iOS=13.0	macOS=10.15	tvOS=13.0	visionOS=1.0	watchOS=6.0
20.circle	iOS=13.0	macOS=10.15	tvOS=13.0	visionOS=1.0	watchOS=6.0
20.circle.fill	iOS=13.0	macOS=10.15	tvOS=13.0	visionOS=1.0	watchOS=6.0
20.square	iOS=13.0	macOS=10.15	tvOS=13.0	visionOS=1.0	watchOS=6.0
20.square.fill	iOS=13.0	macOS=10.15	tvOS=13.0	visionOS=1.0	watchOS=6.0
21.circle	iOS=13.0	macOS=10.15	tvOS=13.0	visionOS=1.0	watchOS=6.0
21.circle.fill	iOS=13.0	macOS=10.15	tvOS=13.0	visionOS=1.0	watchOS=6.0
21.square	iOS=13.0	macOS=10.15	tvOS=13.0	visionOS=1.0	watchOS=6.0
21.square.fill	iOS=13.0	macOS=10.15	tvOS=13.0	visionOS=1.0	watchOS=6.0
22.circle	iOS=13.0	macOS=10.15	tvOS=13.0	visionOS=1.0	watchOS=6.0
22.circle.fill	iOS=13.0	macOS=10.15	tvOS=13.0	visionOS=1.0	watchOS=6.0
22.square	iOS=13.0	macOS=10.15	tvOS=13.0	visionOS=1.0	watchOS=6.0
22.square.fill	iOS=13.0	macOS=10.15	tvOS=13.0	visionOS=1.0	watchOS=6.0
23.circle	iOS=13.0	macOS=10.15	tvOS=13.0	visionOS=1.0	watchOS=6.0
23.circle.fill	iOS=13.0	macOS=10.15	tvOS=13.0	visionOS=1.0	watchOS=6.0
23.square	iOS=13.0	macOS=10.15	tvOS=13.0	visionOS=1.0	watchOS=6.0
23.square.fill	iOS=13.0	macOS=10.15	tvOS=13.0	visionOS=1.0	watchOS=6.0
24.circle	iOS=13.0	macOS=10.15	tvOS=13.0	visionOS=1.0	watchOS=6.0
24.circle.fill	iOS=13.0	macOS=10.15	tvOS=13.0	visionOS=1.0	watchOS=6.0
24.square	iOS=13.0	macOS=10.15	tvOS=13.0	visionOS=1.0	watchOS=6.0
24.square.fill	iOS=13.0	macOS=10.15	tvOS=13.0	visionOS=1.0	watchOS=6.0
25.circle	iOS=13.0	macOS=10.15	tvOS=13.0	visionOS=1.0	watchOS=6.0
25.circle.fill	iOS=13.0	macOS=10.15	tvOS=13.0	visionOS=1.0	watchOS=6.0
25.square	iOS=13.0	macOS=10.15	tvOS=13.0	visionOS=1.0	watchOS=6.0
25.square.fill	iOS=13.0	macOS=10.15	tvOS=13.0	visionOS=1.0	watchOS=6.0
26.circle	iOS=13.0	macOS=10.15	tvOS=13.0	visionOS=1.0	watchOS=6.0
26.circle.fill	iOS=13.0	macOS=10.15	tvOS=13.0	visionOS=1.0	watchOS=6.0
26.square	iOS=13.0	macOS=10.15	tvOS=13.0	visionOS=1.0	watchOS=6.0
26.square.fill	iOS=13.0	macOS=10.15	tvOS=13.0	visionOS=1.0	watchOS=6.0
27.circle	iOS=13.0	macOS=10.15	tvOS=13.0	visionOS=1.0	watchOS=6.0
27.circle.fill	iOS=13.0	macOS=10.15	tvOS=13.0	visionOS=1.0	watchOS=6.0
27.square	iOS=13.0	macOS=10.15	tvOS=13.0	visionOS=1.0	watchOS=6.0
27.square.fill	iOS=13.0	macOS=10.15	tvOS=13.0	visionOS=1.0	watchOS=6.0
28.circle	iOS=13.0	macOS=10.15	tvOS=13.0	visionOS=1.0	watchOS=6.0
28.circle.fill	iOS=13.0	macOS=10.15	tvOS=13.0	visionOS=1.0	watchOS=6.0
28.square	iOS=13.0	macOS=10.15	tvOS=13.0	visionOS=1.0	watchOS=6.0
28.square.fill	iOS=13.0	macOS=10.15	tvOS=13.0	visionOS=1.0	watchOS=6.0
29.circle	iOS=13.0	macOS=10.15	tvOS=13.0	visionOS=1.0	watchOS=6.0
29.circle.fill	iOS=13.0	macOS=10.15	tvOS=13.0	visionOS=1.0	watchOS=6.0
29.square	iOS=13.0	macOS=10.15	tvOS=13.0	visionOS=1.0	watchOS=6.0
29.square.fill	iOS=13.0	macOS=10.15	tvOS=13.0	visionOS=1.0	watchOS=6.0
3.circle	iOS=13.0	macOS=10.15	tvOS=13.0	visionOS=1.0	watchOS=6.0
3.circle.fill	iOS=13.0	macOS=10.15	tvOS=13.0	visionOS=1.0	watchOS=6.0
3.square	iOS=13.0	macOS=10.15	tvOS=13.0	visionOS=1.0	watchOS=6.0
3.square.fill	iOS=13.0	macOS=10.15	tvOS=13.0	visionOS=1.0	watchOS=6.0
30.circle	iOS=13.0	macOS=10.15	tvOS=13.0	visionOS=1.0	watchOS=6.0
30.circle.fill	iOS=13.0	macOS=10.15	tvOS=13.0	visionOS=1.0	watchOS=6.0
30.square	iOS=13.0	macOS=10.15	tvOS=13.0	visionOS=1.0	watchOS=6.0
30.square.fill	iOS=13.0	macOS=10.15	tvOS=13.0	visionOS=1.0	watchOS=6.0
31.circle	iOS=13.0	macOS=10.15	tvOS=13.0	visionOS=1.0	watchOS=6.0
31.circle.fill	iOS=13.0	macOS=10.15	tvOS=13.0	visionOS=1.0	watchOS=6.0
31.square	iOS=13.0	macOS=10.15	tvOS=13.0	visionOS=1.0	watchOS=6.0
31.square.fill	iOS=13.0	macOS=10.15	tvOS=13.0	visionOS=1.0	watchOS=6.0
32.circle	iOS=13.0	macOS=10.15	tvOS=13.0	visionOS=1.0	watchOS=6.0
32.circle.fill	iOS=13.0	macOS=10.15	tvOS=13.0	visionOS=1.0	watchOS=6.0
32.square	iOS=13.0	macOS=10.15	tvOS=13.0	visionOS=1.0	watchOS=6.0
32.square.fill	iOS=13.0	macOS=10.15	tvOS=13.0	visionOS=1.0	watchOS=6.0
33.circle	iOS=13.0	macOS=10.15	tvOS=13.0	visionOS=1.0	watchOS=6.0
33.circle.fill	iOS=13.0	macOS=10.15	tvOS=13.0	visionOS=1.0	watchOS=6.0
33.square	iOS=13.0	macOS=10.15	tvOS=13.0	visionOS=1.0	watchOS=6.0
33.square.fill	iOS=13.0	macOS=10.15	tvOS=13.0	visionOS=1.0	watchOS=6.0
34.circle	iOS=13.0	macOS=10.15	tvOS=13.0	visionOS=1.0	watchOS=6.0
34.circle.fill	iOS=13.0	macOS=10.15	tvOS=13.0	visionOS=1.0	watchOS=6.0
34.square	iOS=13.0	macOS=10.15	tvOS=13.0	visionOS=1.0	watchOS=6.0
34.square.fill	iOS=13.0	macOS=10.15	tvOS=13.0	visionOS=1.0	watchOS=6.0
35.circle	iOS=13.0	macOS=10.15	tvOS=13.0	visionOS=1.0	watchOS=6.0
35.circle.fill	iOS=13.0	macOS=10.15	tvOS=13.0	visionOS=1.0	watchOS=6.0
35.square	iOS=13.0	macOS=10.15	tvOS=13.0	visionOS=1.0	watchOS=6.0
35.square.fill	iOS=13.0	macOS=10.15	tvOS=13.0	visionOS=1.0	watchOS=6.0
36.circle	iOS=13.0	macOS=10.15	tvOS=13.0	visionOS=1.0	watchOS=6.0
36.circle.fill	iOS=13.0	macOS=10.15	tvOS=13.0	visionOS=1.0	watchOS=6.0
36.square	iOS=13.0	macOS=10.15	tvOS=13.0	visionOS=1.0	watchOS=6.0
36.square.fill	iOS=13.0	macOS=10.15	tvOS=13.0	visionOS=1.0	watchOS=6.0
37.circle	iOS=13.0	macOS=10.15	tvOS=13.0	visionOS=1.0	watchOS=6.0
37.circle.fill	iOS=13.0	macOS=10.15	tvOS=13.0	visionOS=1.0	watchOS=6.0
37.square	iOS=13.0	macOS=10.15	tvOS=13.0	visionOS=1.0	watchOS=6.0
37.square.fill	iOS=13.0	macOS=10.15	tvOS=13.0	visionOS=1.0	watchOS=6.0
38.circle	iOS=13.0	macOS=10.15	tvOS=13.0	visionOS=1.0	watchOS=6.0
38.circle.fill	iOS=13.0	macOS=10.15	tvOS=13.0	visionOS=1.0	watchOS=6.0
38.square	iOS=13.0	macOS=10.15	tvOS=13.0	visionOS=1.0	watchOS=6.0
38.square.fill	iOS=13.0	macOS=10.15	tvOS=13.0	visionOS=1.0	watchOS=6.0
39.circle	iOS=13.0	macOS=10.15	tvOS=13.0	visionOS=1.0	watchOS=6.0
39.circle.fill	iOS=13.0	macOS=10.15	tvOS=13.0	visionOS=1.0	watchOS=6.0
39.square	iOS=13.0	macOS=10.15	tvOS=13.0	visionOS=1.0	watchOS=6.0
39.square.fill	iOS=13.0	macOS=10.15	tvOS=13.0	visionOS=1.0	watchOS=6.0
4.alt.circle	iOS=13.0	macOS=10.15	tvOS=13.0	visionOS=1.0	watchOS=6.0
4.alt.circle.fill	iOS=13.0	macOS=10.15	tvOS=13.0	visionOS=1.0	watchOS=6.0
4.alt.square	iOS=13.0	macOS=10.15	tvOS=13.0	visionOS=1.0	watchOS=6.0
4.alt.square.fill	iOS=13.0	macOS=10.15	tvOS=13.0	visionOS=1.0	watchOS=6.0
4.circle	iOS=13.0	macOS=10.15	tvOS=13.0	visionOS=1.0	watchOS=6.0
4.circle.fill	iOS=13.0	macOS=10.15	tvOS=13.0	visionOS=1.0	watchOS=6.0
4.square	iOS=13.0	macOS=10.15	tvOS=13.0	visionOS=1.0	watchOS=6.0
4.square.fill	iOS=13.0	macOS=10.15	tvOS=13.0	visionOS=1.0	watchOS=6.0
40.circle	iOS=13.0	macOS=10.15	tvOS=13.0	visionOS=1.0	watchOS=6.0
40.circle.fill	iOS=13.0	macOS=10.15	tvOS=13.0	visionOS=1.0	watchOS=6.0
40.square	iOS=13.0	macOS=10.15	tvOS=13.0	visionOS=1.0	watchOS=6.0
40.square.fill	iOS=13.0	macOS=10.15	tvOS=13.0	visionOS=1.0	watchOS=6.0
41.circle	iOS=13.0	macOS=10.15	tvOS=13.0	visionOS=1.0	watchOS=6.0
41.circle.fill	iOS=13.0	macOS=10.15	tvOS=13.0	visionOS=1.0	watchOS=6.0
41.square	iOS=13.0	macOS=10.15	tvOS=13.0	visionOS=1.0	watchOS=6.0
41.square.fill	iOS=13.0	macOS=10.15	tvOS=13.0	visionOS=1.0	watchOS=6.0
42.circle	iOS=13.0	macOS=10.15	tvOS=13.0	visionOS=1.0	watchOS=6.0
42.circle.fill	iOS=13.0	macOS=10.15	tvOS=13.0	visionOS=1.0	watchOS=6.0
42.square	iOS=13.0	macOS=10.15	tvOS=13.0	visionOS=1.0	watchOS=6.0
42.square.fill	iOS=13.0	macOS=10.15	tvOS=13.0	visionOS=1.0	watchOS=6.0
43.circle	iOS=13.0	macOS=10.15	tvOS=13.0	visionOS=1.0	watchOS=6.0
43.circle.fill	iOS=13.0	macOS=10.15	tvOS=13.0	visionOS=1.0	watchOS=6.0
43.square	iOS=13.0	macOS=10.15	tvOS=13.0	visionOS=1.0	watchOS=6.0
43.square.fill	iOS=13.0	macOS=10.15	tvOS=13.0	visionOS=1.0	watchOS=6.0
44.circle	iOS=13.0	macOS=10.15	tvOS=13.0	visionOS=1.0	watchOS=6.0
44.circle.fill	iOS=13.0	macOS=10.15	tvOS=13.0	visionOS=1.0	watchOS=6.0
44.square	iOS=13.0	macOS=10.15	tvOS=13.0	visionOS=1.0	watchOS=6.0
44.square.fill	iOS=13.0	macOS=10.15	tvOS=13.0	visionOS=1.0	watchOS=6.0
45.circle	iOS=13.0	macOS=10.15	tvOS=13.0	visionOS=1.0	watchOS=6.0
45.circle.fill	iOS=13.0	macOS=10.15	tvOS=13.0	visionOS=1.0	watchOS=6.0
45.square	iOS=13.0	macOS=10.15	tvOS=13.0	visionOS=1.0	watchOS=6.0
45.square.fill	iOS=13.0	macOS=10.15	tvOS=13.0	visionOS=1.0	watchOS=6.0
46.circle	iOS=13.0	macOS=10.15	tvOS=13.0	visionOS=1.0	watchOS=6.0
46.circle.fill	iOS=13.0	macOS=10.15	tvOS=13.0	visionOS=1.0	watchOS=6.0
46.square	iOS=13.0	macOS=10.15	tvOS=13.0	visionOS=1.0	watchOS=6.0
46.square.fill	iOS=13.0	macOS=10.15	tvOS=13.0	visionOS=1.0	watchOS=6.0
47.circle	iOS=13.0	macOS=10.15	tvOS=13.0	visionOS=1.0	watchOS=6.0
47.circle.fill	iOS=13.0	macOS=10.15	tvOS=13.0	visionOS=1.0	watchOS=6.0
47.square	iOS=13.0	macOS=10.15	tvOS=13.0	visionOS=1.0	watchOS=6.0
47.square.fill	iOS=13.0	macOS=10.15	tvOS=13.0	visionOS=1.0	watchOS=6.0
48.circle	iOS=13.0	macOS=10.15	tvOS=13.0	visionOS=1.0	watchOS=6.0
48.circle.fill	iOS=13.0	macOS=10.15	tvOS=13.0	visionOS=1.0	watchOS=6.0
48.square	iOS=13.0	macOS=10.15	tvOS=13.0	visionOS=1.0	watchOS=6.0
48.square.fill	iOS=13.0	macOS=10.15	tvOS=13.0	visionOS=1.0	watchOS=6.0
49.circle	iOS=13.0	macOS=10.15	tvOS=13.0	visionOS=1.0	watchOS=6.0
49.circle.fill	iOS=13.0	macOS=10.15	tvOS=13.0	visionOS=1.0	watchOS=6.0
49.square	iOS=13.0	macOS=10.15	tvOS=13.0	visionOS=1.0	watchOS=6.0
49.square.fill	iOS=13.0	macOS=10.15	tvOS=13.0	visionOS=1.0	watchOS=6.0
5.circle	iOS=13.0	macOS=10.15	tvOS=13.0	visionOS=1.0	watchOS=6.0
5.circle.fill	iOS=13.0	macOS=10.15	tvOS=13.0	visionOS=1.0	watchOS=6.0
5.square	iOS=13.0	macOS=10.15	tvOS=13.0	visionOS=1.0	watchOS=6.0
5.square.fill	iOS=13.0	macOS=10.15	tvOS=13.0	visionOS=1.0	watchOS=6.0
50.circle	iOS=13.0	macOS=10.15	tvOS=13.0	visionOS=1.0	watchOS=6.0
50.circle.fill	iOS=13.0	macOS=10.15	tvOS=13.0	visionOS=1.0	watchOS=6.0
50.square	iOS=13.0	macOS=10.15	tvOS=13.0	visionOS=1.0	watchOS=6.0
50.square.fill	iOS=13.0	macOS=10.15	tvOS=13.0	visionOS=1.0	watchOS=6.0
6.alt.circle	iOS=13.0	macOS=10.15	tvOS=13.0	visionOS=1.0	watchOS=6.0
6.alt.circle.fill	iOS=13.0	macOS=10.15	tvOS=13.0	visionOS=1.0	watchOS=6.0
6.alt.square	iOS=13.0	macOS=10.15	tvOS=13.0	visionOS=1.0	watchOS=6.0
6.alt.square.fill	iOS=13.0	macOS=10.15	tvOS=13.0	visionOS=1.0	watchOS=6.0
6.circle	iOS=13.0	macOS=10.15	tvOS=13.0	visionOS=1.0	watchOS=6.0
6.circle.fill	iOS=13.0	macOS=10.15	tvOS=13.0	visionOS=1.0	watchOS=6.0
6.square	iOS=13.0	macOS=10.15	tvOS=13.0	visionOS=1.0	watchOS=6.0
6.square.fill	iOS=13.0	macOS=10.15	tvOS=13.0	visionOS=1.0	watchOS=6.0
7.circle	iOS=13.0	macOS=10.15	tvOS=13.0	visionOS=1.0	watchOS=6.0
7.circle.fill	iOS=13.0	macOS=10.15	tvOS=13.0	visionOS=1.0	watchOS=6.0
7.square	iOS=13.0	macOS=10.15	tvOS=13.0	visionOS=1.0	watchOS=6.0
7.square.fill	iOS=13.0	macOS=10.15	tvOS=13.0	visionOS=1.0	watchOS=6.0
8.circle	iOS=13.0	macOS=10.15	tvOS=13.0	visionOS=1.0	watchOS=6.0
8.circle.fill	iOS=13.0	macOS=10.15	tvOS=13.0	visionOS=1.0	watchOS=6.0
8.square	iOS=13.0	macOS=10.15	tvOS=13.0	visionOS=1.0	watchOS=6.0
8.square.fill	iOS=13.0	macOS=10.15	tvOS=13.0	visionOS=1.0	watchOS=6.0
9.alt.circle	iOS=13.0	macOS=10.15	tvOS=13.0	visionOS=1.0	watchOS=6.0
9.alt.circle.fill	iOS=13.0	macOS=10.15	tvOS=13.0	visionOS=1.0	watchOS=6.0
9.alt.square	iOS=13.0	macOS=10.15	tvOS=13.0	visionOS=1.0	watchOS=6.0
9.alt.square.fill	iOS=13.0	macOS=10.15	tvOS=13.0	visionOS=1.0	watchOS=6.0
9.circle	iOS=13.0	macOS=10.15	tvOS=13.0	visionOS=1.0	watchOS=6.0
9.circle.fill	iOS=13.0	macOS=10.15	tvOS=13.0	visionOS=1.0	watchOS=6.0
9.square	iOS=13.0	macOS=10.15	tvOS=13.0	visionOS=1.0	watchOS=6.0
9.square.fill	iOS=13.0	macOS=10.15	tvOS=13.0	visionOS=1.0	watchOS=6.0
a	iOS=13.0	macOS=10.15	tvOS=13.0	visionOS=1.0	watchOS=6.0
a.circle	iOS=13.0	macOS=10.15	tvOS=13.0	visionOS=1.0	watchOS=6.0
a.circle.fill	iOS=13.0	macOS=10.15	tvOS=13.0	visionOS=1.0	watchOS=6.0
a.square	iOS=13.0	macOS=10.15	tvOS=13.0	visionOS=1.0	watchOS=6.0
a.square.fill	iOS=13.0	macOS=10.15	tvOS=13.0	visionOS=1.0	watchOS=6.0
airplane	iOS=13.0	macOS=10.15	tvOS=13.0	visionOS=1.0	watchOS=6.0
airplayaudio	iOS=13.0	macOS=10.15	tvOS=13.0	visionOS=1.0	watchOS=6.0
airplayvideo	iOS=13.0	macOS=10.15	tvOS=13.0	visionOS=1.0	watchOS=6.0
alarm	iOS=13.0	macOS=10.15	tvOS=13.0	visionOS=1.0	watchOS=6.0
alarm.fill	iOS=13.0	macOS=10.15	tvOS=13.0	visionOS=1.0	watchOS=6.0
alt	iOS=13.0	macOS=10.15	tvOS=13.0	visionOS=1.0	watchOS=6.0
ant	iOS=13.0	macOS=10.15	tvOS=13.0	visionOS=1.0	watchOS=6.0
ant.circle	iOS=13.0	macOS=10.15	tvOS=13.0	visionOS=1.0	watchOS=6.0
ant.circle.fill	iOS=13.0	macOS=10.15	tvOS=13.0	visionOS=1.0	watchOS=6.0
ant.fill	iOS=13.0	macOS=10.15	tvOS=13.0	visionOS=1.0	watchOS=6.0
antenna.radiowaves.left.and.right	iOS=13.0	macOS=10.15	tvOS=13.0	visionOS=1.0	watchOS=6.0
app	iOS=13.0	macOS=10.15	tvOS=13.0	visionOS=1.0	watchOS=6.0
app.badge	iOS=13.0	macOS=10.15	tvOS=13.0	visionOS=1.0	watchOS=6.0
app.badge.fill	iOS=13.0	macOS=10.15	tvOS=13.0	visionOS=1.0	watchOS=6.0
app.fill	iOS=13.0	macOS=10.15	tvOS=13.0	visionOS=1.0	watchOS=6.0
app.gift	iOS=13.0	macOS=10.15	tvOS=13.0	visionOS=1.0	watchOS=6.0
app.gift.fill	iOS=13.0	macOS=10.15	tvOS=13.0	visionOS=1.0	watchOS=6.0
archivebox	iOS=13.0	macOS=10.15	tvOS=13.0	visionOS=1.0	watchOS=6.0
archivebox.fill	iOS=13.0	macOS=10.15	tvOS=13.0	visionOS=1.0	watchOS=6.0
arkit	iOS=13.0	macOS=10.15	tvOS=13.0	visionOS=1.0	watchOS=6.0
arrow.2.circlepath	iOS=13.0	macOS=10.15	tvOS=13.0	visionOS=1.0	watchOS=6.0
arrow.2.circlepath.circle	iOS=13.0	macOS=10.15	tvOS=13.0	visionOS=1.0	watchOS=6.0
arrow.2.circlepath.circle.fill	iOS=13.0	macOS=10.15	tvOS=13.0	visionOS=1.0	watchOS=6.0
arrow.2.squarepath	iOS=13.0	macOS=10.15	tvOS=13.0	visionOS=1.0	watchOS=6.0
arrow.3.trianglepath	iOS=13.0	macOS=10.15	tvOS=13.0	visionOS=1.0	watchOS=6.0
arrow.branch	iOS=13.0	macOS=10.15	tvOS=13.0	visionOS=1.0	watchOS=6.0
arrow.clockwise	iOS=13.0	macOS=10.15	tvOS=13.0	visionOS=1.0	watchOS=6.0
arrow.clockwise.circle	iOS=13.0	macOS=10.15	tvOS=13.0	visionOS=1.0	watchOS=6.0
arrow.clockwise.circle.fill	iOS=13.0	macOS=10.15	tvOS=13.0	visionOS=1.0	watchOS=6.0
arrow.clockwise.icloud	iOS=13.0	macOS=10.15	tvOS=13.0	visionOS=1.0	watchOS=6.0
arrow.clockwise.icloud.fill	iOS=13.0	macOS=10.15	tvOS=13.0	visionOS=1.0	watchOS=6.0
arrow.counterclockwise	iOS=13.0	macOS=10.15	tvOS=13.0	visionOS=1.0	watchOS=6.0
arrow.counterclockwise.circle	iOS=13.0	macOS=10.15	tvOS=13.0	visionOS=1.0	watchOS=6.0
arrow.counterclockwise.circle.fill	iOS=13.0	macOS=10.15	tvOS=13.0	visionOS=1.0	watchOS=6.0
arrow.counterclockwise.icloud	iOS=13.0	macOS=10.15	tvOS=13.0	visionOS=1.0	watchOS=6.0
arrow.counterclockwise.icloud.fill	iOS=13.0	macOS=10.15	tvOS=13.0	visionOS=1.0	watchOS=6.0
arrow.down	iOS=13.0	macOS=10.15	tvOS=13.0	visionOS=1.0	watchOS=6.0
arrow.down.circle	iOS=13.0	macOS=10.15	tvOS=13.0	visionOS=1.0	watchOS=6.0
arrow.down.circle.fill	iOS=13.0	macOS=10.15	tvOS=13.0	visionOS=1.0	watchOS=6.0
arrow.down.doc	iOS=13.0	macOS=10.15	tvOS=13.0	visionOS=1.0	watchOS=6.0
arrow.down.doc.fill	iOS=13.0	macOS=10.15	tvOS=13.0	visionOS=1.0	watchOS=6.0
arrow.down.left	iOS=13.0	macOS=10.15	tvOS=13.0	visionOS=1.0	watchOS=6.0
arrow.down.left.circle	iOS=13.0	macOS=10.15	tvOS=13.0	visionOS=1.0	watchOS=6.0
arrow.down.left.circle.fill	iOS=13.0	macOS=10.15	tvOS=13.0	visionOS=1.0	watchOS=6.0
arrow.down.left.square	iOS=13.0	macOS=10.15	tvOS=13.0	visionOS=1.0	watchOS=6.0
arrow.down.left.square.fill	iOS=13.0	macOS=10.15	tvOS=13.0	visionOS=1.0	watchOS=6.0
arrow.down.left.video	iOS=13.0	macOS=10.15	tvOS=13.0	visionOS=1.0	watchOS=6.0
arrow.down.left.video.fill	iOS=13.0	macOS=10.15	tvOS=13.0	visionOS=1.0	watchOS=6.0
arrow.down.right	iOS=13.0	macOS=10.15	tvOS=13.0	visionOS=1.0	watchOS=6.0
arrow.down.right.and.arrow.up.left	iOS=13.0	macOS=10.15	tvOS=13.0	visionOS=1.0	watchOS=6.0
arrow.down.right.circle	iOS=13.0	macOS=10.15	tvOS=13.0	visionOS=1.0	watchOS=6.0
arrow.down.right.circle.fill	iOS=13.0	macOS=10.15	tvOS=13.0	visionOS=1.0	watchOS=6.0
arrow.down.right.square	iOS=13.0	macOS=10.15	tvOS=13.0	visionOS=1.0	watchOS=6.0
arrow.down.right.square.fill	iOS=13.0	macOS=10.15	tvOS=13.0	visionOS=1.0	watchOS=6.0
arrow.down.square	iOS=13.0	macOS=10.15	tvOS=13.0	visionOS=1.0	watchOS=6.0
arrow.down.square.fill	iOS=13.0	macOS=10.15	tvOS=13.0	visionOS=1.0	watchOS=6.0
arrow.down.to.line	iOS=13.0	macOS=10.15	tvOS=13.0	visionOS=1.0	watchOS=6.0
arrow.down.to.line.alt	iOS=13.0	macOS=10.15	tvOS=13.0	visionOS=1.0	watchOS=6.0
arrow.left	iOS=13.0	macOS=10.15	tvOS=13.0	visionOS=1.0	watchOS=6.0
arrow.left.and.right	iOS=13.0	macOS=10.15	tvOS=13.0	visionOS=1.0	watchOS=6.0
arrow.left.and.right.circle	iOS=13.0	macOS=10.15	tvOS=13.0	visionOS=1.0	watchOS=6.0
arrow.left.and.right.circle.fill	iOS=13.0	macOS=10.15	tvOS=13.0	visionOS=1.0	watchOS=6.0
arrow.left.and.right.square	iOS=13.0	macOS=10.15	tvOS=13.0	visionOS=1.0	watchOS=6.0
arrow.left.and.right.square.fill	iOS=13.0	macOS=10.15	tvOS=13.0	visionOS=1.0	watchOS=6.0
arrow.left.circle	iOS=13.0	macOS=10.15	tvOS=13.0	visionOS=1.0	watchOS=6.0
arrow.left.circle.fill	iOS=13.0	macOS=10.15	tvOS=13.0	visionOS=1.0	watchOS=6.0
arrow.left.square	iOS=13.0	macOS=10.15	tvOS=13.0	visionOS=1.0	watchOS=6.0
arrow.left.square.fill	iOS=13.0	macOS=10.15	tvOS=13.0	visionOS=1.0	watchOS=6.0
arrow.left.to.line	iOS=13.0	macOS=10.15	tvOS=13.0	visionOS=1.0	watchOS=6.0
arrow.left.to.line.alt	iOS=13.0	macOS=10.15	tvOS=13.0	visionOS=1.0	watchOS=6.0
arrow.merge	iOS=13.0	macOS=10.15	tvOS=13.0	visionOS=1.0	watchOS=6.0
arrow.right	iOS=13.0	macOS=10.15	tvOS=13.0	visionOS=1.0	watchOS=6.0
arrow.right.arrow.left	iOS=13.0	macOS=10.15	tvOS=13.0	visionOS=1.0	watchOS=6.0
arrow.right.arrow.left.circle	iOS=13.0	macOS=10.15	tvOS=13.0	visionOS=1.0	watchOS=6.0
arrow.right.arrow.left.circle.fill	iOS=13.0	macOS=10.15	tvOS=13.0	visionOS=1.0	watchOS=6.0
arrow.right.arrow.left.square	iOS=13.0	macOS=10.15	tvOS=13.0	visionOS=1.0	watchOS=6.0
arrow.right.arrow.left.square.fill	iOS=13.0	macOS=10.15	tvOS=13.0	visionOS=1.0	watchOS=6.0
arrow.right.circle	iOS=13.0	macOS=10.15	tvOS=13.0	visionOS=1.0	watchOS=6.0
arrow.right.circle.fill	iOS=13.0	macOS=10.15	tvOS=13.0	visionOS=1.0	watchOS=6.0
arrow.right.square	iOS=13.0	macOS=10.15	tvOS=13.0	visionOS=1.0	watchOS=6.0
arrow.right.square.fill	iOS=13.0	macOS=10.15	tvOS=13.0	visionOS=1.0	watchOS=6.0
arrow.right.to.line	iOS=13.0	macOS=10.15	tvOS=13.0	visionOS=1.0	watchOS=6.0
arrow.right.to.line.alt	iOS=13.0	macOS=10.15	tvOS=13.0	visionOS=1.0	watchOS=6.0
arrow.swap	iOS=13.0	macOS=10.15	tvOS=13.0	visionOS=1.0	watchOS=6.0
arrow.turn.down.left	iOS=13.0	macOS=10.15	tvOS=13.0	visionOS=1.0	watchOS=6.0
arrow.turn.down.right	iOS=13.0	macOS=10.15	tvOS=13.0	visionOS=1.0	watchOS=6.0
arrow.turn.left.down	iOS=13.0	macOS=10.15	tvOS=13.0	visionOS=1.0	watchOS=6.0
arrow.turn.left.up	iOS=13.0	macOS=10.15	tvOS=13.0	visionOS=1.0	watchOS=6.0
arrow.turn.right.down	iOS=13.0	macOS=10.15	tvOS=13.0	visionOS=1.0	watchOS=6.0
arrow.turn.right.up	iOS=13.0	macOS=10.15	tvOS=13.0	visionOS=1.0	watchOS=6.0
arrow.turn.up.left	iOS=13.0	macOS=10.15	tvOS=13.0	visionOS=1.0	watchOS=6.0
arrow.turn.up.right	iOS=13.0	macOS=10.15	tvOS=13.0	visionOS=1.0	watchOS=6.0
arrow.up	iOS=13.0	macOS=10.15	tvOS=13.0	visionOS=1.0	watchOS=6.0
arrow.up.and.down	iOS=13.0	macOS=10.15	tvOS=13.0	visionOS=1.0	watchOS=6.0
arrow.up.and.down.circle	iOS=13.0	macOS=10.15	tvOS=13.0	visionOS=1.0	watchOS=6.0
arrow.up.and.down.circle.fill	iOS=13.0	macOS=10.15	tvOS=13.0	visionOS=1.0	watchOS=6.0
arrow.up.and.down.square	iOS=13.0	macOS=10.15	tvOS=13.0	visionOS=1.0	watchOS=6.0
arrow.up.and.down.square.fill	iOS=13.0	macOS=10.15	tvOS=13.0	visionOS=1.0	watchOS=6.0
arrow.up.arrow.down	iOS=13.0	macOS=10.15	tvOS=13.0	visionOS=1.0	watchOS=6.0
arrow.up.arrow.down.circle	iOS=13.0	macOS=10.15	tvOS=13.0	visionOS=1.0	watchOS=6.0
arrow.up.arrow.down.circle.fill	iOS=13.0	macOS=10.15	tvOS=13.0	visionOS=1.0	watchOS=6.0
arrow.up.arrow.down.square	iOS=13.0	macOS=10.15	tvOS=13.0	visionOS=1.0	watchOS=6.0
arrow.up.arrow.down.square.fill	iOS=13.0	macOS=10.15	tvOS=13.0	visionOS=1.0	watchOS=6.0
arrow.up.bin	iOS=13.0	macOS=10.15	tvOS=13.0	visionOS=1.0	watchOS=6.0
arrow.up.bin.fill	iOS=13.0	macOS=10.15	tvOS=13.0	visionOS=1.0	watchOS=6.0
arrow.up.circle	iOS=13.0	macOS=10.15	tvOS=13.0	visionOS=1.0	watchOS=6.0
arrow.up.circle.fill	iOS=13.0	macOS=10.15	tvOS=13.0	visionOS=1.0	watchOS=6.0
arrow.up.doc	iOS=13.0	macOS=10.15	tvOS=13.0	visionOS=1.0	watchOS=6.0
arrow.up.doc.fill	iOS=13.0	macOS=10.15	tvOS=13.0	visionOS=1.0	watchOS=6.0
arrow.up.left	iOS=13.0	macOS=10.15	tvOS=13.0	visionOS=1.0	watchOS=6.0
arrow.up.left.and.arrow.down.right	iOS=13.0	macOS=10.15	tvOS=13.0	visionOS=1.0	watchOS=6.0
arrow.up.left.circle	iOS=13.0	macOS=10.15	tvOS=13.0	visionOS=1.0	watchOS=6.0
arrow.up.left.circle.fill	iOS=13.0	macOS=10.15	tvOS=13.0	visionOS=1.0	watchOS=6.0
arrow.up.left.square	iOS=13.0	macOS=10.15	tvOS=13.0	visionOS=1.0	watchOS=6.0
arrow.up.left.square.fill	iOS=13.0	macOS=10.15	tvOS=13.0	visionOS=1.0	watchOS=6.0
arrow.up.right	iOS=13.0	macOS=10.15	tvOS=13.0	visionOS=1.0	watchOS=6.0
arrow.up.right.circle	iOS=13.0	macOS=10.15	tvOS=13.0	visionOS=1.0	watchOS=6.0
arrow.up.right.circle.fill	iOS=13.0	macOS=10.15	tvOS=13.0	visionOS=1.0	watchOS=6.0
arrow.up.right.diamond	iOS=13.0	macOS=10.15	tvOS=13.0	visionOS=1.0	watchOS=6.0
arrow.up.right.diamond.fill	iOS=13.0	macOS=10.15	tvOS=13.0	visionOS=1.0	watchOS=6.0
arrow.up.right.square	iOS=13.0	macOS=10.15	tvOS=13.0	visionOS=1.0	watchOS=6.0
arrow.up.right.square.fill	iOS=13.0	macOS=10.15	tvOS=13.0	visionOS=1.0	watchOS=6.0
arrow.up.right.video	iOS=13.0	macOS=10.15	tvOS=13.0	visionOS=1.0	watchOS=6.0
arrow.up.right.video.fill	iOS=13.0	macOS=10.15	tvOS=13.0	visionOS=1.0	watchOS=6.0
arrow.up.square	iOS=13.0	macOS=10.15	tvOS=13.0	visionOS=1.0	watchOS=6.0
arrow.up.square.fill	iOS=13.0	macOS=10.15	tvOS=13.0	visionOS=1.0	watchOS=6.0
arrow.up.to.line	iOS=13.0	macOS=10.15	tvOS=13.0	visionOS=1.0	watchOS=6.0
arrow.up.to.line.alt	iOS=13.0	macOS=10.15	tvOS=13.0	visionOS=1.0	watchOS=6.0
arrow.uturn.down	iOS=13.0	macOS=10.15	tvOS=13.0	visionOS=1.0	watchOS=6.0
arrow.uturn.down.circle	iOS=13.0	macOS=10.15	tvOS=13.0	visionOS=1.0	watchOS=6.0
arrow.uturn.down.circle.fill	iOS=13.0	macOS=10.15	tvOS=13.0	visionOS=1.0	watchOS=6.0
arrow.uturn.down.square	iOS=13.0	macOS=10.15	tvOS=13.0	visionOS=1.0	watchOS=6.0
arrow.uturn.down.square.fill	iOS=13.0	macOS=10.15	tvOS=13.0	visionOS=1.0	watchOS=6.0
arrow.uturn.left	iOS=13.0	macOS=10.15	tvOS=13.0	visionOS=1.0	watchOS=6.0
arrow.uturn.left.circle	iOS=13.0	macOS=10.15	tvOS=13.0	visionOS=1.0	watchOS=6.0
arrow.uturn.left.circle.fill	iOS=13.0	macOS=10.15	tvOS=13.0	visionOS=1.0	watchOS=6.0
arrow.uturn.left.square	iOS=13.0	macOS=10.15	tvOS=13.0	visionOS=1.0	watchOS=6.0
arrow.uturn.left.square.fill	iOS=13.0	macOS=10.15	tvOS=13.0	visionOS=1.0	watchOS=6.0
arrow.uturn.right	iOS=13.0	macOS=10.15	tvOS=13.0	visionOS=1.0	watchOS=6.0
arrow.uturn.right.circle	iOS=13.0	macOS=10.15	tvOS=13.0	visionOS=1.0	watchOS=6.0
arrow.uturn.right.circle.fill	iOS=13.0	macOS=10.15	tvOS=13.0	visionOS=1.0	watchOS=6.0
arrow.uturn.right.square	iOS=13.0	macOS=10.15	tvOS=13.0	visionOS=1.0	watchOS=6.0
arrow.uturn.right.square.fill	iOS=13.0	macOS=10.15	tvOS=13.0	visionOS=1.0	watchOS=6.0
arrow.uturn.up	iOS=13.0	macOS=10.15	tvOS=13.0	visionOS=1.0	watchOS=6.0
arrow.uturn.up.circle	iOS=13.0	macOS=10.15	tvOS=13.0	visionOS=1.0	watchOS=6.0
arrow.uturn.up.circle.fill	iOS=13.0	macOS=10.15	tvOS=13.0	visionOS=1.0	watchOS=6.0
arrow.uturn.up.square	iOS=13.0	macOS=10.15	tvOS=13.0	visionOS=1.0	watchOS=6.0
arrow.uturn.up.square.fill	iOS=13.0	macOS=10.15	tvOS=13.0	visionOS=1.0	watchOS=6.0
arrowshape.turn.up.left	iOS=13.0	macOS=10.15	tvOS=13.0	visionOS=1.0	watchOS=6.0
arrowshape.turn.up.left.2	iOS=13.0	macOS=10.15	tvOS=13.0	visionOS=1.0	watchOS=6.0
arrowshape.turn.up.left.2.fill	iOS=13.0	macOS=10.15	tvOS=13.0	visionOS=1.0	watchOS=6.0
arrowshape.turn.up.left.circle	iOS=13.0	macOS=10.15	tvOS=13.0	visionOS=1.0	watchOS=6.0
arrowshape.turn.up.left.circle.fill	iOS=13.0	macOS=10.15	tvOS=13.0	visionOS=1.0	watchOS=6.0
arrowshape.turn.up.left.fill	iOS=13.0	macOS=10.15	tvOS=13.0	visionOS=1.0	watchOS=6.0
arrowshape.turn.up.right	iOS=13.0	macOS=10.15	tvOS=13.0	visionOS=1.0	watchOS=6.0
arrowshape.turn.up.right.circle	iOS=13.0	macOS=10.15	tvOS=13.0	visionOS=1.0	watchOS=6.0
arrowshape.turn.up.right.circle.fill	iOS=13.0	macOS=10.15	tvOS=13.0	visionOS=1.0	watchOS=6.0
arrowshape.turn.up.right.fill	iOS=13.0	macOS=10.15	tvOS=13.0	visionOS=1.0	watchOS=6.0
arrowtriangle.down	iOS=13.0	macOS=10.15	tvOS=13.0	visionOS=1.0	watchOS=6.0
arrowtriangle.down.circle	iOS=13.0	macOS=10.15	tvOS=13.0	visionOS=1.0	watchOS=6.0
arrowtriangle.down.circle.fill	iOS=13.0	macOS=10.15	tvOS=13.0	visionOS=1.0	watchOS=6.0
arrowtriangle.down.fill	iOS=13.0	macOS=10.15	tvOS=13.0	visionOS=1.0	watchOS=6.0
arrowtriangle.down.square	iOS=13.0	macOS=10.15	tvOS=13.0	visionOS=1.0	watchOS=6.0
arrowtriangle.down.square.fill	iOS=13.0	macOS=10.15	tvOS=13.0	visionOS=1.0	watchOS=6.0
arrowtriangle.left	iOS=13.0	macOS=10.15	tvOS=13.0	visionOS=1.0	watchOS=6.0
arrowtriangle.left.circle	iOS=13.0	macOS=10.15	tvOS=13.0	visionOS=1.0	watchOS=6.0
arrowtriangle.left.circle.fill	iOS=13.0	macOS=10.15	tvOS=13.0	visionOS=1.0	watchOS=6.0
arrowtriangle.left.fill	iOS=13.0	macOS=10.15	tvOS=13.0	visionOS=1.0	watchOS=6.0
arrowtriangle.left.square	iOS=13.0	macOS=10.15	tvOS=13.0	visionOS=1.0	watchOS=6.0
arrowtriangle.left.square.fill	iOS=13.0	macOS=10.15	tvOS=13.0	visionOS=1.0	watchOS=6.0
arrowtriangle.right	iOS=13.0	macOS=10.15	tvOS=13.0	visionOS=1.0	watchOS=6.0
arrowtriangle.right.circle	iOS=13.0	macOS=10.15	tvOS=13.0	visionOS=1.0	watchOS=6.0
arrowtriangle.right.circle.fill	iOS=13.0	macOS=10.15	tvOS=13.0	visionOS=1.0	watchOS=6.0
arrowtriangle.right.fill	iOS=13.0	macOS=10.15	tvOS=13.0	visionOS=1.0	watchOS=6.0
arrowtriangle.right.square	iOS=13.0	macOS=10.15	tvOS=13.0	visionOS=1.0	watchOS=6.0
arrowtriangle.right.square.fill	iOS=13.0	macOS=10.15	tvOS=13.0	visionOS=1.0	watchOS=6.0
arrowtriangle.up	iOS=13.0	macOS=10.15	tvOS=13.0	visionOS=1.0	watchOS=6.0
arrowtriangle.up.circle	iOS=13.0	macOS=10.15	tvOS=13.0	visionOS=1.0	watchOS=6.0
arrowtriangle.up.circle.fill	iOS=13.0	macOS=10.15	tvOS=13.0	visionOS=1.0	watchOS=6.0
arrowtriangle.up.fill	iOS=13.0	macOS=10.15	tvOS=13.0	visionOS=1.0	watchOS=6.0
arrowtriangle.up.square	iOS=13.0	macOS=10.15	tvOS=13.0	visionOS=1.0	watchOS=6.0
arrowtriangle.up.square.fill	iOS=13.0	macOS=10.15	tvOS=13.0	visionOS=1.0	watchOS=6.0
asterisk.circle	iOS=13.0	macOS=10.15	tvOS=13.0	visionOS=1.0	watchOS=6.0
asterisk.circle.fill	iOS=13.0	macOS=10.15	tvOS=13.0	visionOS=1.0	watchOS=6.0
at	iOS=13.0	macOS=10.15	tvOS=13.0	visionOS=1.0	watchOS=6.0
at.badge.minus	iOS=13.0	macOS=10.15	tvOS=13.0	visionOS=1.0	watchOS=6.0
at.badge.plus	iOS=13.0	macOS=10.15	tvOS=13.0	visionOS=1.0	watchOS=6.0
australsign.circle	iOS=13.0	macOS=10.15	tvOS=13.0	visionOS=1.0	watchOS=6.0
australsign.circle.fill	iOS=13.0	macOS=10.15	tvOS=13.0	visionOS=1.0	watchOS=6.0
australsign.square	iOS=13.0	macOS=10.15	tvOS=13.0	visionOS=1.0	watchOS=6.0
australsign.square.fill	iOS=13.0	macOS=10.15	tvOS=13.0	visionOS=1.0	watchOS=6.0
b.circle	iOS=13.0	macOS=10.15	tvOS=13.0	visionOS=1.0	watchOS=6.0
b.circle.fill	iOS=13.0	macOS=10.15	tvOS=13.0	visionOS=1.0	watchOS=6.0
b.square	iOS=13.0	macOS=10.15	tvOS=13.0	visionOS=1.0	watchOS=6.0
b.square.fill	iOS=13.0	macOS=10.15	tvOS=13.0	visionOS=1.0	watchOS=6.0
backward	iOS=13.0	macOS=10.15	tvOS=13.0	visionOS=1.0	watchOS=6.0
backward.end	iOS=13.0	macOS=10.15	tvOS=13.0	visionOS=1.0	watchOS=6.0
backward.end.alt	iOS=13.0	macOS=10.15	tvOS=13.0	visionOS=1.0	watchOS=6.0
backward.end.alt.fill	iOS=13.0	macOS=10.15	tvOS=13.0	visionOS=1.0	watchOS=6.0
backward.end.fill	iOS=13.0	macOS=10.15	tvOS=13.0	visionOS=1.0	watchOS=6.0
backward.fill	iOS=13.0	macOS=10.15	tvOS=13.0	visionOS=1.0	watchOS=6.0
badge.plus.radiowaves.right	iOS=13.0	macOS=10.15	tvOS=13.0	visionOS=1.0	watchOS=6.0
bag	iOS=13.0	macOS=10.15	tvOS=13.0	visionOS=1.0	watchOS=6.0
bag.badge.minus	iOS=13.0	macOS=10.15	tvOS=13.0	visionOS=1.0	watchOS=6.0
bag.badge.plus	iOS=13.0	macOS=10.15	tvOS=13.0	visionOS=1.0	watchOS=6.0
bag.fill	iOS=13.0	macOS=10.15	tvOS=13.0	visionOS=1.0	watchOS=6.0
bag.fill.badge.minus	iOS=13.0	macOS=10.15	tvOS=13.0	visionOS=1.0	watchOS=6.0
bag.fill.badge.plus	iOS=13.0	macOS=10.15	tvOS=13.0	visionOS=1.0	watchOS=6.0
bahtsign.circle	iOS=13.0	macOS=10.15	tvOS=13.0	visionOS=1.0	watchOS=6.0
bahtsign.circle.fill	iOS=13.0	macOS=10.15	tvOS=13.0	visionOS=1.0	watchOS=6.0
bahtsign.square	iOS=13.0	macOS=10.15	tvOS=13.0	visionOS=1.0	watchOS=6.0
bahtsign.square.fill	iOS=13.0	macOS=10.15	tvOS=13.0	visionOS=1.0	watchOS=6.0
bandage	iOS=13.0	macOS=10.15	tvOS=13.0	visionOS=1.0	watchOS=6.0
bandage.fill	iOS=13.0	macOS=10.15	tvOS=13.0	visionOS=1.0	watchOS=6.0
barcode	iOS=13.0	macOS=10.15	tvOS=13.0	visionOS=1.0	watchOS=6.0
barcode.viewfinder	iOS=13.0	macOS=10.15	tvOS=13.0	visionOS=1.0	watchOS=6.0
battery.0	iOS=13.0	macOS=10.15	tvOS=13.0	visionOS=1.0	watchOS=6.0
battery.100	iOS=13.0	macOS=10.15	tvOS=13.0	visionOS=1.0	watchOS=6.0
battery.25	iOS=13.0	macOS=10.15	tvOS=13.0	visionOS=1.0	watchOS=6.0
bed.double	iOS=13.0	macOS=10.15	tvOS=13.0	visionOS=1.0	watchOS=6.0
bed.double.fill	iOS=13.0	macOS=10.15	tvOS=13.0	visionOS=1.0	watchOS=6.0
bell	iOS=13.0	macOS=10.15	tvOS=13.0	visionOS=1.0	watchOS=6.0
bell.circle	iOS=13.0	macOS=10.15	tvOS=13.0	visionOS=1.0	watchOS=6.0
bell.circle.fill	iOS=13.0	macOS=10.15	tvOS=13.0	visionOS=1.0	watchOS=6.0
bell.fill	iOS=13.0	macOS=10.15	tvOS=13.0	visionOS=1.0	watchOS=6.0
bell.slash	iOS=13.0	macOS=10.15	tvOS=13.0	visionOS=1.0	watchOS=6.0
bell.slash.fill	iOS=13.0	macOS=10.15	tvOS=13.0	visionOS=1.0	watchOS=6.0
bin.xmark	iOS=13.0	macOS=10.15	tvOS=13.0	visionOS=1.0	watchOS=6.0
bin.xmark.fill	iOS=13.0	macOS=10.15	tvOS=13.0	visionOS=1.0	watchOS=6.0
bitcoinsign.circle	iOS=13.0	macOS=10.15	tvOS=13.0	visionOS=1.0	watchOS=6.0
bitcoinsign.circle.fill	iOS=13.0	macOS=10.15	tvOS=13.0	visionOS=1.0	watchOS=6.0
bitcoinsign.square	iOS=13.0	macOS=10.15	tvOS=13.0	visionOS=1.0	watchOS=6.0
bitcoinsign.square.fill	iOS=13.0	macOS=10.15	tvOS=13.0	visionOS=1.0	watchOS=6.0
bold	iOS=13.0	macOS=10.15	tvOS=13.0	visionOS=1.0	watchOS=6.0
bold.italic.underline	iOS=13.0	macOS=10.15	tvOS=13.0	visionOS=1.0	watchOS=6.0
bold.underline	iOS=13.0	macOS=10.15	tvOS=13.0	visionOS=1.0	watchOS=6.0
bolt	iOS=13.0	macOS=10.15	tvOS=13.0	visionOS=1.0	watchOS=6.0
bolt.badge.a	iOS=13.0	macOS=10.15	tvOS=13.0	visionOS=1.0	watchOS=6.0
bolt.badge.a.fill	iOS=13.0	macOS=10.15	tvOS=13.0	visionOS=1.0	watchOS=6.0
bolt.circle	iOS=13.0	macOS=10.15	tvOS=13.0	visionOS=1.0	watchOS=6.0
bolt.circle.fill	iOS=13.0	macOS=10.15	tvOS=13.0	visionOS=1.0	watchOS=6.0
bolt.fill	iOS=13.0	macOS=10.15	tvOS=13.0	visionOS=1.0	watchOS=6.0
bolt.horizontal	iOS=13.0	macOS=10.15	tvOS=13.0	visionOS=1.0	watchOS=6.0
bolt.horizontal.circle	iOS=13.0	macOS=10.15	tvOS=13.0	visionOS=1.0	watchOS=6.0
bolt.horizontal.circle.fill	iOS=13.0	macOS=10.15	tvOS=13.0	visionOS=1.0	watchOS=6.0
bolt.horizontal.fill	iOS=13.0	macOS=10.15	tvOS=13.0	visionOS=1.0	watchOS=6.0
bolt.horizontal.icloud	iOS=13.0	macOS=10.15	tvOS=13.0	visionOS=1.0	watchOS=6.0
bolt.horizontal.icloud.fill	iOS=13.0	macOS=10.15	tvOS=13.0	visionOS=1.0	watchOS=6.0
bolt.slash	iOS=13.0	macOS=10.15	tvOS=13.0	visionOS=1.0	watchOS=6.0
bolt.slash.fill	iOS=13.0	macOS=10.15	tvOS=13.0	visionOS=1.0	watchOS=6.0
book	iOS=13.0	macOS=10.15	tvOS=13.0	visionOS=1.0	watchOS=6.0
book.circle	iOS=13.0	macOS=10.15	tvOS=13.0	visionOS=1.0	watchOS=6.0
book.circle.fill	iOS=13.0	macOS=10.15	tvOS=13.0	visionOS=1.0	watchOS=6.0
book.fill	iOS=13.0	macOS=10.15	tvOS=13.0	visionOS=1.0	watchOS=6.0
bookmark	iOS=13.0	macOS=10.15	tvOS=13.0	visionOS=1.0	watchOS=6.0
bookmark.fill	iOS=13.0	macOS=10.15	tvOS=13.0	visionOS=1.0	watchOS=6.0
briefcase	iOS=13.0	macOS=10.15	tvOS=13.0	visionOS=1.0	watchOS=6.0
briefcase.fill	iOS=13.0	macOS=10.15	tvOS=13.0	visionOS=1.0	watchOS=6.0
bubble.left	iOS=13.0	macOS=10.15	tvOS=13.0	visionOS=1.0	watchOS=6.0
bubble.left.and.bubble.right	iOS=13.0	macOS=10.15	tvOS=13.0	visionOS=1.0	watchOS=6.0
bubble.left.and.bubble.right.fill	iOS=13.0	macOS=10.15	tvOS=13.0	visionOS=1.0	watchOS=6.0
bubble.left.fill	iOS=13.0	macOS=10.15	tvOS=13.0	visionOS=1.0	watchOS=6.0
bubble.middle.bottom	iOS=13.0	macOS=10.15	tvOS=13.0	visionOS=1.0	watchOS=6.0
bubble.middle.bottom.fill	iOS=13.0	macOS=10.15	tvOS=13.0	visionOS=1.0	watchOS=6.0
bubble.middle.top	iOS=13.0	macOS=10.15	tvOS=13.0	visionOS=1.0	watchOS=6.0
bubble.middle.top.fill	iOS=13.0	macOS=10.15	tvOS=13.0	visionOS=1.0	watchOS=6.0
bubble.right	iOS=13.0	macOS=10.15	tvOS=13.0	visionOS=1.0	watchOS=6.0
bubble.right.fill	iOS=13.0	macOS=10.15	tvOS=13.0	visionOS=1.0	watchOS=6.0
burn	iOS=13.0	macOS=10.15	tvOS=13.0	visionOS=1.0	watchOS=6.0
burst	iOS=13.0	macOS=10.15	tvOS=13.0	visionOS=1.0	watchOS=6.0
burst.fill	iOS=13.0	macOS=10.15	tvOS=13.0	visionOS=1.0	watchOS=6.0
c.circle	iOS=13.0	macOS=10.15	tvOS=13.0	visionOS=1.0	watchOS=6.0
c.circle.fill	iOS=13.0	macOS=10.15	tvOS=13.0	visionOS=1.0	watchOS=6.0
c.square	iOS=13.0	macOS=10.15	tvOS=13.0	visionOS=1.0	watchOS=6.0
c.square.fill	iOS=13.0	macOS=10.15	tvOS=13.0	visionOS=1.0	watchOS=6.0
calendar	iOS=13.0	macOS=10.15	tvOS=13.0	visionOS=1.0	watchOS=6.0
calendar.badge.minus	iOS=13.0	macOS=10.15	tvOS=13.0	visionOS=1.0	watchOS=6.0
calendar.badge.plus	iOS=13.0	macOS=10.15	tvOS=13.0	visionOS=1.0	watchOS=6.0
calendar.circle	iOS=13.0	macOS=10.15	tvOS=13.0	visionOS=1.0	watchOS=6.0
calendar.circle.fill	iOS=13.0	macOS=10.15	tvOS=13.0	visionOS=1.0	watchOS=6.0
camera	iOS=13.0	macOS=10.15	tvOS=13.0	visionOS=1.0	watchOS=6.0
camera.circle	iOS=13.0	macOS=10.15	tvOS=13.0	visionOS=1.0	watchOS=6.0
camera.circle.fill	iOS=13.0	macOS=10.15	tvOS=13.0	visionOS=1.0	watchOS=6.0
camera.fill	iOS=13.0	macOS=10.15	tvOS=13.0	visionOS=1.0	watchOS=6.0
camera.on.rectangle	iOS=13.0	macOS=10.15	tvOS=13.0	visionOS=1.0	watchOS=6.0
camera.on.rectangle.fill	iOS=13.0	macOS=10.15	tvOS=13.0	visionOS=1.0	watchOS=6.0
camera.rotate	iOS=13.0	macOS=10.15	tvOS=13.0	visionOS=1.0	watchOS=6.0
camera.rotate.fill	iOS=13.0	macOS=10.15	tvOS=13.0	visionOS=1.0	watchOS=6.0
camera.viewfinder	iOS=13.0	macOS=10.15	tvOS=13.0	visionOS=1.0	watchOS=6.0
capslock	iOS=13.0	macOS=10.15	tvOS=13.0	visionOS=1.0	watchOS=6.0
capslock.fill	iOS=13.0	macOS=10.15	tvOS=13.0	visionOS=1.0	watchOS=6.0
capsule	iOS=13.0	macOS=10.15	tvOS=13.0	visionOS=1.0	watchOS=6.0
capsule.fill	iOS=13.0	macOS=10.15	tvOS=13.0	visionOS=1.0	watchOS=6.0
captions.bubble	iOS=13.0	macOS=10.15	tvOS=13.0	visionOS=1.0	watchOS=6.0
captions.bubble.fill	iOS=13.0	macOS=10.15	tvOS=13.0	visionOS=1.0	watchOS=6.0
car.fill	iOS=13.0	macOS=10.15	tvOS=13.0	visionOS=1.0	watchOS=6.0
cart	iOS=13.0	macOS=10.15	tvOS=13.0	visionOS=1.0	watchOS=6.0
cart.badge.minus	iOS=13.0	macOS=10.15	tvOS=13.0	visionOS=1.0	watchOS=6.0
cart.badge.plus	iOS=13.0	macOS=10.15	tvOS=13.0	visionOS=1.0	watchOS=6.0
cart.fill	iOS=13.0	macOS=10.15	tvOS=13.0	visionOS=1.0	watchOS=6.0
cart.fill.badge.minus	iOS=13.0	macOS=10.15	tvOS=13.0	visionOS=1.0	watchOS=6.0
cart.fill.badge.plus	iOS=13.0	macOS=10.15	tvOS=13.0	visionOS=1.0	watchOS=6.0
cedisign.circle	iOS=13.0	macOS=10.15	tvOS=13.0	visionOS=1.0	watchOS=6.0
cedisign.circle.fill	iOS=13.0	macOS=10.15	tvOS=13.0	visionOS=1.0	watchOS=6.0
cedisign.square	iOS=13.0	macOS=10.15	tvOS=13.0	visionOS=1.0	watchOS=6.0
cedisign.square.fill	iOS=13.0	macOS=10.15	tvOS=13.0	visionOS=1.0	watchOS=6.0
centsign.circle	iOS=13.0	macOS=10.15	tvOS=13.0	visionOS=1.0	watchOS=6.0
centsign.circle.fill	iOS=13.0	macOS=10.15	tvOS=13.0	visionOS=1.0	watchOS=6.0
centsign.square	iOS=13.0	macOS=10.15	tvOS=13.0	visionOS=1.0	watchOS=6.0
centsign.square.fill	iOS=13.0	macOS=10.15	tvOS=13.0	visionOS=1.0	watchOS=6.0
chart.bar	iOS=13.0	macOS=10.15	tvOS=13.0	visionOS=1.0	watchOS=6.0
chart.bar.fill	iOS=13.0	macOS=10.15	tvOS=13.0	visionOS=1.0	watchOS=6.0
chart.pie	iOS=13.0	macOS=10.15	tvOS=13.0	visionOS=1.0	watchOS=6.0
chart.pie.fill	iOS=13.0	macOS=10.15	tvOS=13.0	visionOS=1.0	watchOS=6.0
checkmark	iOS=13.0	macOS=10.15	tvOS=13.0	visionOS=1.0	watchOS=6.0
checkmark.circle	iOS=13.0	macOS=10.15	tvOS=13.0	visionOS=1.0	watchOS=6.0
checkmark.circle.fill	iOS=13.0	macOS=10.15	tvOS=13.0	visionOS=1.0	watchOS=6.0
checkmark.rectangle	iOS=13.0	macOS=10.15	tvOS=13.0	visionOS=1.0	watchOS=6.0
checkmark.rectangle.fill	iOS=13.0	macOS=10.15	tvOS=13.0	visionOS=1.0	watchOS=6.0
checkmark.seal	iOS=13.0	macOS=10.15	tvOS=13.0	visionOS=1.0	watchOS=6.0
checkmark.seal.fill	iOS=13.0	macOS=10.15	tvOS=13.0	visionOS=1.0	watchOS=6.0
checkmark.shield	iOS=13.0	macOS=10.15	tvOS=13.0	visionOS=1.0	watchOS=6.0
checkmark.shield.fill	iOS=13.0	macOS=10.15	tvOS=13.0	visionOS=1.0	watchOS=6.0
checkmark.square	iOS=13.0	macOS=10.15	tvOS=13.0	visionOS=1.0	watchOS=6.0
checkmark.square.fill	iOS=13.0	macOS=10.15	tvOS=13.0	visionOS=1.0	watchOS=6.0
chevron.compact.down	iOS=13.0	macOS=10.15	tvOS=13.0	visionOS=1.0	watchOS=6.0
chevron.compact.left	iOS=13.0	macOS=10.15	tvOS=13.0	visionOS=1.0	watchOS=6.0
chevron.compact.right	iOS=13.0	macOS=10.15	tvOS=13.0	visionOS=1.0	watchOS=6.0
chevron.compact.up	iOS=13.0	macOS=10.15	tvOS=13.0	visionOS=1.0	watchOS=6.0
chevron.down	iOS=13.0	macOS=10.15	tvOS=13.0	visionOS=1.0	watchOS=6.0
chevron.down.circle	iOS=13.0	macOS=10.15	tvOS=13.0	visionOS=1.0	watchOS=6.0
chevron.down.circle.fill	iOS=13.0	macOS=10.15	tvOS=13.0	visionOS=1.0	watchOS=6.0
chevron.down.square	iOS=13.0	macOS=10.15	tvOS=13.0	visionOS=1.0	watchOS=6.0
chevron.down.square.fill	iOS=13.0	macOS=10.15	tvOS=13.0	visionOS=1.0	watchOS=6.0
chevron.left	iOS=13.0	macOS=10.15	tvOS=13.0	visionOS=1.0	watchOS=6.0
chevron.left.2	iOS=13.0	macOS=10.15	tvOS=13.0	visionOS=1.0	watchOS=6.0
chevron.left.circle	iOS=13.0	macOS=10.15	tvOS=13.0	visionOS=1.0	watchOS=6.0
chevron.left.circle.fill	iOS=13.0	macOS=10.15	tvOS=13.0	visionOS=1.0	watchOS=6.0
chevron.left.slash.chevron.right	iOS=13.0	macOS=10.15	tvOS=13.0	visionOS=1.0	watchOS=6.0
chevron.left.square	iOS=13.0	macOS=10.15	tvOS=13.0	visionOS=1.0	watchOS=6.0
chevron.left.square.fill	iOS=13.0	macOS=10.15	tvOS=13.0	visionOS=1.0	watchOS=6.0
chevron.right	iOS=13.0	macOS=10.15	tvOS=13.0	visionOS=1.0	watchOS=6.0
chevron.right.2	iOS=13.0	macOS=10.15	tvOS=13.0	visionOS=1.0	watchOS=6.0
chevron.right.circle	iOS=13.0	macOS=10.15	tvOS=13.0	visionOS=1.0	watchOS=6.0
chevron.right.circle.fill	iOS=13.0	macOS=10.15	tvOS=13.0	visionOS=1.0	watchOS=6.0
chevron.right.square	iOS=13.0	macOS=10.15	tvOS=13.0	visionOS=1.0	watchOS=6.0
chevron.right.square.fill	iOS=13.0	macOS=10.15	tvOS=13.0	visionOS=1.0	watchOS=6.0
chevron.up	iOS=13.0	macOS=10.15	tvOS=13.0	visionOS=1.0	watchOS=6.0
chevron.up.chevron.down	iOS=13.0	macOS=10.15	tvOS=13.0	visionOS=1.0	watchOS=6.0
chevron.up.circle	iOS=13.0	macOS=10.15	tvOS=13.0	visionOS=1.0	watchOS=6.0
chevron.up.circle.fill	iOS=13.0	macOS=10.15	tvOS=13.0	visionOS=1.0	watchOS=6.0
chevron.up.square	iOS=13.0	macOS=10.15	tvOS=13.0	visionOS=1.0	watchOS=6.0
chevron.up.square.fill	iOS=13.0	macOS=10.15	tvOS=13.0	visionOS=1.0	watchOS=6.0
circle	iOS=13.0	macOS=10.15	tvOS=13.0	visionOS=1.0	watchOS=6.0
circle.bottomthird.split	iOS=13.0	macOS=10.15	tvOS=13.0	visionOS=1.0	watchOS=6.0
circle.fill	iOS=13.0	macOS=10.15	tvOS=13.0	visionOS=1.0	watchOS=6.0
circle.grid.3x3	iOS=13.0	macOS=10.15	tvOS=13.0	visionOS=1.0	watchOS=6.0
circle.grid.3x3.fill	iOS=13.0	macOS=10.15	tvOS=13.0	visionOS=1.0	watchOS=6.0
circle.grid.hex	iOS=13.0	macOS=10.15	tvOS=13.0	visionOS=1.0	watchOS=6.0
circle.grid.hex.fill	iOS=13.0	macOS=10.15	tvOS=13.0	visionOS=1.0	watchOS=6.0
circle.lefthalf.fill	iOS=13.0	macOS=10.15	tvOS=13.0	visionOS=1.0	watchOS=6.0
circle.righthalf.fill	iOS=13.0	macOS=10.15	tvOS=13.0	visionOS=1.0	watchOS=6.0
clear	iOS=13.0	macOS=10.15	tvOS=13.0	visionOS=1.0	watchOS=6.0
clear.fill	iOS=13.0	macOS=10.15	tvOS=13.0	visionOS=1.0	watchOS=6.0
clock	iOS=13.0	macOS=10.15	tvOS=13.0	visionOS=1.0	watchOS=6.0
clock.fill	iOS=13.0	macOS=10.15	tvOS=13.0	visionOS=1.0	watchOS=6.0
cloud	iOS=13.0	macOS=10.15	tvOS=13.0	visionOS=1.0	watchOS=6.0
cloud.bolt	iOS=13.0	macOS=10.15	tvOS=13.0	visionOS=1.0	watchOS=6.0
cloud.bolt.fill	iOS=13.0	macOS=10.15	tvOS=13.0	visionOS=1.0	watchOS=6.0
cloud.bolt.rain	iOS=13.0	macOS=10.15	tvOS=13.0	visionOS=1.0	watchOS=6.0
cloud.bolt.rain.fill	iOS=13.0	macOS=10.15	tvOS=13.0	visionOS=1.0	watchOS=6.0
cloud.drizzle	iOS=13.0	macOS=10.15	tvOS=13.0	visionOS=1.0	watchOS=6.0
cloud.drizzle.fill	iOS=13.0	macOS=10.15	tvOS=13.0	visionOS=1.0	watchOS=6.0
cloud.fill	iOS=13.0	macOS=10.15	tvOS=13.0	visionOS=1.0	watchOS=6.0
cloud.fog	iOS=13.0	macOS=10.15	tvOS=13.0	visionOS=1.0	watchOS=6.0
cloud.fog.fill	iOS=13.0	macOS=10.15	tvOS=13.0	visionOS=1.0	watchOS=6.0
cloud.hail	iOS=13.0	macOS=10.15	tvOS=13.0	visionOS=1.0	watchOS=6.0
cloud.hail.fill	iOS=13.0	macOS=10.15	tvOS=13.0	visionOS=1.0	watchOS=6.0
cloud.heavyrain	iOS=13.0	macOS=10.15	tvOS=13.0	visionOS=1.0	watchOS=6.0
cloud.heavyrain.fill	iOS=13.0	macOS=10.15	tvOS=13.0	visionOS=1.0	watchOS=6.0
cloud.moon	iOS=13.0	macOS=10.15	tvOS=13.0	visionOS=1.0	watchOS=6.0
cloud.moon.bolt	iOS=13.0	macOS=10.15	tvOS=13.0	visionOS=1.0	watchOS=6.0
cloud.moon.bolt.fill	iOS=13.0	macOS=10.15	tvOS=13.0	visionOS=1.0	watchOS=6.0
cloud.moon.fill	iOS=13.0	macOS=10.15	tvOS=13.0	visionOS=1.0	watchOS=6.0
cloud.moon.rain	iOS=13.0	macOS=10.15	tvOS=13.0	visionOS=1.0	watchOS=6.0
cloud.moon.rain.fill	iOS=13.0	macOS=10.15	tvOS=13.0	visionOS=1.0	watchOS=6.0
cloud.rain	iOS=13.0	macOS=10.15	tvOS=13.0	visionOS=1.0	watchOS=6.0
cloud.rain.fill	iOS=13.0	macOS=10.15	tvOS=13.0	visionOS=1.0	watchOS=6.0
cloud.sleet	iOS=13.0	macOS=10.15	tvOS=13.0	visionOS=1.0	watchOS=6.0
cloud.sleet.fill	iOS=13.0	macOS=10.15	tvOS=13.0	visionOS=1.0	watchOS=6.0
cloud.snow	iOS=13.0	macOS=10.15	tvOS=13.0	visionOS=1.0	watchOS=6.0
cloud.snow.fill	iOS=13.0	macOS=10.15	tvOS=13.0	visionOS=1.0	watchOS=6.0
cloud.sun	iOS=13.0	macOS=10.15	tvOS=13.0	visionOS=1.0	watchOS=6.0
cloud.sun.bolt	iOS=13.0	macOS=10.15	tvOS=13.0	visionOS=1.0	watchOS=6.0
cloud.sun.bolt.fill	iOS=13.0	macOS=10.15	tvOS=13.0	visionOS=1.0	watchOS=6.0
cloud.sun.fill	iOS=13.0	macOS=10.15	tvOS=13.0	visionOS=1.0	watchOS=6.0
cloud.sun.rain	iOS=13.0	macOS=10.15	tvOS=13.0	visionOS=1.0	watchOS=6.0
cloud.sun.rain.fill	iOS=13.0	macOS=10.15	tvOS=13.0	visionOS=1.0	watchOS=6.0
coloncurrencysign.circle	iOS=13.0	macOS=10.15	tvOS=13.0	visionOS=1.0	watchOS=6.0
coloncurrencysign.circle.fill	iOS=13.0	macOS=10.15	tvOS=13.0	visionOS=1.0	watchOS=6.0
coloncurrencysign.square	iOS=13.0	macOS=10.15	tvOS=13.0	visionOS=1.0	watchOS=6.0
coloncurrencysign.square.fill	iOS=13.0	macOS=10.15	tvOS=13.0	visionOS=1.0	watchOS=6.0
command	iOS=13.0	macOS=10.15	tvOS=13.0	visionOS=1.0	watchOS=6.0
control	iOS=13.0	macOS=10.15	tvOS=13.0	visionOS=1.0	watchOS=6.0
creditcard	iOS=13.0	macOS=10.15	tvOS=13.0	visionOS=1.0	watchOS=6.0
creditcard.fill	iOS=13.0	macOS=10.15	tvOS=13.0	visionOS=1.0	watchOS=6.0
crop	iOS=13.0	macOS=10.15	tvOS=13.0	visionOS=1.0	watchOS=6.0
crop.rotate	iOS=13.0	macOS=10.15	tvOS=13.0	visionOS=1.0	watchOS=6.0
cruzeirosign.circle	iOS=13.0	macOS=10.15	tvOS=13.0	visionOS=1.0	watchOS=6.0
cruzeirosign.circle.fill	iOS=13.0	macOS=10.15	tvOS=13.0	visionOS=1.0	watchOS=6.0
cruzeirosign.square	iOS=13.0	macOS=10.15	tvOS=13.0	visionOS=1.0	watchOS=6.0
cruzeirosign.square.fill	iOS=13.0	macOS=10.15	tvOS=13.0	visionOS=1.0	watchOS=6.0
cube	iOS=13.0	macOS=10.15	tvOS=13.0	visionOS=1.0	watchOS=6.0
cube.box	iOS=13.0	macOS=10.15	tvOS=13.0	visionOS=1.0	watchOS=6.0
cube.box.fill	iOS=13.0	macOS=10.15	tvOS=13.0	visionOS=1.0	watchOS=6.0
cube.fill	iOS=13.0	macOS=10.15	tvOS=13.0	visionOS=1.0	watchOS=6.0
cursor.rays	iOS=13.0	macOS=10.15	tvOS=13.0	visionOS=1.0	watchOS=6.0
d.circle	iOS=13.0	macOS=10.15	tvOS=13.0	visionOS=1.0	watchOS=6.0
d.circle.fill	iOS=13.0	macOS=10.15	tvOS=13.0	visionOS=1.0	watchOS=6.0
d.square	iOS=13.0	macOS=10.15	tvOS=13.0	visionOS=1.0	watchOS=6.0
d.square.fill	iOS=13.0	macOS=10.15	tvOS=13.0	visionOS=1.0	watchOS=6.0
decrease.indent	iOS=13.0	macOS=10.15	tvOS=13.0	visionOS=1.0	watchOS=6.0
decrease.quotelevel	iOS=13.0	macOS=10.15	tvOS=13.0	visionOS=1.0	watchOS=6.0
delete.left	iOS=13.0	macOS=10.15	tvOS=13.0	visionOS=1.0	watchOS=6.0
delete.left.fill	iOS=13.0	macOS=10.15	tvOS=13.0	visionOS=1.0	watchOS=6.0
delete.right	iOS=13.0	macOS=10.15	tvOS=13.0	visionOS=1.0	watchOS=6.0
delete.right.fill	iOS=13.0	macOS=10.15	tvOS=13.0	visionOS=1.0	watchOS=6.0
desktopcomputer	iOS=13.0	macOS=10.15	tvOS=13.0	visionOS=1.0	watchOS=6.0
dial	iOS=13.0	macOS=10.15	tvOS=13.0	visionOS=1.0	watchOS=6.0
dial.fill	iOS=13.0	macOS=10.15	tvOS=13.0	visionOS=1.0	watchOS=6.0
divide	iOS=13.0	macOS=10.15	tvOS=13.0	visionOS=1.0	watchOS=6.0
divide.circle	iOS=13.0	macOS=10.15	tvOS=13.0	visionOS=1.0	watchOS=6.0
divide.circle.fill	iOS=13.0	macOS=10.15	tvOS=13.0	visionOS=1.0	watchOS=6.0
divide.square	iOS=13.0	macOS=10.15	tvOS=13.0	visionOS=1.0	watchOS=6.0
divide.square.fill	iOS=13.0	macOS=10.15	tvOS=13.0	visionOS=1.0	watchOS=6.0
doc	iOS=13.0	macOS=10.15	tvOS=13.0	visionOS=1.0	watchOS=6.0
doc.append	iOS=13.0	macOS=10.15	tvOS=13.0	visionOS=1.0	watchOS=6.0
doc.circle	iOS=13.0	macOS=10.15	tvOS=13.0	visionOS=1.0	watchOS=6.0
doc.circle.fill	iOS=13.0	macOS=10.15	tvOS=13.0	visionOS=1.0	watchOS=6.0
doc.fill	iOS=13.0	macOS=10.15	tvOS=13.0	visionOS=1.0	watchOS=6.0
doc.on.clipboard	iOS=13.0	macOS=10.15	tvOS=13.0	visionOS=1.0	watchOS=6.0
doc.on.clipboard.fill	iOS=13.0	macOS=10.15	tvOS=13.0	visionOS=1.0	watchOS=6.0
doc.on.doc	iOS=13.0	macOS=10.15	tvOS=13.0	visionOS=1.0	watchOS=6.0
doc.on.doc.fill	iOS=13.0	macOS=10.15	tvOS=13.0	visionOS=1.0	watchOS=6.0
doc.plaintext	iOS=13.0	macOS=10.15	tvOS=13.0	visionOS=1.0	watchOS=6.0
doc.richtext	iOS=13.0	macOS=10.15	tvOS=13.0	visionOS=1.0	watchOS=6.0
doc.text	iOS=13.0	macOS=10.15	tvOS=13.0	visionOS=1.0	watchOS=6.0
doc.text.fill	iOS=13.0	macOS=10.15	tvOS=13.0	visionOS=1.0	watchOS=6.0
doc.text.magnifyingglass	iOS=13.0	macOS=10.15	tvOS=13.0	visionOS=1.0	watchOS=6.0
doc.text.viewfinder	iOS=13.0	macOS=10.15	tvOS=13.0	visionOS=1.0	watchOS=6.0
dollarsign.circle	iOS=13.0	macOS=10.15	tvOS=13.0	visionOS=1.0	watchOS=6.0
dollarsign.circle.fill	iOS=13.0	macOS=10.15	tvOS=13.0	visionOS=1.0	watchOS=6.0
dollarsign.square	iOS=13.0	macOS=10.15	tvOS=13.0	visionOS=1.0	watchOS=6.0
dollarsign.square.fill	iOS=13.0	macOS=10.15	tvOS=13.0	visionOS=1.0	watchOS=6.0
dongsign.circle	iOS=13.0	macOS=10.15	tvOS=13.0	visionOS=1.0	watchOS=6.0
dongsign.circle.fill	iOS=13.0	macOS=10.15	tvOS=13.0	visionOS=1.0	watchOS=6.0
dongsign.square	iOS=13.0	macOS=10.15	tvOS=13.0	visionOS=1.0	watchOS=6.0
dongsign.square.fill	iOS=13.0	macOS=10.15	tvOS=13.0	visionOS=1.0	watchOS=6.0
dot.radiowaves.left.and.right	iOS=13.0	macOS=10.15	tvOS=13.0	visionOS=1.0	watchOS=6.0
dot.radiowaves.right	iOS=13.0	macOS=10.15	tvOS=13.0	visionOS=1.0	watchOS=6.0
dot.square	iOS=13.0	macOS=10.15	tvOS=13.0	visionOS=1.0	watchOS=6.0
dot.square.fill	iOS=13.0	macOS=10.15	tvOS=13.0	visionOS=1.0	watchOS=6.0
drop.triangle	iOS=13.0	macOS=10.15	tvOS=13.0	visionOS=1.0	watchOS=6.0
drop.triangle.fill	iOS=13.0	macOS=10.15	tvOS=13.0	visionOS=1.0	watchOS=6.0
e.circle	iOS=13.0	macOS=10.15	tvOS=13.0	visionOS=1.0	watchOS=6.0
e.circle.fill	iOS=13.0	macOS=10.15	tvOS=13.0	visionOS=1.0	watchOS=6.0
e.square	iOS=13.0	macOS=10.15	tvOS=13.0	visionOS=1.0	watchOS=6.0
e.square.fill	iOS=13.0	macOS=10.15	tvOS=13.0	visionOS=1.0	watchOS=6.0
ear	iOS=13.0	macOS=10.15	tvOS=13.0	visionOS=1.0	watchOS=6.0
eject	iOS=13.0	macOS=10.15	tvOS=13.0	visionOS=1.0	watchOS=6.0
eject.fill	iOS=13.0	macOS=10.15	tvOS=13.0	visionOS=1.0	watchOS=6.0
ellipses.bubble	iOS=13.0	macOS=10.15	tvOS=13.0	visionOS=1.0	watchOS=6.0
ellipses.bubble.fill	iOS=13.0	macOS=10.15	tvOS=13.0	visionOS=1.0	watchOS=6.0
ellipsis	iOS=13.0	macOS=10.15	tvOS=13.0	visionOS=1.0	watchOS=6.0
ellipsis.circle	iOS=13.0	macOS=10.15	tvOS=13.0	visionOS=1.0	watchOS=6.0
ellipsis.circle.fill	iOS=13.0	macOS=10.15	tvOS=13.0	visionOS=1.0	watchOS=6.0
envelope	iOS=13.0	macOS=10.15	tvOS=13.0	visionOS=1.0	watchOS=6.0
envelope.badge	iOS=13.0	macOS=10.15	tvOS=13.0	visionOS=1.0	watchOS=6.0
envelope.badge.fill	iOS=13.0	macOS=10.15	tvOS=13.0	visionOS=1.0	watchOS=6.0
envelope.circle	iOS=13.0	macOS=10.15	tvOS=13.0	visionOS=1.0	watchOS=6.0
envelope.circle.fill	iOS=13.0	macOS=10.15	tvOS=13.0	visionOS=1.0	watchOS=6.0
envelope.fill	iOS=13.0	macOS=10.15	tvOS=13.0	visionOS=1.0	watchOS=6.0
envelope.open	iOS=13.0	macOS=10.15	tvOS=13.0	visionOS=1.0	watchOS=6.0
envelope.open.fill	iOS=13.0	macOS=10.15	tvOS=13.0	visionOS=1.0	watchOS=6.0
equal	iOS=13.0	macOS=10.15	tvOS=13.0	visionOS=1.0	watchOS=6.0
equal.circle	iOS=13.0	macOS=10.15	tvOS=13.0	visionOS=1.0	watchOS=6.0
equal.circle.fill	iOS=13.0	macOS=10.15	tvOS=13.0	visionOS=1.0	watchOS=6.0
equal.square	iOS=13.0	macOS=10.15	tvOS=13.0	visionOS=1.0	watchOS=6.0
equal.square.fill	iOS=13.0	macOS=10.15	tvOS=13.0	visionOS=1.0	watchOS=6.0
escape	iOS=13.0	macOS=10.15	tvOS=13.0	visionOS=1.0	watchOS=6.0
eurosign.circle	iOS=13.0	macOS=10.15	tvOS=13.0	visionOS=1.0	watchOS=6.0
eurosign.circle.fill	iOS=13.0	macOS=10.15	tvOS=13.0	visionOS=1.0	watchOS=6.0
eurosign.square	iOS=13.0	macOS=10.15	tvOS=13.0	visionOS=1.0	watchOS=6.0
eurosign.square.fill	iOS=13.0	macOS=10.15	tvOS=13.0	visionOS=1.0	watchOS=6.0
exclamationmark	iOS=13.0	macOS=10.15	tvOS=13.0	visionOS=1.0	watchOS=6.0
exclamationmark.bubble	iOS=13.0	macOS=10.15	tvOS=13.0	visionOS=1.0	watchOS=6.0
exclamationmark.bubble.fill	iOS=13.0	macOS=10.15	tvOS=13.0	visionOS=1.0	watchOS=6.0
exclamationmark.circle	iOS=13.0	macOS=10.15	tvOS=13.0	visionOS=1.0	watchOS=6.0
exclamationmark.circle.fill	iOS=13.0	macOS=10.15	tvOS=13.0	visionOS=1.0	watchOS=6.0
exclamationmark.icloud	iOS=13.0	macOS=10.15	tvOS=13.0	visionOS=1.0	watchOS=6.0
exclamationmark.icloud.fill	iOS=13.0	macOS=10.15	tvOS=13.0	visionOS=1.0	watchOS=6.0
exclamationmark.octagon	iOS=13.0	macOS=10.15	tvOS=13.0	visionOS=1.0	watchOS=6.0
exclamationmark.octagon.fill	iOS=13.0	macOS=10.15	tvOS=13.0	visionOS=1.0	watchOS=6.0
exclamationmark.shield	iOS=13.0	macOS=10.15	tvOS=13.0	visionOS=1.0	watchOS=6.0
exclamationmark.shield.fill	iOS=13.0	macOS=10.15	tvOS=13.0	visionOS=1.0	watchOS=6.0
exclamationmark.square	iOS=13.0	macOS=10.15	tvOS=13.0	visionOS=1.0	watchOS=6.0
exclamationmark.square.fill	iOS=13.0	macOS=10.15	tvOS=13.0	visionOS=1.0	watchOS=6.0
exclamationmark.triangle	iOS=13.0	macOS=10.15	tvOS=13.0	visionOS=1.0	watchOS=6.0
exclamationmark.triangle.fill	iOS=13.0	macOS=10.15	tvOS=13.0	visionOS=1.0	watchOS=6.0
eye	iOS=13.0	macOS=10.15	tvOS=13.0	visionOS=1.0	watchOS=6.0
eye.fill	iOS=13.0	macOS=10.15	tvOS=13.0	visionOS=1.0	watchOS=6.0
eye.slash	iOS=13.0	macOS=10.15	tvOS=13.0	visionOS=1.0	watchOS=6.0
eye.slash.fill	iOS=13.0	macOS=10.15	tvOS=13.0	visionOS=1.0	watchOS=6.0
eyedropper	iOS=13.0	macOS=10.15	tvOS=13.0	visionOS=1.0	watchOS=6.0
eyedropper.full	iOS=13.0	macOS=10.15	tvOS=13.0	visionOS=1.0	watchOS=6.0
eyedropper.halffull	iOS=13.0	macOS=10.15	tvOS=13.0	visionOS=1.0	watchOS=6.0
eyeglasses	iOS=13.0	macOS=10.15	tvOS=13.0	visionOS=1.0	watchOS=6.0
f.circle	iOS=13.0	macOS=10.15	tvOS=13.0	visionOS=1.0	watchOS=6.0
f.circle.fill	iOS=13.0	macOS=10.15	tvOS=13.0	visionOS=1.0	watchOS=6.0
f.cursive	iOS=13.0	macOS=10.15	tvOS=13.0	visionOS=1.0	watchOS=6.0
f.cursive.circle	iOS=13.0	macOS=10.15	tvOS=13.0	visionOS=1.0	watchOS=6.0
f.cursive.circle.fill	iOS=13.0	macOS=10.15	tvOS=13.0	visionOS=1.0	watchOS=6.0
f.square	iOS=13.0	macOS=10.15	tvOS=13.0	visionOS=1.0	watchOS=6.0
f.square.fill	iOS=13.0	macOS=10.15	tvOS=13.0	visionOS=1.0	watchOS=6.0
faceid	iOS=13.0	macOS=10.15	tvOS=13.0	visionOS=1.0	watchOS=6.0
film	iOS=13.0	macOS=10.15	tvOS=13.0	visionOS=1.0	watchOS=6.0
film.fill	iOS=13.0	macOS=10.15	tvOS=13.0	visionOS=1.0	watchOS=6.0
flag	iOS=13.0	macOS=10.15	tvOS=13.0	visionOS=1.0	watchOS=6.0
flag.circle	iOS=13.0	macOS=10.15	tvOS=13.0	visionOS=1.0	watchOS=6.0
flag.circle.fill	iOS=13.0	macOS=10.15	tvOS=13.0	visionOS=1.0	watchOS=6.0
flag.fill	iOS=13.0	macOS=10.15	tvOS=13.0	visionOS=1.0	watchOS=6.0
flag.slash	iOS=13.0	macOS=10.15	tvOS=13.0	visionOS=1.0	watchOS=6.0
flag.slash.fill	iOS=13.0	macOS=10.15	tvOS=13.0	visionOS=1.0	watchOS=6.0
flame	iOS=13.0	macOS=10.15	tvOS=13.0	visionOS=1.0	watchOS=6.0
flame.fill	iOS=13.0	macOS=10.15	tvOS=13.0	visionOS=1.0	watchOS=6.0
florinsign.circle	iOS=13.0	macOS=10.15	tvOS=13.0	visionOS=1.0	watchOS=6.0
florinsign.circle.fill	iOS=13.0	macOS=10.15	tvOS=13.0	visionOS=1.0	watchOS=6.0
florinsign.square	iOS=13.0	macOS=10.15	tvOS=13.0	visionOS=1.0	watchOS=6.0
florinsign.square.fill	iOS=13.0	macOS=10.15	tvOS=13.0	visionOS=1.0	watchOS=6.0
flowchart	iOS=13.0	macOS=10.15	tvOS=13.0	visionOS=1.0	watchOS=6.0
flowchart.fill	iOS=13.0	macOS=10.15	tvOS=13.0	visionOS=1.0	watchOS=6.0
folder	iOS=13.0	macOS=10.15	tvOS=13.0	visionOS=1.0	watchOS=6.0
folder.badge.minus	iOS=13.0	macOS=10.15	tvOS=13.0	visionOS=1.0	watchOS=6.0
folder.badge.person.crop	iOS=13.0	macOS=10.15	tvOS=13.0	visionOS=1.0	watchOS=6.0
folder.badge.plus	iOS=13.0	macOS=10.15	tvOS=13.0	visionOS=1.0	watchOS=6.0
folder.circle	iOS=13.0	macOS=10.15	tvOS=13.0	visionOS=1.0	watchOS=6.0
folder.circle.fill	iOS=13.0	macOS=10.15	tvOS=13.0	visionOS=1.0	watchOS=6.0
folder.fill	iOS=13.0	macOS=10.15	tvOS=13.0	visionOS=1.0	watchOS=6.0
folder.fill.badge.minus	iOS=13.0	macOS=10.15	tvOS=13.0	visionOS=1.0	watchOS=6.0
folder.fill.badge.person.crop	iOS=13.0	macOS=10.15	tvOS=13.0	visionOS=1.0	watchOS=6.0
folder.fill.badge.plus	iOS=13.0	macOS=10.15	tvOS=13.0	visionOS=1.0	watchOS=6.0
forward	iOS=13.0	macOS=10.15	tvOS=13.0	visionOS=1.0	watchOS=6.0
forward.end	iOS=13.0	macOS=10.15	tvOS=13.0	visionOS=1.0	watchOS=6.0
forward.end.alt	iOS=13.0	macOS=10.15	tvOS=13.0	visionOS=1.0	watchOS=6.0
forward.end.alt.fill	iOS=13.0	macOS=10.15	tvOS=13.0	visionOS=1.0	watchOS=6.0
forward.end.fill	iOS=13.0	macOS=10.15	tvOS=13.0	visionOS=1.0	watchOS=6.0
forward.fill	iOS=13.0	macOS=10.15	tvOS=13.0	visionOS=1.0	watchOS=6.0
francsign.circle	iOS=13.0	macOS=10.15	tvOS=13.0	visionOS=1.0	watchOS=6.0
francsign.circle.fill	iOS=13.0	macOS=10.15	tvOS=13.0	visionOS=1.0	watchOS=6.0
francsign.square	iOS=13.0	macOS=10.15	tvOS=13.0	visionOS=1.0	watchOS=6.0
francsign.square.fill	iOS=13.0	macOS=10.15	tvOS=13.0	visionOS=1.0	watchOS=6.0
function	iOS=13.0	macOS=10.15	tvOS=13.0	visionOS=1.0	watchOS=6.0
fx	iOS=13.0	macOS=10.15	tvOS=13.0	visionOS=1.0	watchOS=6.0
g.circle	iOS=13.0	macOS=10.15	tvOS=13.0	visionOS=1.0	watchOS=6.0
g.circle.fill	iOS=13.0	macOS=10.15	tvOS=13.0	visionOS=1.0	watchOS=6.0
g.square	iOS=13.0	macOS=10.15	tvOS=13.0	visionOS=1.0	watchOS=6.0
g.square.fill	iOS=13.0	macOS=10.15	tvOS=13.0	visionOS=1.0	watchOS=6.0
gamecontroller	iOS=13.0	macOS=10.15	tvOS=13.0	visionOS=1.0	watchOS=6.0
gamecontroller.fill	iOS=13.0	macOS=10.15	tvOS=13.0	visionOS=1.0	watchOS=6.0
gauge	iOS=13.0	macOS=10.15	tvOS=13.0	visionOS=1.0	watchOS=6.0
gauge.badge.minus	iOS=13.0	macOS=10.15	tvOS=13.0	visionOS=1.0	watchOS=6.0
gauge.badge.plus	iOS=13.0	macOS=10.15	tvOS=13.0	visionOS=1.0	watchOS=6.0
gear	iOS=13.0	macOS=10.15	tvOS=13.0	visionOS=1.0	watchOS=6.0
gift	iOS=13.0	macOS=10.15	tvOS=13.0	visionOS=1.0	watchOS=6.0
gift.fill	iOS=13.0	macOS=10.15	tvOS=13.0	visionOS=1.0	watchOS=6.0
globe	iOS=13.0	macOS=10.15	tvOS=13.0	visionOS=1.0	watchOS=6.0
gobackward	iOS=13.0	macOS=10.15	tvOS=13.0	visionOS=1.0	watchOS=6.0
gobackward.10	iOS=13.0	macOS=10.15	tvOS=13.0	visionOS=1.0	watchOS=6.0
gobackward.10.ar	iOS=13.0	macOS=10.15	tvOS=13.0	visionOS=1.0	watchOS=6.0
gobackward.10.hi	iOS=13.0	macOS=10.15	tvOS=13.0	visionOS=1.0	watchOS=6.0
gobackward.15	iOS=13.0	macOS=10.15	tvOS=13.0	visionOS=1.0	watchOS=6.0
gobackward.15.ar	iOS=13.0	macOS=10.15	tvOS=13.0	visionOS=1.0	watchOS=6.0
gobackward.15.hi	iOS=13.0	macOS=10.15	tvOS=13.0	visionOS=1.0	watchOS=6.0
gobackward.30	iOS=13.0	macOS=10.15	tvOS=13.0	visionOS=1.0	watchOS=6.0
gobackward.30.ar	iOS=13.0	macOS=10.15	tvOS=13.0	visionOS=1.0	watchOS=6.0
gobackward.30.hi	iOS=13.0	macOS=10.15	tvOS=13.0	visionOS=1.0	watchOS=6.0
gobackward.45	iOS=13.0	macOS=10.15	tvOS=13.0	visionOS=1.0	watchOS=6.0
gobackward.45.ar	iOS=13.0	macOS=10.15	tvOS=13.0	visionOS=1.0	watchOS=6.0
gobackward.45.hi	iOS=13.0	macOS=10.15	tvOS=13.0	visionOS=1.0	watchOS=6.0
gobackward.60	iOS=13.0	macOS=10.15	tvOS=13.0	visionOS=1.0	watchOS=6.0
gobackward.60.ar	iOS=13.0	macOS=10.15	tvOS=13.0	visionOS=1.0	watchOS=6.0
gobackward.60.hi	iOS=13.0	macOS=10.15	tvOS=13.0	visionOS=1.0	watchOS=6.0
gobackward.75	iOS=13.0	macOS=10.15	tvOS=13.0	visionOS=1.0	watchOS=6.0
gobackward.75.ar	iOS=13.0	macOS=10.15	tvOS=13.0	visionOS=1.0	watchOS=6.0
gobackward.75.hi	iOS=13.0	macOS=10.15	tvOS=13.0	visionOS=1.0	watchOS=6.0
gobackward.90	iOS=13.0	macOS=10.15	tvOS=13.0	visionOS=1.0	watchOS=6.0
gobackward.90.ar	iOS=13.0	macOS=10.15	tvOS=13.0	visionOS=1.0	watchOS=6.0
gobackward.90.hi	iOS=13.0	macOS=10.15	tvOS=13.0	visionOS=1.0	watchOS=6.0
gobackward.minus	iOS=13.0	macOS=10.15	tvOS=13.0	visionOS=1.0	watchOS=6.0
goforward	iOS=13.0	macOS=10.15	tvOS=13.0	visionOS=1.0	watchOS=6.0
goforward.10	iOS=13.0	macOS=10.15	tvOS=13.0	visionOS=1.0	watchOS=6.0
goforward.10.ar	iOS=13.0	macOS=10.15	tvOS=13.0	visionOS=1.0	watchOS=6.0
goforward.10.hi	iOS=13.0	macOS=10.15	tvOS=13.0	visionOS=1.0	watchOS=6.0
goforward.15	iOS=13.0	macOS=10.15	tvOS=13.0	visionOS=1.0	watchOS=6.0
goforward.15.ar	iOS=13.0	macOS=10.15	tvOS=13.0	visionOS=1.0	watchOS=6.0
goforward.15.hi	iOS=13.0	macOS=10.15	tvOS=13.0	visionOS=1.0	watchOS=6.0
goforward.30	iOS=13.0	macOS=10.15	tvOS=13.0	visionOS=1.0	watchOS=6.0
goforward.30.ar	iOS=13.0	macOS=10.15	tvOS=13.0	visionOS=1.0	watchOS=6.0
goforward.30.hi	iOS=13.0	macOS=10.15	tvOS=13.0	visionOS=1.0	watchOS=6.0
goforward.45	iOS=13.0	macOS=10.15	tvOS=13.0	visionOS=1.0	watchOS=6.0
goforward.45.ar	iOS=13.0	macOS=10.15	tvOS=13.0	visionOS=1.0	watchOS=6.0
goforward.45.hi	iOS=13.0	macOS=10.15	tvOS=13.0	visionOS=1.0	watchOS=6.0
goforward.60	iOS=13.0	macOS=10.15	tvOS=13.0	visionOS=1.0	watchOS=6.0
goforward.60.ar	iOS=13.0	macOS=10.15	tvOS=13.0	visionOS=1.0	watchOS=6.0
goforward.60.hi	iOS=13.0	macOS=10.15	tvOS=13.0	visionOS=1.0	watchOS=6.0
goforward.75	iOS=13.0	macOS=10.15	tvOS=13.0	visionOS=1.0	watchOS=6.0
goforward.75.ar	iOS=13.0	macOS=10.15	tvOS=13.0	visionOS=1.0	watchOS=6.0
goforward.75.hi	iOS=13.0	macOS=10.15	tvOS=13.0	visionOS=1.0	watchOS=6.0
goforward.90	iOS=13.0	macOS=10.15	tvOS=13.0	visionOS=1.0	watchOS=6.0
goforward.90.ar	iOS=13.0	macOS=10.15	tvOS=13.0	visionOS=1.0	watchOS=6.0
goforward.90.hi	iOS=13.0	macOS=10.15	tvOS=13.0	visionOS=1.0	watchOS=6.0
goforward.plus	iOS=13.0	macOS=10.15	tvOS=13.0	visionOS=1.0	watchOS=6.0
greaterthan	iOS=13.0	macOS=10.15	tvOS=13.0	visionOS=1.0	watchOS=6.0
greaterthan.circle	iOS=13.0	macOS=10.15	tvOS=13.0	visionOS=1.0	watchOS=6.0
greaterthan.circle.fill	iOS=13.0	macOS=10.15	tvOS=13.0	visionOS=1.0	watchOS=6.0
greaterthan.square	iOS=13.0	macOS=10.15	tvOS=13.0	visionOS=1.0	watchOS=6.0
greaterthan.square.fill	iOS=13.0	macOS=10.15	tvOS=13.0	visionOS=1.0	watchOS=6.0
grid	iOS=13.0	macOS=10.15	tvOS=13.0	visionOS=1.0	watchOS=6.0
grid.circle	iOS=13.0	macOS=10.15	tvOS=13.0	visionOS=1.0	watchOS=6.0
grid.circle.fill	iOS=13.0	macOS=10.15	tvOS=13.0	visionOS=1.0	watchOS=6.0
guaranisign.circle	iOS=13.0	macOS=10.15	tvOS=13.0	visionOS=1.0	watchOS=6.0
guaranisign.circle.fill	iOS=13.0	macOS=10.15	tvOS=13.0	visionOS=1.0	watchOS=6.0
guaranisign.square	iOS=13.0	macOS=10.15	tvOS=13.0	visionOS=1.0	watchOS=6.0
guaranisign.square.fill	iOS=13.0	macOS=10.15	tvOS=13.0	visionOS=1.0	watchOS=6.0
guitars	iOS=13.0	macOS=10.15	tvOS=13.0	visionOS=1.0	watchOS=6.0
h.circle	iOS=13.0	macOS=10.15	tvOS=13.0	visionOS=1.0	watchOS=6.0
h.circle.fill	iOS=13.0	macOS=10.15	tvOS=13.0	visionOS=1.0	watchOS=6.0
h.square	iOS=13.0	macOS=10.15	tvOS=13.0	visionOS=1.0	watchOS=6.0
h.square.fill	iOS=13.0	macOS=10.15	tvOS=13.0	visionOS=1.0	watchOS=6.0
hammer	iOS=13.0	macOS=10.15	tvOS=13.0	visionOS=1.0	watchOS=6.0
hammer.fill	iOS=13.0	macOS=10.15	tvOS=13.0	visionOS=1.0	watchOS=6.0
hand.draw	iOS=13.0	macOS=10.15	tvOS=13.0	visionOS=1.0	watchOS=6.0
hand.draw.fill	iOS=13.0	macOS=10.15	tvOS=13.0	visionOS=1.0	watchOS=6.0
hand.point.left	iOS=13.0	macOS=10.15	tvOS=13.0	visionOS=1.0	watchOS=6.0
hand.point.left.fill	iOS=13.0	macOS=10.15	tvOS=13.0	visionOS=1.0	watchOS=6.0
hand.point.right	iOS=13.0	macOS=10.15	tvOS=13.0	visionOS=1.0	watchOS=6.0
hand.point.right.fill	iOS=13.0	macOS=10.15	tvOS=13.0	visionOS=1.0	watchOS=6.0
hand.raised	iOS=13.0	macOS=10.15	tvOS=13.0	visionOS=1.0	watchOS=6.0
hand.raised.fill	iOS=13.0	macOS=10.15	tvOS=13.0	visionOS=1.0	watchOS=6.0
hand.raised.slash	iOS=13.0	macOS=10.15	tvOS=13.0	visionOS=1.0	watchOS=6.0
hand.raised.slash.fill	iOS=13.0	macOS=10.15	tvOS=13.0	visionOS=1.0	watchOS=6.0
hand.thumbsdown	iOS=13.0	macOS=10.15	tvOS=13.0	visionOS=1.0	watchOS=6.0
hand.thumbsdown.fill	iOS=13.0	macOS=10.15	tvOS=13.0	visionOS=1.0	watchOS=6.0
hand.thumbsup	iOS=13.0	macOS=10.15	tvOS=13.0	visionOS=1.0	watchOS=6.0
hand.thumbsup.fill	iOS=13.0	macOS=10.15	tvOS=13.0	visionOS=1.0	watchOS=6.0
hare	iOS=13.0	macOS=10.15	tvOS=13.0	visionOS=1.0	watchOS=6.0
hare.fill	iOS=13.0	macOS=10.15	tvOS=13.0	visionOS=1.0	watchOS=6.0
headphones	iOS=13.0	macOS=10.15	tvOS=13.0	visionOS=1.0	watchOS=6.0
heart	iOS=13.0	macOS=10.15	tvOS=13.0	visionOS=1.0	watchOS=6.0
heart.circle	iOS=13.0	macOS=10.15	tvOS=13.0	visionOS=1.0	watchOS=6.0
heart.circle.fill	iOS=13.0	macOS=10.15	tvOS=13.0	visionOS=1.0	watchOS=6.0
heart.fill	iOS=13.0	macOS=10.15	tvOS=13.0	visionOS=1.0	watchOS=6.0
heart.slash	iOS=13.0	macOS=10.15	tvOS=13.0	visionOS=1.0	watchOS=6.0
heart.slash.circle	iOS=13.0	macOS=10.15	tvOS=13.0	visionOS=1.0	watchOS=6.0
heart.slash.circle.fill	iOS=13.0	macOS=10.15	tvOS=13.0	visionOS=1.0	watchOS=6.0
heart.slash.fill	iOS=13.0	macOS=10.15	tvOS=13.0	visionOS=1.0	watchOS=6.0
helm	iOS=13.0	macOS=10.15	tvOS=13.0	visionOS=1.0	watchOS=6.0
hexagon	iOS=13.0	macOS=10.15	tvOS=13.0	visionOS=1.0	watchOS=6.0
hexagon.fill	iOS=13.0	macOS=10.15	tvOS=13.0	visionOS=1.0	watchOS=6.0
hifispeaker	iOS=13.0	macOS=10.15	tvOS=13.0	visionOS=1.0	watchOS=6.0
hifispeaker.fill	iOS=13.0	macOS=10.15	tvOS=13.0	visionOS=1.0	watchOS=6.0
hourglass	iOS=13.0	macOS=10.15	tvOS=13.0	visionOS=1.0	watchOS=6.0
hourglass.bottomhalf.fill	iOS=13.0	macOS=10.15	tvOS=13.0	visionOS=1.0	watchOS=6.0
hourglass.tophalf.fill	iOS=13.0	macOS=10.15	tvOS=13.0	visionOS=1.0	watchOS=6.0
house	iOS=13.0	macOS=10.15	tvOS=13.0	visionOS=1.0	watchOS=6.0
house.fill	iOS=13.0	macOS=10.15	tvOS=13.0	visionOS=1.0	watchOS=6.0
hryvniasign.circle	iOS=13.0	macOS=10.15	tvOS=13.0	visionOS=1.0	watchOS=6.0
hryvniasign.circle.fill	iOS=13.0	macOS=10.15	tvOS=13.0	visionOS=1.0	watchOS=6.0
hryvniasign.square	iOS=13.0	macOS=10.15	tvOS=13.0	visionOS=1.0	watchOS=6.0
hryvniasign.square.fill	iOS=13.0	macOS=10.15	tvOS=13.0	visionOS=1.0	watchOS=6.0
hurricane	iOS=13.0	macOS=10.15	tvOS=13.0	visionOS=1.0	watchOS=6.0
i.circle	iOS=13.0	macOS=10.15	tvOS=13.0	visionOS=1.0	watchOS=6.0
i.circle.fill	iOS=13.0	macOS=10.15	tvOS=13.0	visionOS=1.0	watchOS=6.0
i.square	iOS=13.0	macOS=10.15	tvOS=13.0	visionOS=1.0	watchOS=6.0
i.square.fill	iOS=13.0	macOS=10.15	tvOS=13.0	visionOS=1.0	watchOS=6.0
icloud	iOS=13.0	macOS=10.15	tvOS=13.0	visionOS=1.0	watchOS=6.0
icloud.and.arrow.down	iOS=13.0	macOS=10.15	tvOS=13.0	visionOS=1.0	watchOS=6.0
icloud.and.arrow.down.fill	iOS=13.0	macOS=10.15	tvOS=13.0	visionOS=1.0	watchOS=6.0
icloud.and.arrow.up	iOS=13.0	macOS=10.15	tvOS=13.0	visionOS=1.0	watchOS=6.0
icloud.and.arrow.up.fill	iOS=13.0	macOS=10.15	tvOS=13.0	visionOS=1.0	watchOS=6.0
icloud.circle	iOS=13.0	macOS=10.15	tvOS=13.0	visionOS=1.0	watchOS=6.0
icloud.circle.fill	iOS=13.0	macOS=10.15	tvOS=13.0	visionOS=1.0	watchOS=6.0
icloud.fill	iOS=13.0	macOS=10.15	tvOS=13.0	visionOS=1.0	watchOS=6.0
icloud.slash	iOS=13.0	macOS=10.15	tvOS=13.0	visionOS=1.0	watchOS=6.0
icloud.slash.fill	iOS=13.0	macOS=10.15	tvOS=13.0	visionOS=1.0	watchOS=6.0
increase.indent	iOS=13.0	macOS=10.15	tvOS=13.0	visionOS=1.0	watchOS=6.0
increase.quotelevel	iOS=13.0	macOS=10.15	tvOS=13.0	visionOS=1.0	watchOS=6.0
indianrupeesign.circle	iOS=13.0	macOS=10.15	tvOS=13.0	visionOS=1.0	watchOS=6.0
indianrupeesign.circle.fill	iOS=13.0	macOS=10.15	tvOS=13.0	visionOS=1.0	watchOS=6.0
indianrupeesign.square	iOS=13.0	macOS=10.15	tvOS=13.0	visionOS=1.0	watchOS=6.0
indianrupeesign.square.fill	iOS=13.0	macOS=10.15	tvOS=13.0	visionOS=1.0	watchOS=6.0
info	iOS=13.0	macOS=10.15	tvOS=13.0	visionOS=1.0	watchOS=6.0
info.circle	iOS=13.0	macOS=10.15	tvOS=13.0	visionOS=1.0	watchOS=6.0
info.circle.fill	iOS=13.0	macOS=10.15	tvOS=13.0	visionOS=1.0	watchOS=6.0
italic	iOS=13.0	macOS=10.15	tvOS=13.0	visionOS=1.0	watchOS=6.0
j.circle	iOS=13.0	macOS=10.15	tvOS=13.0	visionOS=1.0	watchOS=6.0
j.circle.fill	iOS=13.0	macOS=10.15	tvOS=13.0	visionOS=1.0	watchOS=6.0
j.square	iOS=13.0	macOS=10.15	tvOS=13.0	visionOS=1.0	watchOS=6.0
j.square.fill	iOS=13.0	macOS=10.15	tvOS=13.0	visionOS=1.0	watchOS=6.0
k.circle	iOS=13.0	macOS=10.15	tvOS=13.0	visionOS=1.0	watchOS=6.0
k.circle.fill	iOS=13.0	macOS=10.15	tvOS=13.0	visionOS=1.0	watchOS=6.0
k.square	iOS=13.0	macOS=10.15	tvOS=13.0	visionOS=1.0	watchOS=6.0
k.square.fill	iOS=13.0	macOS=10.15	tvOS=13.0	visionOS=1.0	watchOS=6.0
keyboard	iOS=13.0	macOS=10.15	tvOS=13.0	visionOS=1.0	watchOS=6.0
keyboard.chevron.compact.down	iOS=13.0	macOS=10.15	tvOS=13.0	visionOS=1.0	watchOS=6.0
kipsign.circle	iOS=13.0	macOS=10.15	tvOS=13.0	visionOS=1.0	watchOS=6.0
kipsign.circle.fill	iOS=13.0	macOS=10.15	tvOS=13.0	visionOS=1.0	watchOS=6.0
kipsign.square	iOS=13.0	macOS=10.15	tvOS=13.0	visionOS=1.0	watchOS=6.0
kipsign.square.fill	iOS=13.0	macOS=10.15	tvOS=13.0	visionOS=1.0	watchOS=6.0
l.circle	iOS=13.0	macOS=10.15	tvOS=13.0	visionOS=1.0	watchOS=6.0
l.circle.fill	iOS=13.0	macOS=10.15	tvOS=13.0	visionOS=1.0	watchOS=6.0
l.square	iOS=13.0	macOS=10.15	tvOS=13.0	visionOS=1.0	watchOS=6.0
l.square.fill	iOS=13.0	macOS=10.15	tvOS=13.0	visionOS=1.0	watchOS=6.0
largecircle.fill.circle	iOS=13.0	macOS=10.15	tvOS=13.0	visionOS=1.0	watchOS=6.0
larisign.circle	iOS=13.0	macOS=10.15	tvOS=13.0	visionOS=1.0	watchOS=6.0
larisign.circle.fill	iOS=13.0	macOS=10.15	tvOS=13.0	visionOS=1.0	watchOS=6.0
larisign.square	iOS=13.0	macOS=10.15	tvOS=13.0	visionOS=1.0	watchOS=6.0
larisign.square.fill	iOS=13.0	macOS=10.15	tvOS=13.0	visionOS=1.0	watchOS=6.0
lasso	iOS=13.0	macOS=10.15	tvOS=13.0	visionOS=1.0	watchOS=6.0
leaf.arrow.circlepath	iOS=13.0	macOS=10.15	tvOS=13.0	visionOS=1.0	watchOS=6.0
lessthan	iOS=13.0	macOS=10.15	tvOS=13.0	visionOS=1.0	watchOS=6.0
lessthan.circle	iOS=13.0	macOS=10.15	tvOS=13.0	visionOS=1.0	watchOS=6.0
lessthan.circle.fill	iOS=13.0	macOS=10.15	tvOS=13.0	visionOS=1.0	watchOS=6.0
lessthan.square	iOS=13.0	macOS=10.15	tvOS=13.0	visionOS=1.0	watchOS=6.0
lessthan.square.fill	iOS=13.0	macOS=10.15	tvOS=13.0	visionOS=1.0	watchOS=6.0
light.max	iOS=13.0	macOS=10.15	tvOS=13.0	visionOS=1.0	watchOS=6.0
light.min	iOS=13.0	macOS=10.15	tvOS=13.0	visionOS=1.0	watchOS=6.0
lightbulb	iOS=13.0	macOS=10.15	tvOS=13.0	visionOS=1.0	watchOS=6.0
lightbulb.fill	iOS=13.0	macOS=10.15	tvOS=13.0	visionOS=1.0	watchOS=6.0
lightbulb.slash	iOS=13.0	macOS=10.15	tvOS=13.0	visionOS=1.0	watchOS=6.0
lightbulb.slash.fill	iOS=13.0	macOS=10.15	tvOS=13.0	visionOS=1.0	watchOS=6.0
line.horizontal.3	iOS=13.0	macOS=10.15	tvOS=13.0	visionOS=1.0	watchOS=6.0
line.horizontal.3.decrease	iOS=13.0	macOS=10.15	tvOS=13.0	visionOS=1.0	watchOS=6.0
line.horizontal.3.decrease.circle	iOS=13.0	macOS=10.15	tvOS=13.0	visionOS=1.0	watchOS=6.0
line.horizontal.3.decrease.circle.fill	iOS=13.0	macOS=10.15	tvOS=13.0	visionOS=1.0	watchOS=6.0
link	iOS=13.0	macOS=10.15	tvOS=13.0	visionOS=1.0	watchOS=6.0
link.circle	iOS=13.0	macOS=10.15	tvOS=13.0	visionOS=1.0	watchOS=6.0
link.circle.fill	iOS=13.0	macOS=10.15	tvOS=13.0	visionOS=1.0	watchOS=6.0
link.icloud	iOS=13.0	macOS=10.15	tvOS=13.0	visionOS=1.0	watchOS=6.0
link.icloud.fill	iOS=13.0	macOS=10.15	tvOS=13.0	visionOS=1.0	watchOS=6.0
lirasign.circle	iOS=13.0	macOS=10.15	tvOS=13.0	visionOS=1.0	watchOS=6.0
lirasign.circle.fill	iOS=13.0	macOS=10.15	tvOS=13.0	visionOS=1.0	watchOS=6.0
lirasign.square	iOS=13.0	macOS=10.15	tvOS=13.0	visionOS=1.0	watchOS=6.0
lirasign.square.fill	iOS=13.0	macOS=10.15	tvOS=13.0	visionOS=1.0	watchOS=6.0
list.bullet	iOS=13.0	macOS=10.15	tvOS=13.0	visionOS=1.0	watchOS=6.0
list.bullet.below.rectangle	iOS=13.0	macOS=10.15	tvOS=13.0	visionOS=1.0	watchOS=6.0
list.bullet.indent	iOS=13.0	macOS=10.15	tvOS=13.0	visionOS=1.0	watchOS=6.0
list.dash	iOS=13.0	macOS=10.15	tvOS=13.0	visionOS=1.0	watchOS=6.0
list.number	iOS=13.0	macOS=10.15	tvOS=13.0	visionOS=1.0	watchOS=6.0
list.number.rtl	iOS=13.0	macOS=10.15	tvOS=13.0	visionOS=1.0	watchOS=6.0
livephoto	iOS=13.0	macOS=10.15	tvOS=13.0	visionOS=1.0	watchOS=6.0
livephoto.play	iOS=13.0	macOS=10.15	tvOS=13.0	visionOS=1.0	watchOS=6.0
livephoto.slash	iOS=13.0	macOS=10.15	tvOS=13.0	visionOS=1.0	watchOS=6.0
location	iOS=13.0	macOS=10.15	tvOS=13.0	visionOS=1.0	watchOS=6.0
location.circle	iOS=13.0	macOS=10.15	tvOS=13.0	visionOS=1.0	watchOS=6.0
location.circle.fill	iOS=13.0	macOS=10.15	tvOS=13.0	visionOS=1.0	watchOS=6.0
location.fill	iOS=13.0	macOS=10.15	tvOS=13.0	visionOS=1.0	watchOS=6.0
location.north	iOS=13.0	macOS=10.15	tvOS=13.0	visionOS=1.0	watchOS=6.0
location.north.fill	iOS=13.0	macOS=10.15	tvOS=13.0	visionOS=1.0	watchOS=6.0
location.north.line	iOS=13.0	macOS=10.15	tvOS=13.0	visionOS=1.0	watchOS=6.0
location.north.line.fill	iOS=13.0	macOS=10.15	tvOS=13.0	visionOS=1.0	watchOS=6.0
location.slash	iOS=13.0	macOS=10.15	tvOS=13.0	visionOS=1.0	watchOS=6.0
location.slash.fill	iOS=13.0	macOS=10.15	tvOS=13.0	visionOS=1.0	watchOS=6.0
lock	iOS=13.0	macOS=10.15	tvOS=13.0	visionOS=1.0	watchOS=6.0
lock.circle	iOS=13.0	macOS=10.15	tvOS=13.0	visionOS=1.0	watchOS=6.0
lock.circle.fill	iOS=13.0	macOS=10.15	tvOS=13.0	visionOS=1.0	watchOS=6.0
lock.fill	iOS=13.0	macOS=10.15	tvOS=13.0	visionOS=1.0	watchOS=6.0
lock.icloud	iOS=13.0	macOS=10.15	tvOS=13.0	visionOS=1.0	watchOS=6.0
lock.icloud.fill	iOS=13.0	macOS=10.15	tvOS=13.0	visionOS=1.0	watchOS=6.0
lock.open	iOS=13.0	macOS=10.15	tvOS=13.0	visionOS=1.0	watchOS=6.0
lock.open.fill	iOS=13.0	macOS=10.15	tvOS=13.0	visionOS=1.0	watchOS=6.0
lock.rotation	iOS=13.0	macOS=10.15	tvOS=13.0	visionOS=1.0	watchOS=6.0
lock.rotation.open	iOS=13.0	macOS=10.15	tvOS=13.0	visionOS=1.0	watchOS=6.0
lock.shield	iOS=13.0	macOS=10.15	tvOS=13.0	visionOS=1.0	watchOS=6.0
lock.shield.fill	iOS=13.0	macOS=10.15	tvOS=13.0	visionOS=1.0	watchOS=6.0
lock.slash	iOS=13.0	macOS=10.15	tvOS=13.0	visionOS=1.0	watchOS=6.0
lock.slash.fill	iOS=13.0	macOS=10.15	tvOS=13.0	visionOS=1.0	watchOS=6.0
m.circle	iOS=13.0	macOS=10.15	tvOS=13.0	visionOS=1.0	watchOS=6.0
m.circle.fill	iOS=13.0	macOS=10.15	tvOS=13.0	visionOS=1.0	watchOS=6.0
m.square	iOS=13.0	macOS=10.15	tvOS=13.0	visionOS=1.0	watchOS=6.0
m.square.fill	iOS=13.0	macOS=10.15	tvOS=13.0	visionOS=1.0	watchOS=6.0
macwindow	iOS=13.0	macOS=10.15	tvOS=13.0	visionOS=1.0	watchOS=6.0
magnifyingglass	iOS=13.0	macOS=10.15	tvOS=13.0	visionOS=1.0	watchOS=6.0
magnifyingglass.circle	iOS=13.0	macOS=10.15	tvOS=13.0	visionOS=1.0	watchOS=6.0
magnifyingglass.circle.fill	iOS=13.0	macOS=10.15	tvOS=13.0	visionOS=1.0	watchOS=6.0
manatsign.circle	iOS=13.0	macOS=10.15	tvOS=13.0	visionOS=1.0	watchOS=6.0
manatsign.circle.fill	iOS=13.0	macOS=10.15	tvOS=13.0	visionOS=1.0	watchOS=6.0
manatsign.square	iOS=13.0	macOS=10.15	tvOS=13.0	visionOS=1.0	watchOS=6.0
manatsign.square.fill	iOS=13.0	macOS=10.15	tvOS=13.0	visionOS=1.0	watchOS=6.0
map	iOS=13.0	macOS=10.15	tvOS=13.0	visionOS=1.0	watchOS=6.0
map.fill	iOS=13.0	macOS=10.15	tvOS=13.0	visionOS=1.0	watchOS=6.0
mappin	iOS=13.0	macOS=10.15	tvOS=13.0	visionOS=1.0	watchOS=6.0
mappin.and.ellipse	iOS=13.0	macOS=10.15	tvOS=13.0	visionOS=1.0	watchOS=6.0
mappin.slash	iOS=13.0	macOS=10.15	tvOS=13.0	visionOS=1.0	watchOS=6.0
memories	iOS=13.0	macOS=10.15	tvOS=13.0	visionOS=1.0	watchOS=6.0
memories.badge.minus	iOS=13.0	macOS=10.15	tvOS=13.0	visionOS=1.0	watchOS=6.0
memories.badge.plus	iOS=13.0	macOS=10.15	tvOS=13.0	visionOS=1.0	watchOS=6.0
message	iOS=13.0	macOS=10.15	tvOS=13.0	visionOS=1.0	watchOS=6.0
message.circle	iOS=13.0	macOS=10.15	tvOS=13.0	visionOS=1.0	watchOS=6.0
message.circle.fill	iOS=13.0	macOS=10.15	tvOS=13.0	visionOS=1.0	watchOS=6.0
message.fill	iOS=13.0	macOS=10.15	tvOS=13.0	visionOS=1.0	watchOS=6.0
metronome	iOS=13.0	macOS=10.15	tvOS=13.0	visionOS=1.0	watchOS=6.0
mic	iOS=13.0	macOS=10.15	tvOS=13.0	visionOS=1.0	watchOS=6.0
mic.circle	iOS=13.0	macOS=10.15	tvOS=13.0	visionOS=1.0	watchOS=6.0
mic.circle.fill	iOS=13.0	macOS=10.15	tvOS=13.0	visionOS=1.0	watchOS=6.0
mic.fill	iOS=13.0	macOS=10.15	tvOS=13.0	visionOS=1.0	watchOS=6.0
mic.slash	iOS=13.0	macOS=10.15	tvOS=13.0	visionOS=1.0	watchOS=6.0
mic.slash.fill	iOS=13.0	macOS=10.15	tvOS=13.0	visionOS=1.0	watchOS=6.0
millsign.circle	iOS=13.0	macOS=10.15	tvOS=13.0	visionOS=1.0	watchOS=6.0
millsign.circle.fill	iOS=13.0	macOS=10.15	tvOS=13.0	visionOS=1.0	watchOS=6.0
millsign.square	iOS=13.0	macOS=10.15	tvOS=13.0	visionOS=1.0	watchOS=6.0
millsign.square.fill	iOS=13.0	macOS=10.15	tvOS=13.0	visionOS=1.0	watchOS=6.0
minus	iOS=13.0	macOS=10.15	tvOS=13.0	visionOS=1.0	watchOS=6.0
minus.circle	iOS=13.0	macOS=10.15	tvOS=13.0	visionOS=1.0	watchOS=6.0
minus.circle.fill	iOS=13.0	macOS=10.15	tvOS=13.0	visionOS=1.0	watchOS=6.0
minus.magnifyingglass	iOS=13.0	macOS=10.15	tvOS=13.0	visionOS=1.0	watchOS=6.0
minus.rectangle	iOS=13.0	macOS=10.15	tvOS=13.0	visionOS=1.0	watchOS=6.0
minus.rectangle.fill	iOS=13.0	macOS=10.15	tvOS=13.0	visionOS=1.0	watchOS=6.0
minus.slash.plus	iOS=13.0	macOS=10.15	tvOS=13.0	visionOS=1.0	watchOS=6.0
minus.square	iOS=13.0	macOS=10.15	tvOS=13.0	visionOS=1.0	watchOS=6.0
minus.square.fill	iOS=13.0	macOS=10.15	tvOS=13.0	visionOS=1.0	watchOS=6.0
moon	iOS=13.0	macOS=10.15	tvOS=13.0	visionOS=1.0	watchOS=6.0
moon.circle	iOS=13.0	macOS=10.15	tvOS=13.0	visionOS=1.0	watchOS=6.0
moon.circle.fill	iOS=13.0	macOS=10.15	tvOS=13.0	visionOS=1.0	watchOS=6.0
moon.fill	iOS=13.0	macOS=10.15	tvOS=13.0	visionOS=1.0	watchOS=6.0
moon.stars	iOS=13.0	macOS=10.15	tvOS=13.0	visionOS=1.0	watchOS=6.0
moon.stars.fill	iOS=13.0	macOS=10.15	tvOS=13.0	visionOS=1.0	watchOS=6.0
moon.zzz	iOS=13.0	macOS=10.15	tvOS=13.0	visionOS=1.0	watchOS=6.0
moon.zzz.fill	iOS=13.0	macOS=10.15	tvOS=13.0	visionOS=1.0	watchOS=6.0
multiply	iOS=13.0	macOS=10.15	tvOS=13.0	visionOS=1.0	watchOS=6.0
multiply.circle	iOS=13.0	macOS=10.15	tvOS=13.0	visionOS=1.0	watchOS=6.0
multiply.circle.fill	iOS=13.0	macOS=10.15	tvOS=13.0	visionOS=1.0	watchOS=6.0
multiply.square	iOS=13.0	macOS=10.15	tvOS=13.0	visionOS=1.0	watchOS=6.0
multiply.square.fill	iOS=13.0	macOS=10.15	tvOS=13.0	visionOS=1.0	watchOS=6.0
music.house	iOS=13.0	macOS=10.15	tvOS=13.0	visionOS=1.0	watchOS=6.0
music.house.fill	iOS=13.0	macOS=10.15	tvOS=13.0	visionOS=1.0	watchOS=6.0
music.mic	iOS=13.0	macOS=10.15	tvOS=13.0	visionOS=1.0	watchOS=6.0
music.note	iOS=13.0	macOS=10.15	tvOS=13.0	visionOS=1.0	watchOS=6.0
music.note.list	iOS=13.0	macOS=10.15	tvOS=13.0	visionOS=1.0	watchOS=6.0
n.circle	iOS=13.0	macOS=10.15	tvOS=13.0	visionOS=1.0	watchOS=6.0
n.circle.fill	iOS=13.0	macOS=10.15	tvOS=13.0	visionOS=1.0	watchOS=6.0
n.square	iOS=13.0	macOS=10.15	tvOS=13.0	visionOS=1.0	watchOS=6.0
n.square.fill	iOS=13.0	macOS=10.15	tvOS=13.0	visionOS=1.0	watchOS=6.0
nairasign.circle	iOS=13.0	macOS=10.15	tvOS=13.0	visionOS=1.0	watchOS=6.0
nairasign.circle.fill	iOS=13.0	macOS=10.15	tvOS=13.0	visionOS=1.0	watchOS=6.0
nairasign.square	iOS=13.0	macOS=10.15	tvOS=13.0	visionOS=1.0	watchOS=6.0
nairasign.square.fill	iOS=13.0	macOS=10.15	tvOS=13.0	visionOS=1.0	watchOS=6.0
nosign	iOS=13.0	macOS=10.15	tvOS=13.0	visionOS=1.0	watchOS=6.0
number	iOS=13.0	macOS=10.15	tvOS=13.0	visionOS=1.0	watchOS=6.0
number.circle	iOS=13.0	macOS=10.15	tvOS=13.0	visionOS=1.0	watchOS=6.0
number.circle.fill	iOS=13.0	macOS=10.15	tvOS=13.0	visionOS=1.0	watchOS=6.0
number.square	iOS=13.0	macOS=10.15	tvOS=13.0	visionOS=1.0	watchOS=6.0
number.square.fill	iOS=13.0	macOS=10.15	tvOS=13.0	visionOS=1.0	watchOS=6.0
o.circle	iOS=13.0	macOS=10.15	tvOS=13.0	visionOS=1.0	watchOS=6.0
o.circle.fill	iOS=13.0	macOS=10.15	tvOS=13.0	visionOS=1.0	watchOS=6.0
o.square	iOS=13.0	macOS=10.15	tvOS=13.0	visionOS=1.0	watchOS=6.0
o.square.fill	iOS=13.0	macOS=10.15	tvOS=13.0	visionOS=1.0	watchOS=6.0
option	iOS=13.0	macOS=10.15	tvOS=13.0	visionOS=1.0	watchOS=6.0
p.circle	iOS=13.0	macOS=10.15	tvOS=13.0	visionOS=1.0	watchOS=6.0
p.circle.fill	iOS=13.0	macOS=10.15	tvOS=13.0	visionOS=1.0	watchOS=6.0
p.square	iOS=13.0	macOS=10.15	tvOS=13.0	visionOS=1.0	watchOS=6.0
p.square.fill	iOS=13.0	macOS=10.15	tvOS=13.0	visionOS=1.0	watchOS=6.0
paintbrush	iOS=13.0	macOS=10.15	tvOS=13.0	visionOS=1.0	watchOS=6.0
paintbrush.fill	iOS=13.0	macOS=10.15	tvOS=13.0	visionOS=1.0	watchOS=6.0
pano	iOS=13.0	macOS=10.15	tvOS=13.0	visionOS=1.0	watchOS=6.0
pano.fill	iOS=13.0	macOS=10.15	tvOS=13.0	visionOS=1.0	watchOS=6.0
paperclip	iOS=13.0	macOS=10.15	tvOS=13.0	visionOS=1.0	watchOS=6.0
paperplane	iOS=13.0	macOS=10.15	tvOS=13.0	visionOS=1.0	watchOS=6.0
paperplane.fill	iOS=13.0	macOS=10.15	tvOS=13.0	visionOS=1.0	watchOS=6.0
paragraph	iOS=13.0	macOS=10.15	tvOS=13.0	visionOS=1.0	watchOS=6.0
pause	iOS=13.0	macOS=10.15	tvOS=13.0	visionOS=1.0	watchOS=6.0
pause.circle	iOS=13.0	macOS=10.15	tvOS=13.0	visionOS=1.0	watchOS=6.0
pause.circle.fill	iOS=13.0	macOS=10.15	tvOS=13.0	visionOS=1.0	watchOS=6.0
pause.fill	iOS=13.0	macOS=10.15	tvOS=13.0	visionOS=1.0	watchOS=6.0
pause.rectangle	iOS=13.0	macOS=10.15	tvOS=13.0	visionOS=1.0	watchOS=6.0
pause.rectangle.fill	iOS=13.0	macOS=10.15	tvOS=13.0	visionOS=1.0	watchOS=6.0
pencil	iOS=13.0	macOS=10.15	tvOS=13.0	visionOS=1.0	watchOS=6.0
pencil.and.ellipsis.rectangle	iOS=13.0	macOS=10.15	tvOS=13.0	visionOS=1.0	watchOS=6.0
pencil.and.outline	iOS=13.0	macOS=10.15	tvOS=13.0	visionOS=1.0	watchOS=6.0
pencil.circle	iOS=13.0	macOS=10.15	tvOS=13.0	visionOS=1.0	watchOS=6.0
pencil.circle.fill	iOS=13.0	macOS=10.15	tvOS=13.0	visionOS=1.0	watchOS=6.0
pencil.slash	iOS=13.0	macOS=10.15	tvOS=13.0	visionOS=1.0	watchOS=6.0
pencil.tip	iOS=13.0	macOS=10.15	tvOS=13.0	visionOS=1.0	watchOS=6.0
pencil.tip.crop.circle	iOS=13.0	macOS=10.15	tvOS=13.0	visionOS=1.0	watchOS=6.0
pencil.tip.crop.circle.badge.minus	iOS=13.0	macOS=10.15	tvOS=13.0	visionOS=1.0	watchOS=6.0
pencil.tip.crop.circle.badge.plus	iOS=13.0	macOS=10.15	tvOS=13.0	visionOS=1.0	watchOS=6.0
percent	iOS=13.0	macOS=10.15	tvOS=13.0	visionOS=1.0	watchOS=6.0
person	iOS=13.0	macOS=10.15	tvOS=13.0	visionOS=1.0	watchOS=6.0
person.2	iOS=13.0	macOS=10.15	tvOS=13.0	visionOS=1.0	watchOS=6.0
person.2.fill	iOS=13.0	macOS=10.15	tvOS=13.0	visionOS=1.0	watchOS=6.0
person.2.square.stack	iOS=13.0	macOS=10.15	tvOS=13.0	visionOS=1.0	watchOS=6.0
person.2.square.stack.fill	iOS=13.0	macOS=10.15	tvOS=13.0	visionOS=1.0	watchOS=6.0
person.3	iOS=13.0	macOS=10.15	tvOS=13.0	visionOS=1.0	watchOS=6.0
person.3.fill	iOS=13.0	macOS=10.15	tvOS=13.0	visionOS=1.0	watchOS=6.0
person.badge.minus	iOS=13.0	macOS=10.15	tvOS=13.0	visionOS=1.0	watchOS=6.0
person.badge.minus.fill	iOS=13.0	macOS=10.15	tvOS=13.0	visionOS=1.0	watchOS=6.0
person.badge.plus	iOS=13.0	macOS=10.15	tvOS=13.0	visionOS=1.0	watchOS=6.0
person.badge.plus.fill	iOS=13.0	macOS=10.15	tvOS=13.0	visionOS=1.0	watchOS=6.0
person.circle	iOS=13.0	macOS=10.15	tvOS=13.0	visionOS=1.0	watchOS=6.0
person.circle.fill	iOS=13.0	macOS=10.15	tvOS=13.0	visionOS=1.0	watchOS=6.0
person.crop.circle	iOS=13.0	macOS=10.15	tvOS=13.0	visionOS=1.0	watchOS=6.0
person.crop.circle.badge.checkmark	iOS=13.0	macOS=10.15	tvOS=13.0	visionOS=1.0	watchOS=6.0
person.crop.circle.badge.exclam	iOS=13.0	macOS=10.15	tvOS=13.0	visionOS=1.0	watchOS=6.0
person.crop.circle.badge.minus	iOS=13.0	macOS=10.15	tvOS=13.0	visionOS=1.0	watchOS=6.0
person.crop.circle.badge.plus	iOS=13.0	macOS=10.15	tvOS=13.0	visionOS=1.0	watchOS=6.0
person.crop.circle.badge.xmark	iOS=13.0	macOS=10.15	tvOS=13.0	visionOS=1.0	watchOS=6.0
person.crop.circle.fill	iOS=13.0	macOS=10.15	tvOS=13.0	visionOS=1.0	watchOS=6.0
person.crop.circle.fill.badge.checkmark	iOS=13.0	macOS=10.15	tvOS=13.0	visionOS=1.0	watchOS=6.0
person.crop.circle.fill.badge.exclam	iOS=13.0	macOS=10.15	tvOS=13.0	visionOS=1.0	watchOS=6.0
person.crop.circle.fill.badge.minus	iOS=13.0	macOS=10.15	tvOS=13.0	visionOS=1.0	watchOS=6.0
person.crop.circle.fill.badge.plus	iOS=13.0	macOS=10.15	tvOS=13.0	visionOS=1.0	watchOS=6.0
person.crop.circle.fill.badge.xmark	iOS=13.0	macOS=10.15	tvOS=13.0	visionOS=1.0	watchOS=6.0
person.crop.rectangle	iOS=13.0	macOS=10.15	tvOS=13.0	visionOS=1.0	watchOS=6.0
person.crop.rectangle.fill	iOS=13.0	macOS=10.15	tvOS=13.0	visionOS=1.0	watchOS=6.0
person.crop.square	iOS=13.0	macOS=10.15	tvOS=13.0	visionOS=1.0	watchOS=6.0
person.crop.square.fill	iOS=13.0	macOS=10.15	tvOS=13.0	visionOS=1.0	watchOS=6.0
person.fill	iOS=13.0	macOS=10.15	tvOS=13.0	visionOS=1.0	watchOS=6.0
person.icloud	iOS=13.0	macOS=10.15	tvOS=13.0	visionOS=1.0	watchOS=6.0
person.icloud.fill	iOS=13.0	macOS=10.15	tvOS=13.0	visionOS=1.0	watchOS=6.0
personalhotspot	iOS=13.0	macOS=10.15	tvOS=13.0	visionOS=1.0	watchOS=6.0
perspective	iOS=13.0	macOS=10.15	tvOS=13.0	visionOS=1.0	watchOS=6.0
pesetasign.circle	iOS=13.0	macOS=10.15	tvOS=13.0	visionOS=1.0	watchOS=6.0
pesetasign.circle.fill	iOS=13.0	macOS=10.15	tvOS=13.0	visionOS=1.0	watchOS=6.0
pesetasign.square	iOS=13.0	macOS=10.15	tvOS=13.0	visionOS=1.0	watchOS=6.0
pesetasign.square.fill	iOS=13.0	macOS=10.15	tvOS=13.0	visionOS=1.0	watchOS=6.0
pesosign.circle	iOS=13.0	macOS=10.15	tvOS=13.0	visionOS=1.0	watchOS=6.0
pesosign.circle.fill	iOS=13.0	macOS=10.15	tvOS=13.0	visionOS=1.0	watchOS=6.0
pesosign.square	iOS=13.0	macOS=10.15	tvOS=13.0	visionOS=1.0	watchOS=6.0
pesosign.square.fill	iOS=13.0	macOS=10.15	tvOS=13.0	visionOS=1.0	watchOS=6.0
phone	iOS=13.0	macOS=10.15	tvOS=13.0	visionOS=1.0	watchOS=6.0
phone.arrow.down.left	iOS=13.0	macOS=10.15	tvOS=13.0	visionOS=1.0	watchOS=6.0
phone.arrow.right	iOS=13.0	macOS=10.15	tvOS=13.0	visionOS=1.0	watchOS=6.0
phone.arrow.up.right	iOS=13.0	macOS=10.15	tvOS=13.0	visionOS=1.0	watchOS=6.0
phone.badge.plus	iOS=13.0	macOS=10.15	tvOS=13.0	visionOS=1.0	watchOS=6.0
phone.circle	iOS=13.0	macOS=10.15	tvOS=13.0	visionOS=1.0	watchOS=6.0
phone.circle.fill	iOS=13.0	macOS=10.15	tvOS=13.0	visionOS=1.0	watchOS=6.0
phone.down	iOS=13.0	macOS=10.15	tvOS=13.0	visionOS=1.0	watchOS=6.0
phone.down.circle	iOS=13.0	macOS=10.15	tvOS=13.0	visionOS=1.0	watchOS=6.0
phone.down.circle.fill	iOS=13.0	macOS=10.15	tvOS=13.0	visionOS=1.0	watchOS=6.0
phone.down.fill	iOS=13.0	macOS=10.15	tvOS=13.0	visionOS=1.0	watchOS=6.0
phone.fill	iOS=13.0	macOS=10.15	tvOS=13.0	visionOS=1.0	watchOS=6.0
phone.fill.arrow.down.left	iOS=13.0	macOS=10.15	tvOS=13.0	visionOS=1.0	watchOS=6.0
phone.fill.arrow.right	iOS=13.0	macOS=10.15	tvOS=13.0	visionOS=1.0	watchOS=6.0
phone.fill.arrow.up.right	iOS=13.0	macOS=10.15	tvOS=13.0	visionOS=1.0	watchOS=6.0
phone.fill.badge.plus	iOS=13.0	macOS=10.15	tvOS=13.0	visionOS=1.0	watchOS=6.0
photo	iOS=13.0	macOS=10.15	tvOS=13.0	visionOS=1.0	watchOS=6.0
photo.fill	iOS=13.0	macOS=10.15	tvOS=13.0	visionOS=1.0	watchOS=6.0
photo.fill.on.rectangle.fill	iOS=13.0	macOS=10.15	tvOS=13.0	visionOS=1.0	watchOS=6.0
photo.on.rectangle	iOS=13.0	macOS=10.15	tvOS=13.0	visionOS=1.0	watchOS=6.0
pin	iOS=13.0	macOS=10.15	tvOS=13.0	visionOS=1.0	watchOS=6.0
pin.fill	iOS=13.0	macOS=10.15	tvOS=13.0	visionOS=1.0	watchOS=6.0
pin.slash	iOS=13.0	macOS=10.15	tvOS=13.0	visionOS=1.0	watchOS=6.0
pin.slash.fill	iOS=13.0	macOS=10.15	tvOS=13.0	visionOS=1.0	watchOS=6.0
play	iOS=13.0	macOS=10.15	tvOS=13.0	visionOS=1.0	watchOS=6.0
play.circle	iOS=13.0	macOS=10.15	tvOS=13.0	visionOS=1.0	watchOS=6.0
play.circle.fill	iOS=13.0	macOS=10.15	tvOS=13.0	visionOS=1.0	watchOS=6.0
play.fill	iOS=13.0	macOS=10.15	tvOS=13.0	visionOS=1.0	watchOS=6.0
play.rectangle	iOS=13.0	macOS=10.15	tvOS=13.0	visionOS=1.0	watchOS=6.0
play.rectangle.fill	iOS=13.0	macOS=10.15	tvOS=13.0	visionOS=1.0	watchOS=6.0
playpause	iOS=13.0	macOS=10.15	tvOS=13.0	visionOS=1.0	watchOS=6.0
playpause.fill	iOS=13.0	macOS=10.15	tvOS=13.0	visionOS=1.0	watchOS=6.0
plus	iOS=13.0	macOS=10.15	tvOS=13.0	visionOS=1.0	watchOS=6.0
plus.app	iOS=13.0	macOS=10.15	tvOS=13.0	visionOS=1.0	watchOS=6.0
plus.app.fill	iOS=13.0	macOS=10.15	tvOS=13.0	visionOS=1.0	watchOS=6.0
plus.bubble	iOS=13.0	macOS=10.15	tvOS=13.0	visionOS=1.0	watchOS=6.0
plus.bubble.fill	iOS=13.0	macOS=10.15	tvOS=13.0	visionOS=1.0	watchOS=6.0
plus.circle	iOS=13.0	macOS=10.15	tvOS=13.0	visionOS=1.0	watchOS=6.0
plus.circle.fill	iOS=13.0	macOS=10.15	tvOS=13.0	visionOS=1.0	watchOS=6.0
plus.magnifyingglass	iOS=13.0	macOS=10.15	tvOS=13.0	visionOS=1.0	watchOS=6.0
plus.rectangle	iOS=13.0	macOS=10.15	tvOS=13.0	visionOS=1.0	watchOS=6.0
plus.rectangle.fill	iOS=13.0	macOS=10.15	tvOS=13.0	visionOS=1.0	watchOS=6.0
plus.rectangle.fill.on.rectangle.fill	iOS=13.0	macOS=10.15	tvOS=13.0	visionOS=1.0	watchOS=6.0
plus.rectangle.on.rectangle	iOS=13.0	macOS=10.15	tvOS=13.0	visionOS=1.0	watchOS=6.0
plus.slash.minus	iOS=13.0	macOS=10.15	tvOS=13.0	visionOS=1.0	watchOS=6.0
plus.square	iOS=13.0	macOS=10.15	tvOS=13.0	visionOS=1.0	watchOS=6.0
plus.square.fill	iOS=13.0	macOS=10.15	tvOS=13.0	visionOS=1.0	watchOS=6.0
plus.square.fill.on.square.fill	iOS=13.0	macOS=10.15	tvOS=13.0	visionOS=1.0	watchOS=6.0
plus.square.on.square	iOS=13.0	macOS=10.15	tvOS=13.0	visionOS=1.0	watchOS=6.0
plusminus	iOS=13.0	macOS=10.15	tvOS=13.0	visionOS=1.0	watchOS=6.0
plusminus.circle	iOS=13.0	macOS=10.15	tvOS=13.0	visionOS=1.0	watchOS=6.0
plusminus.circle.fill	iOS=13.0	macOS=10.15	tvOS=13.0	visionOS=1.0	watchOS=6.0
power	iOS=13.0	macOS=10.15	tvOS=13.0	visionOS=1.0	watchOS=6.0
printer	iOS=13.0	macOS=10.15	tvOS=13.0	visionOS=1.0	watchOS=6.0
printer.fill	iOS=13.0	macOS=10.15	tvOS=13.0	visionOS=1.0	watchOS=6.0
projective	iOS=13.0	macOS=10.15	tvOS=13.0	visionOS=1.0	watchOS=6.0
purchased	iOS=13.0	macOS=10.15	tvOS=13.0	visionOS=1.0	watchOS=6.0
purchased.circle	iOS=13.0	macOS=10.15	tvOS=13.0	visionOS=1.0	watchOS=6.0
purchased.circle.fill	iOS=13.0	macOS=10.15	tvOS=13.0	visionOS=1.0	watchOS=6.0
q.circle	iOS=13.0	macOS=10.15	tvOS=13.0	visionOS=1.0	watchOS=6.0
q.circle.fill	iOS=13.0	macOS=10.15	tvOS=13.0	visionOS=1.0	watchOS=6.0
q.square	iOS=13.0	macOS=10.15	tvOS=13.0	visionOS=1.0	watchOS=6.0
q.square.fill	iOS=13.0	macOS=10.15	tvOS=13.0	visionOS=1.0	watchOS=6.0
qrcode	iOS=13.0	macOS=10.15	tvOS=13.0	visionOS=1.0	watchOS=6.0
qrcode.viewfinder	iOS=13.0	macOS=10.15	tvOS=13.0	visionOS=1.0	watchOS=6.0
questionmark	iOS=13.0	macOS=10.15	tvOS=13.0	visionOS=1.0	watchOS=6.0
questionmark.circle	iOS=13.0	macOS=10.15	tvOS=13.0	visionOS=1.0	watchOS=6.0
questionmark.circle.fill	iOS=13.0	macOS=10.15	tvOS=13.0	visionOS=1.0	watchOS=6.0
questionmark.diamond	iOS=13.0	macOS=10.15	tvOS=13.0	visionOS=1.0	watchOS=6.0
questionmark.diamond.fill	iOS=13.0	macOS=10.15	tvOS=13.0	visionOS=1.0	watchOS=6.0
questionmark.square	iOS=13.0	macOS=10.15	tvOS=13.0	visionOS=1.0	watchOS=6.0
questionmark.square.fill	iOS=13.0	macOS=10.15	tvOS=13.0	visionOS=1.0	watchOS=6.0
questionmark.video	iOS=13.0	macOS=10.15	tvOS=13.0	visionOS=1.0	watchOS=6.0
questionmark.video.fill	iOS=13.0	macOS=10.15	tvOS=13.0	visionOS=1.0	watchOS=6.0
questionmark.video.fill.rtl	iOS=13.0	macOS=10.15	tvOS=13.0	visionOS=1.0	watchOS=6.0
questionmark.video.rtl	iOS=13.0	macOS=10.15	tvOS=13.0	visionOS=1.0	watchOS=6.0
quote.bubble	iOS=13.0	macOS=10.15	tvOS=13.0	visionOS=1.0	watchOS=6.0
quote.bubble.fill	iOS=13.0	macOS=10.15	tvOS=13.0	visionOS=1.0	watchOS=6.0
r.circle	iOS=13.0	macOS=10.15	tvOS=13.0	visionOS=1.0	watchOS=6.0
r.circle.fill	iOS=13.0	macOS=10.15	tvOS=13.0	visionOS=1.0	watchOS=6.0
r.square	iOS=13.0	macOS=10.15	tvOS=13.0	visionOS=1.0	watchOS=6.0
r.square.fill	iOS=13.0	macOS=10.15	tvOS=13.0	visionOS=1.0	watchOS=6.0
radiowaves.left	iOS=13.0	macOS=10.15	tvOS=13.0	visionOS=1.0	watchOS=6.0
radiowaves.right	iOS=13.0	macOS=10.15	tvOS=13.0	visionOS=1.0	watchOS=6.0
rays	iOS=13.0	macOS=10.15	tvOS=13.0	visionOS=1.0	watchOS=6.0
recordingtape	iOS=13.0	macOS=10.15	tvOS=13.0	visionOS=1.0	watchOS=6.0
rectangle	iOS=13.0	macOS=10.15	tvOS=13.0	visionOS=1.0	watchOS=6.0
rectangle.3.offgrid	iOS=13.0	macOS=10.15	tvOS=13.0	visionOS=1.0	watchOS=6.0
rectangle.3.offgrid.fill	iOS=13.0	macOS=10.15	tvOS=13.0	visionOS=1.0	watchOS=6.0
rectangle.and.arrow.up.right.and.arrow.down.left	iOS=13.0	macOS=10.15	tvOS=13.0	visionOS=1.0	watchOS=6.0
rectangle.and.arrow.up.right.and.arrow.down.left.slash	iOS=13.0	macOS=10.15	tvOS=13.0	visionOS=1.0	watchOS=6.0
rectangle.and.paperclip	iOS=13.0	macOS=10.15	tvOS=13.0	visionOS=1.0	watchOS=6.0
rectangle.badge.checkmark	iOS=13.0	macOS=10.15	tvOS=13.0	visionOS=1.0	watchOS=6.0
rectangle.badge.xmark	iOS=13.0	macOS=10.15	tvOS=13.0	visionOS=1.0	watchOS=6.0
rectangle.compress.vertical	iOS=13.0	macOS=10.15	tvOS=13.0	visionOS=1.0	watchOS=6.0
rectangle.dock	iOS=13.0	macOS=10.15	tvOS=13.0	visionOS=1.0	watchOS=6.0
rectangle.expand.vertical	iOS=13.0	macOS=10.15	tvOS=13.0	visionOS=1.0	watchOS=6.0
rectangle.fill	iOS=13.0	macOS=10.15	tvOS=13.0	visionOS=1.0	watchOS=6.0
rectangle.fill.badge.checkmark	iOS=13.0	macOS=10.15	tvOS=13.0	visionOS=1.0	watchOS=6.0
rectangle.fill.badge.xmark	iOS=13.0	macOS=10.15	tvOS=13.0	visionOS=1.0	watchOS=6.0
rectangle.fill.on.rectangle.angled.fill	iOS=13.0	macOS=10.15	tvOS=13.0	visionOS=1.0	watchOS=6.0
rectangle.fill.on.rectangle.fill	iOS=13.0	macOS=10.15	tvOS=13.0	visionOS=1.0	watchOS=6.0
rectangle.grid.1x2	iOS=13.0	macOS=10.15	tvOS=13.0	visionOS=1.0	watchOS=6.0
rectangle.grid.1x2.fill	iOS=13.0	macOS=10.15	tvOS=13.0	visionOS=1.0	watchOS=6.0
rectangle.grid.2x2	iOS=13.0	macOS=10.15	tvOS=13.0	visionOS=1.0	watchOS=6.0
rectangle.grid.2x2.fill	iOS=13.0	macOS=10.15	tvOS=13.0	visionOS=1.0	watchOS=6.0
rectangle.grid.3x2	iOS=13.0	macOS=10.15	tvOS=13.0	visionOS=1.0	watchOS=6.0
rectangle.grid.3x2.fill	iOS=13.0	macOS=10.15	tvOS=13.0	visionOS=1.0	watchOS=6.0
rectangle.on.rectangle	iOS=13.0	macOS=10.15	tvOS=13.0	visionOS=1.0	watchOS=6.0
rectangle.on.rectangle.angled	iOS=13.0	macOS=10.15	tvOS=13.0	visionOS=1.0	watchOS=6.0
rectangle.split.3x1	iOS=13.0	macOS=10.15	tvOS=13.0	visionOS=1.0	watchOS=6.0
rectangle.split.3x1.fill	iOS=13.0	macOS=10.15	tvOS=13.0	visionOS=1.0	watchOS=6.0
rectangle.split.3x3	iOS=13.0	macOS=10.15	tvOS=13.0	visionOS=1.0	watchOS=6.0
rectangle.split.3x3.fill	iOS=13.0	macOS=10.15	tvOS=13.0	visionOS=1.0	watchOS=6.0
rectangle.stack	iOS=13.0	macOS=10.15	tvOS=13.0	visionOS=1.0	watchOS=6.0
rectangle.stack.badge.minus	iOS=13.0	macOS=10.15	tvOS=13.0	visionOS=1.0	watchOS=6.0
rectangle.stack.badge.person.crop	iOS=13.0	macOS=10.15	tvOS=13.0	visionOS=1.0	watchOS=6.0
rectangle.stack.badge.plus	iOS=13.0	macOS=10.15	tvOS=13.0	visionOS=1.0	watchOS=6.0
rectangle.stack.fill	iOS=13.0	macOS=10.15	tvOS=13.0	visionOS=1.0	watchOS=6.0
rectangle.stack.fill.badge.minus	iOS=13.0	macOS=10.15	tvOS=13.0	visionOS=1.0	watchOS=6.0
rectangle.stack.fill.badge.person.crop	iOS=13.0	macOS=10.15	tvOS=13.0	visionOS=1.0	watchOS=6.0
rectangle.stack.fill.badge.plus	iOS=13.0	macOS=10.15	tvOS=13.0	visionOS=1.0	watchOS=6.0
rectangle.stack.person.crop	iOS=13.0	macOS=10.15	tvOS=13.0	visionOS=1.0	watchOS=6.0
rectangle.stack.person.crop.fill	iOS=13.0	macOS=10.15	tvOS=13.0	visionOS=1.0	watchOS=6.0
repeat	iOS=13.0	macOS=10.15	tvOS=13.0	visionOS=1.0	watchOS=6.0
repeat.1	iOS=13.0	macOS=10.15	tvOS=13.0	visionOS=1.0	watchOS=6.0
return	iOS=13.0	macOS=10.15	tvOS=13.0	visionOS=1.0	watchOS=6.0
rhombus	iOS=13.0	macOS=10.15	tvOS=13.0	visionOS=1.0	watchOS=6.0
rhombus.fill	iOS=13.0	macOS=10.15	tvOS=13.0	visionOS=1.0	watchOS=6.0
rosette	iOS=13.0	macOS=10.15	tvOS=13.0	visionOS=1.0	watchOS=6.0
rotate.left	iOS=13.0	macOS=10.15	tvOS=13.0	visionOS=1.0	watchOS=6.0
rotate.left.fill	iOS=13.0	macOS=10.15	tvOS=13.0	visionOS=1.0	watchOS=6.0
rotate.right	iOS=13.0	macOS=10.15	tvOS=13.0	visionOS=1.0	watchOS=6.0
rotate.right.fill	iOS=13.0	macOS=10.15	tvOS=13.0	visionOS=1.0	watchOS=6.0
rublesign.circle	iOS=13.0	macOS=10.15	tvOS=13.0	visionOS=1.0	watchOS=6.0
rublesign.circle.fill	iOS=13.0	macOS=10.15	tvOS=13.0	visionOS=1.0	watchOS=6.0
rublesign.square	iOS=13.0	macOS=10.15	tvOS=13.0	visionOS=1.0	watchOS=6.0
rublesign.square.fill	iOS=13.0	macOS=10.15	tvOS=13.0	visionOS=1.0	watchOS=6.0
rupeesign.circle	iOS=13.0	macOS=10.15	tvOS=13.0	visionOS=1.0	watchOS=6.0
rupeesign.circle.fill	iOS=13.0	macOS=10.15	tvOS=13.0	visionOS=1.0	watchOS=6.0
rupeesign.square	iOS=13.0	macOS=10.15	tvOS=13.0	visionOS=1.0	watchOS=6.0
rupeesign.square.fill	iOS=13.0	macOS=10.15	tvOS=13.0	visionOS=1.0	watchOS=6.0
s.circle	iOS=13.0	macOS=10.15	tvOS=13.0	visionOS=1.0	watchOS=6.0
s.circle.fill	iOS=13.0	macOS=10.15	tvOS=13.0	visionOS=1.0	watchOS=6.0
s.square	iOS=13.0	macOS=10.15	tvOS=13.0	visionOS=1.0	watchOS=6.0
s.square.fill	iOS=13.0	macOS=10.15	tvOS=13.0	visionOS=1.0	watchOS=6.0
safari	iOS=13.0	macOS=10.15	tvOS=13.0	visionOS=1.0	watchOS=6.0
safari.fill	iOS=13.0	macOS=10.15	tvOS=13.0	visionOS=1.0	watchOS=6.0
scissors	iOS=13.0	macOS=10.15	tvOS=13.0	visionOS=1.0	watchOS=6.0
scope	iOS=13.0	macOS=10.15	tvOS=13.0	visionOS=1.0	watchOS=6.0
scribble	iOS=13.0	macOS=10.15	tvOS=13.0	visionOS=1.0	watchOS=6.0
selection.pin.in.out	iOS=13.0	macOS=10.15	tvOS=13.0	visionOS=1.0	watchOS=6.0
sheqelsign.circle	iOS=13.0	macOS=10.15	tvOS=13.0	visionOS=1.0	watchOS=6.0
sheqelsign.circle.fill	iOS=13.0	macOS=10.15	tvOS=13.0	visionOS=1.0	watchOS=6.0
sheqelsign.square	iOS=13.0	macOS=10.15	tvOS=13.0	visionOS=1.0	watchOS=6.0
sheqelsign.square.fill	iOS=13.0	macOS=10.15	tvOS=13.0	visionOS=1.0	watchOS=6.0
shield	iOS=13.0	macOS=10.15	tvOS=13.0	visionOS=1.0	watchOS=6.0
shield.fill	iOS=13.0	macOS=10.15	tvOS=13.0	visionOS=1.0	watchOS=6.0
shield.lefthalf.fill	iOS=13.0	macOS=10.15	tvOS=13.0	visionOS=1.0	watchOS=6.0
shield.slash	iOS=13.0	macOS=10.15	tvOS=13.0	visionOS=1.0	watchOS=6.0
shield.slash.fill	iOS=13.0	macOS=10.15	tvOS=13.0	visionOS=1.0	watchOS=6.0
shift	iOS=13.0	macOS=10.15	tvOS=13.0	visionOS=1.0	watchOS=6.0
shift.fill	iOS=13.0	macOS=10.15	tvOS=13.0	visionOS=1.0	watchOS=6.0
shuffle	iOS=13.0	macOS=10.15	tvOS=13.0	visionOS=1.0	watchOS=6.0
sidebar.left	iOS=13.0	macOS=10.15	tvOS=13.0	visionOS=1.0	watchOS=6.0
sidebar.right	iOS=13.0	macOS=10.15	tvOS=13.0	visionOS=1.0	watchOS=6.0
signature	iOS=13.0	macOS=10.15	tvOS=13.0	visionOS=1.0	watchOS=6.0
skew	iOS=13.0	macOS=10.15	tvOS=13.0	visionOS=1.0	watchOS=6.0
slash.circle	iOS=13.0	macOS=10.15	tvOS=13.0	visionOS=1.0	watchOS=6.0
slash.circle.fill	iOS=13.0	macOS=10.15	tvOS=13.0	visionOS=1.0	watchOS=6.0
slider.horizontal.3	iOS=13.0	macOS=10.15	tvOS=13.0	visionOS=1.0	watchOS=6.0
slider.horizontal.below.rectangle	iOS=13.0	macOS=10.15	tvOS=13.0	visionOS=1.0	watchOS=6.0
slowmo	iOS=13.0	macOS=10.15	tvOS=13.0	visionOS=1.0	watchOS=6.0
smallcircle.circle	iOS=13.0	macOS=10.15	tvOS=13.0	visionOS=1.0	watchOS=6.0
smallcircle.circle.fill	iOS=13.0	macOS=10.15	tvOS=13.0	visionOS=1.0	watchOS=6.0
smallcircle.fill.circle	iOS=13.0	macOS=10.15	tvOS=13.0	visionOS=1.0	watchOS=6.0
smallcircle.fill.circle.fill	iOS=13.0	macOS=10.15	tvOS=13.0	visionOS=1.0	watchOS=6.0
smiley	iOS=13.0	macOS=10.15	tvOS=13.0	visionOS=1.0	watchOS=6.0
smiley.fill	iOS=13.0	macOS=10.15	tvOS=13.0	visionOS=1.0	watchOS=6.0
smoke	iOS=13.0	macOS=10.15	tvOS=13.0	visionOS=1.0	watchOS=6.0
smoke.fill	iOS=13.0	macOS=10.15	tvOS=13.0	visionOS=1.0	watchOS=6.0
snow	iOS=13.0	macOS=10.15	tvOS=13.0	visionOS=1.0	watchOS=6.0
sparkles	iOS=13.0	macOS=10.15	tvOS=13.0	visionOS=1.0	watchOS=6.0
speaker	iOS=13.0	macOS=10.15	tvOS=13.0	visionOS=1.0	watchOS=6.0
speaker.1	iOS=13.0	macOS=10.15	tvOS=13.0	visionOS=1.0	watchOS=6.0
speaker.1.fill	iOS=13.0	macOS=10.15	tvOS=13.0	visionOS=1.0	watchOS=6.0
speaker.2	iOS=13.0	macOS=10.15	tvOS=13.0	visionOS=1.0	watchOS=6.0
speaker.2.fill	iOS=13.0	macOS=10.15	tvOS=13.0	visionOS=1.0	watchOS=6.0
speaker.3	iOS=13.0	macOS=10.15	tvOS=13.0	visionOS=1.0	watchOS=6.0
speaker.3.fill	iOS=13.0	macOS=10.15	tvOS=13.0	visionOS=1.0	watchOS=6.0
speaker.fill	iOS=13.0	macOS=10.15	tvOS=13.0	visionOS=1.0	watchOS=6.0
speaker.slash	iOS=13.0	macOS=10.15	tvOS=13.0	visionOS=1.0	watchOS=6.0
speaker.slash.fill	iOS=13.0	macOS=10.15	tvOS=13.0	visionOS=1.0	watchOS=6.0
speaker.slash.fill.rtl	iOS=13.0	macOS=10.15	tvOS=13.0	visionOS=1.0	watchOS=6.0
speaker.slash.rtl	iOS=13.0	macOS=10.15	tvOS=13.0	visionOS=1.0	watchOS=6.0
speaker.zzz	iOS=13.0	macOS=10.15	tvOS=13.0	visionOS=1.0	watchOS=6.0
speaker.zzz.fill	iOS=13.0	macOS=10.15	tvOS=13.0	visionOS=1.0	watchOS=6.0
speaker.zzz.fill.rtl	iOS=13.0	macOS=10.15	tvOS=13.0	visionOS=1.0	watchOS=6.0
speaker.zzz.rtl	iOS=13.0	macOS=10.15	tvOS=13.0	visionOS=1.0	watchOS=6.0
speedometer	iOS=13.0	macOS=10.15	tvOS=13.0	visionOS=1.0	watchOS=6.0
sportscourt	iOS=13.0	macOS=10.15	tvOS=13.0	visionOS=1.0	watchOS=6.0
sportscourt.fill	iOS=13.0	macOS=10.15	tvOS=13.0	visionOS=1.0	watchOS=6.0
square	iOS=13.0	macOS=10.15	tvOS=13.0	visionOS=1.0	watchOS=6.0
square.and.arrow.down	iOS=13.0	macOS=10.15	tvOS=13.0	visionOS=1.0	watchOS=6.0
square.and.arrow.down.fill	iOS=13.0	macOS=10.15	tvOS=13.0	visionOS=1.0	watchOS=6.0
square.and.arrow.down.on.square	iOS=13.0	macOS=10.15	tvOS=13.0	visionOS=1.0	watchOS=6.0
square.and.arrow.down.on.square.fill	iOS=13.0	macOS=10.15	tvOS=13.0	visionOS=1.0	watchOS=6.0
square.and.arrow.up	iOS=13.0	macOS=10.15	tvOS=13.0	visionOS=1.0	watchOS=6.0
square.and.arrow.up.fill	iOS=13.0	macOS=10.15	tvOS=13.0	visionOS=1.0	watchOS=6.0
square.and.arrow.up.on.square	iOS=13.0	macOS=10.15	tvOS=13.0	visionOS=1.0	watchOS=6.0
square.and.arrow.up.on.square.fill	iOS=13.0	macOS=10.15	tvOS=13.0	visionOS=1.0	watchOS=6.0
square.and.line.vertical.and.square	iOS=13.0	macOS=10.15	tvOS=13.0	visionOS=1.0	watchOS=6.0
square.and.line.vertical.and.square.fill	iOS=13.0	macOS=10.15	tvOS=13.0	visionOS=1.0	watchOS=6.0
square.and.pencil	iOS=13.0	macOS=10.15	tvOS=13.0	visionOS=1.0	watchOS=6.0
square.fill	iOS=13.0	macOS=10.15	tvOS=13.0	visionOS=1.0	watchOS=6.0
square.fill.and.line.vertical.and.square	iOS=13.0	macOS=10.15	tvOS=13.0	visionOS=1.0	watchOS=6.0
square.fill.and.line.vertical.square.fill	iOS=13.0	macOS=10.15	tvOS=13.0	visionOS=1.0	watchOS=6.0
square.fill.on.circle.fill	iOS=13.0	macOS=10.15	tvOS=13.0	visionOS=1.0	watchOS=6.0
square.fill.on.square.fill	iOS=13.0	macOS=10.15	tvOS=13.0	visionOS=1.0	watchOS=6.0
square.grid.2x2	iOS=13.0	macOS=10.15	tvOS=13.0	visionOS=1.0	watchOS=6.0
square.grid.2x2.fill	iOS=13.0	macOS=10.15	tvOS=13.0	visionOS=1.0	watchOS=6.0
square.grid.3x2	iOS=13.0	macOS=10.15	tvOS=13.0	visionOS=1.0	watchOS=6.0
square.grid.3x2.fill	iOS=13.0	macOS=10.15	tvOS=13.0	visionOS=1.0	watchOS=6.0
square.grid.4x3.fill	iOS=13.0	macOS=10.15	tvOS=13.0	visionOS=1.0	watchOS=6.0
square.lefthalf.fill	iOS=13.0	macOS=10.15	tvOS=13.0	visionOS=1.0	watchOS=6.0
square.on.circle	iOS=13.0	macOS=10.15	tvOS=13.0	visionOS=1.0	watchOS=6.0
square.on.square	iOS=13.0	macOS=10.15	tvOS=13.0	visionOS=1.0	watchOS=6.0
square.righthalf.fill	iOS=13.0	macOS=10.15	tvOS=13.0	visionOS=1.0	watchOS=6.0
square.split.1x2	iOS=13.0	macOS=10.15	tvOS=13.0	visionOS=1.0	watchOS=6.0
square.split.1x2.fill	iOS=13.0	macOS=10.15	tvOS=13.0	visionOS=1.0	watchOS=6.0
square.split.2x1	iOS=13.0	macOS=10.15	tvOS=13.0	visionOS=1.0	watchOS=6.0
square.split.2x1.fill	iOS=13.0	macOS=10.15	tvOS=13.0	visionOS=1.0	watchOS=6.0
square.split.2x2	iOS=13.0	macOS=10.15	tvOS=13.0	visionOS=1.0	watchOS=6.0
square.split.2x2.fill	iOS=13.0	macOS=10.15	tvOS=13.0	visionOS=1.0	watchOS=6.0
square.stack	iOS=13.0	macOS=10.15	tvOS=13.0	visionOS=1.0	watchOS=6.0
square.stack.3d.down.dottedline	iOS=13.0	macOS=10.15	tvOS=13.0	visionOS=1.0	watchOS=6.0
square.stack.3d.down.right	iOS=13.0	macOS=10.15	tvOS=13.0	visionOS=1.0	watchOS=6.0
square.stack.3d.down.right.fill	iOS=13.0	macOS=10.15	tvOS=13.0	visionOS=1.0	watchOS=6.0
square.stack.3d.up	iOS=13.0	macOS=10.15	tvOS=13.0	visionOS=1.0	watchOS=6.0
square.stack.3d.up.fill	iOS=13.0	macOS=10.15	tvOS=13.0	visionOS=1.0	watchOS=6.0
square.stack.3d.up.slash	iOS=13.0	macOS=10.15	tvOS=13.0	visionOS=1.0	watchOS=6.0
square.stack.3d.up.slash.fill	iOS=13.0	macOS=10.15	tvOS=13.0	visionOS=1.0	watchOS=6.0
square.stack.fill	iOS=13.0	macOS=10.15	tvOS=13.0	visionOS=1.0	watchOS=6.0
squares.below.rectangle	iOS=13.0	macOS=10.15	tvOS=13.0	visionOS=1.0	watchOS=6.0
star	iOS=13.0	macOS=10.15	tvOS=13.0	visionOS=1.0	watchOS=6.0
star.circle	iOS=13.0	macOS=10.15	tvOS=13.0	visionOS=1.0	watchOS=6.0
star.circle.fill	iOS=13.0	macOS=10.15	tvOS=13.0	visionOS=1.0	watchOS=6.0
star.fill	iOS=13.0	macOS=10.15	tvOS=13.0	visionOS=1.0	watchOS=6.0
star.lefthalf.fill	iOS=13.0	macOS=10.15	tvOS=13.0	visionOS=1.0	watchOS=6.0
star.slash	iOS=13.0	macOS=10.15	tvOS=13.0	visionOS=1.0	watchOS=6.0
star.slash.fill	iOS=13.0	macOS=10.15	tvOS=13.0	visionOS=1.0	watchOS=6.0
staroflife	iOS=13.0	macOS=10.15	tvOS=13.0	visionOS=1.0	watchOS=6.0
staroflife.fill	iOS=13.0	macOS=10.15	tvOS=13.0	visionOS=1.0	watchOS=6.0
sterlingsign.circle	iOS=13.0	macOS=10.15	tvOS=13.0	visionOS=1.0	watchOS=6.0
sterlingsign.circle.fill	iOS=13.0	macOS=10.15	tvOS=13.0	visionOS=1.0	watchOS=6.0
sterlingsign.square	iOS=13.0	macOS=10.15	tvOS=13.0	visionOS=1.0	watchOS=6.0
sterlingsign.square.fill	iOS=13.0	macOS=10.15	tvOS=13.0	visionOS=1.0	watchOS=6.0
stop	iOS=13.0	macOS=10.15	tvOS=13.0	visionOS=1.0	watchOS=6.0
stop.circle	iOS=13.0	macOS=10.15	tvOS=13.0	visionOS=1.0	watchOS=6.0
stop.circle.fill	iOS=13.0	macOS=10.15	tvOS=13.0	visionOS=1.0	watchOS=6.0
stop.fill	iOS=13.0	macOS=10.15	tvOS=13.0	visionOS=1.0	watchOS=6.0
stopwatch	iOS=13.0	macOS=10.15	tvOS=13.0	visionOS=1.0	watchOS=6.0
stopwatch.fill	iOS=13.0	macOS=10.15	tvOS=13.0	visionOS=1.0	watchOS=6.0
strikethrough	iOS=13.0	macOS=10.15	tvOS=13.0	visionOS=1.0	watchOS=6.0
suit.club	iOS=13.0	macOS=10.15	tvOS=13.0	visionOS=1.0	watchOS=6.0
suit.club.fill	iOS=13.0	macOS=10.15	tvOS=13.0	visionOS=1.0	watchOS=6.0
suit.diamond	iOS=13.0	macOS=10.15	tvOS=13.0	visionOS=1.0	watchOS=6.0
suit.diamond.fill	iOS=13.0	macOS=10.15	tvOS=13.0	visionOS=1.0	watchOS=6.0
suit.heart	iOS=13.0	macOS=10.15	tvOS=13.0	visionOS=1.0	watchOS=6.0
suit.heart.fill	iOS=13.0	macOS=10.15	tvOS=13.0	visionOS=1.0	watchOS=6.0
suit.spade	iOS=13.0	macOS=10.15	tvOS=13.0	visionOS=1.0	watchOS=6.0
suit.spade.fill	iOS=13.0	macOS=10.15	tvOS=13.0	visionOS=1.0	watchOS=6.0
sum	iOS=13.0	macOS=10.15	tvOS=13.0	visionOS=1.0	watchOS=6.0
sun.dust	iOS=13.0	macOS=10.15	tvOS=13.0	visionOS=1.0	watchOS=6.0
sun.dust.fill	iOS=13.0	macOS=10.15	tvOS=13.0	visionOS=1.0	watchOS=6.0
sun.haze	iOS=13.0	macOS=10.15	tvOS=13.0	visionOS=1.0	watchOS=6.0
sun.haze.fill	iOS=13.0	macOS=10.15	tvOS=13.0	visionOS=1.0	watchOS=6.0
sun.max	iOS=13.0	macOS=10.15	tvOS=13.0	visionOS=1.0	watchOS=6.0
sun.max.fill	iOS=13.0	macOS=10.15	tvOS=13.0	visionOS=1.0	watchOS=6.0
sun.min	iOS=13.0	macOS=10.15	tvOS=13.0	visionOS=1.0	watchOS=6.0
sun.min.fill	iOS=13.0	macOS=10.15	tvOS=13.0	visionOS=1.0	watchOS=6.0
sunrise	iOS=13.0	macOS=10.15	tvOS=13.0	visionOS=1.0	watchOS=6.0
sunrise.fill	iOS=13.0	macOS=10.15	tvOS=13.0	visionOS=1.0	watchOS=6.0
sunset	iOS=13.0	macOS=10.15	tvOS=13.0	visionOS=1.0	watchOS=6.0
sunset.fill	iOS=13.0	macOS=10.15	tvOS=13.0	visionOS=1.0	watchOS=6.0
t.bubble	iOS=13.0	macOS=10.15	tvOS=13.0	visionOS=1.0	watchOS=6.0
t.bubble.fill	iOS=13.0	macOS=10.15	tvOS=13.0	visionOS=1.0	watchOS=6.0
t.circle	iOS=13.0	macOS=10.15	tvOS=13.0	visionOS=1.0	watchOS=6.0
t.circle.fill	iOS=13.0	macOS=10.15	tvOS=13.0	visionOS=1.0	watchOS=6.0
t.square	iOS=13.0	macOS=10.15	tvOS=13.0	visionOS=1.0	watchOS=6.0
t.square.fill	iOS=13.0	macOS=10.15	tvOS=13.0	visionOS=1.0	watchOS=6.0
table	iOS=13.0	macOS=10.15	tvOS=13.0	visionOS=1.0	watchOS=6.0
table.badge.more	iOS=13.0	macOS=10.15	tvOS=13.0	visionOS=1.0	watchOS=6.0
table.badge.more.fill	iOS=13.0	macOS=10.15	tvOS=13.0	visionOS=1.0	watchOS=6.0
table.fill	iOS=13.0	macOS=10.15	tvOS=13.0	visionOS=1.0	watchOS=6.0
tag	iOS=13.0	macOS=10.15	tvOS=13.0	visionOS=1.0	watchOS=6.0
tag.circle	iOS=13.0	macOS=10.15	tvOS=13.0	visionOS=1.0	watchOS=6.0
tag.circle.fill	iOS=13.0	macOS=10.15	tvOS=13.0	visionOS=1.0	watchOS=6.0
tag.fill	iOS=13.0	macOS=10.15	tvOS=13.0	visionOS=1.0	watchOS=6.0
teletype	iOS=13.0	macOS=10.15	tvOS=13.0	visionOS=1.0	watchOS=6.0
teletype.answer	iOS=13.0	macOS=10.15	tvOS=13.0	visionOS=1.0	watchOS=6.0
tengesign.circle	iOS=13.0	macOS=10.15	tvOS=13.0	visionOS=1.0	watchOS=6.0
tengesign.circle.fill	iOS=13.0	macOS=10.15	tvOS=13.0	visionOS=1.0	watchOS=6.0
tengesign.square	iOS=13.0	macOS=10.15	tvOS=13.0	visionOS=1.0	watchOS=6.0
tengesign.square.fill	iOS=13.0	macOS=10.15	tvOS=13.0	visionOS=1.0	watchOS=6.0
text.aligncenter	iOS=13.0	macOS=10.15	tvOS=13.0	visionOS=1.0	watchOS=6.0
text.alignleft	iOS=13.0	macOS=10.15	tvOS=13.0	visionOS=1.0	watchOS=6.0
text.alignright	iOS=13.0	macOS=10.15	tvOS=13.0	visionOS=1.0	watchOS=6.0
text.append	iOS=13.0	macOS=10.15	tvOS=13.0	visionOS=1.0	watchOS=6.0
text.badge.checkmark	iOS=13.0	macOS=10.15	tvOS=13.0	visionOS=1.0	watchOS=6.0
text.badge.minus	iOS=13.0	macOS=10.15	tvOS=13.0	visionOS=1.0	watchOS=6.0
text.badge.plus	iOS=13.0	macOS=10.15	tvOS=13.0	visionOS=1.0	watchOS=6.0
text.badge.star	iOS=13.0	macOS=10.15	tvOS=13.0	visionOS=1.0	watchOS=6.0
text.badge.xmark	iOS=13.0	macOS=10.15	tvOS=13.0	visionOS=1.0	watchOS=6.0
text.bubble	iOS=13.0	macOS=10.15	tvOS=13.0	visionOS=1.0	watchOS=6.0
text.bubble.fill	iOS=13.0	macOS=10.15	tvOS=13.0	visionOS=1.0	watchOS=6.0
text.cursor	iOS=13.0	macOS=10.15	tvOS=13.0	visionOS=1.0	watchOS=6.0
text.insert	iOS=13.0	macOS=10.15	tvOS=13.0	visionOS=1.0	watchOS=6.0
text.justify	iOS=13.0	macOS=10.15	tvOS=13.0	visionOS=1.0	watchOS=6.0
text.justifyleft	iOS=13.0	macOS=10.15	tvOS=13.0	visionOS=1.0	watchOS=6.0
text.justifyright	iOS=13.0	macOS=10.15	tvOS=13.0	visionOS=1.0	watchOS=6.0
text.quote	iOS=13.0	macOS=10.15	tvOS=13.0	visionOS=1.0	watchOS=6.0
textbox	iOS=13.0	macOS=10.15	tvOS=13.0	visionOS=1.0	watchOS=6.0
textformat	iOS=13.0	macOS=10.15	tvOS=13.0	visionOS=1.0	watchOS=6.0
textformat.123	iOS=13.0	macOS=10.15	tvOS=13.0	visionOS=1.0	watchOS=6.0
textformat.abc	iOS=13.0	macOS=10.15	tvOS=13.0	visionOS=1.0	watchOS=6.0
textformat.abc.dottedunderline	iOS=13.0	macOS=10.15	tvOS=13.0	visionOS=1.0	watchOS=6.0
textformat.alt	iOS=13.0	macOS=10.15	tvOS=13.0	visionOS=1.0	watchOS=6.0
textformat.size	iOS=13.0	macOS=10.15	tvOS=13.0	visionOS=1.0	watchOS=6.0
textformat.subscript	iOS=13.0	macOS=10.15	tvOS=13.0	visionOS=1.0	watchOS=6.0
textformat.superscript	iOS=13.0	macOS=10.15	tvOS=13.0	visionOS=1.0	watchOS=6.0
thermometer	iOS=13.0	macOS=10.15	tvOS=13.0	visionOS=1.0	watchOS=6.0
thermometer.snowflake	iOS=13.0	macOS=10.15	tvOS=13.0	visionOS=1.0	watchOS=6.0
thermometer.sun	iOS=13.0	macOS=10.15	tvOS=13.0	visionOS=1.0	watchOS=6.0
timelapse	iOS=13.0	macOS=10.15	tvOS=13.0	visionOS=1.0	watchOS=6.0
timer	iOS=13.0	macOS=10.15	tvOS=13.0	visionOS=1.0	watchOS=6.0
tornado	iOS=13.0	macOS=10.15	tvOS=13.0	visionOS=1.0	watchOS=6.0
tortoise	iOS=13.0	macOS=10.15	tvOS=13.0	visionOS=1.0	watchOS=6.0
tortoise.fill	iOS=13.0	macOS=10.15	tvOS=13.0	visionOS=1.0	watchOS=6.0
tram.fill	iOS=13.0	macOS=10.15	tvOS=13.0	visionOS=1.0	watchOS=6.0
trash	iOS=13.0	macOS=10.15	tvOS=13.0	visionOS=1.0	watchOS=6.0
trash.circle	iOS=13.0	macOS=10.15	tvOS=13.0	visionOS=1.0	watchOS=6.0
trash.circle.fill	iOS=13.0	macOS=10.15	tvOS=13.0	visionOS=1.0	watchOS=6.0
trash.fill	iOS=13.0	macOS=10.15	tvOS=13.0	visionOS=1.0	watchOS=6.0
trash.slash	iOS=13.0	macOS=10.15	tvOS=13.0	visionOS=1.0	watchOS=6.0
trash.slash.fill	iOS=13.0	macOS=10.15	tvOS=13.0	visionOS=1.0	watchOS=6.0
tray	iOS=13.0	macOS=10.15	tvOS=13.0	visionOS=1.0	watchOS=6.0
tray.2	iOS=13.0	macOS=10.15	tvOS=13.0	visionOS=1.0	watchOS=6.0
tray.2.fill	iOS=13.0	macOS=10.15	tvOS=13.0	visionOS=1.0	watchOS=6.0
tray.and.arrow.down	iOS=13.0	macOS=10.15	tvOS=13.0	visionOS=1.0	watchOS=6.0
tray.and.arrow.down.fill	iOS=13.0	macOS=10.15	tvOS=13.0	visionOS=1.0	watchOS=6.0
tray.and.arrow.up	iOS=13.0	macOS=10.15	tvOS=13.0	visionOS=1.0	watchOS=6.0
tray.and.arrow.up.fill	iOS=13.0	macOS=10.15	tvOS=13.0	visionOS=1.0	watchOS=6.0
tray.fill	iOS=13.0	macOS=10.15	tvOS=13.0	visionOS=1.0	watchOS=6.0
tray.full	iOS=13.0	macOS=10.15	tvOS=13.0	visionOS=1.0	watchOS=6.0
tray.full.fill	iOS=13.0	macOS=10.15	tvOS=13.0	visionOS=1.0	watchOS=6.0
triangle	iOS=13.0	macOS=10.15	tvOS=13.0	visionOS=1.0	watchOS=6.0
triangle.fill	iOS=13.0	macOS=10.15	tvOS=13.0	visionOS=1.0	watchOS=6.0
triangle.lefthalf.fill	iOS=13.0	macOS=10.15	tvOS=13.0	visionOS=1.0	watchOS=6.0
triangle.righthalf.fill	iOS=13.0	macOS=10.15	tvOS=13.0	visionOS=1.0	watchOS=6.0
tropicalstorm	iOS=13.0	macOS=10.15	tvOS=13.0	visionOS=1.0	watchOS=6.0
tugriksign.circle	iOS=13.0	macOS=10.15	tvOS=13.0	visionOS=1.0	watchOS=6.0
tugriksign.circle.fill	iOS=13.0	macOS=10.15	tvOS=13.0	visionOS=1.0	watchOS=6.0
tugriksign.square	iOS=13.0	macOS=10.15	tvOS=13.0	visionOS=1.0	watchOS=6.0
tugriksign.square.fill	iOS=13.0	macOS=10.15	tvOS=13.0	visionOS=1.0	watchOS=6.0
tuningfork	iOS=13.0	macOS=10.15	tvOS=13.0	visionOS=1.0	watchOS=6.0
turkishlirasign.circle	iOS=13.0	macOS=10.15	tvOS=13.0	visionOS=1.0	watchOS=6.0
turkishlirasign.circle.fill	iOS=13.0	macOS=10.15	tvOS=13.0	visionOS=1.0	watchOS=6.0
turkishlirasign.square	iOS=13.0	macOS=10.15	tvOS=13.0	visionOS=1.0	watchOS=6.0
turkishlirasign.square.fill	iOS=13.0	macOS=10.15	tvOS=13.0	visionOS=1.0	watchOS=6.0
tv	iOS=13.0	macOS=10.15	tvOS=13.0	visionOS=1.0	watchOS=6.0
tv.circle	iOS=13.0	macOS=10.15	tvOS=13.0	visionOS=1.0	watchOS=6.0
tv.circle.fill	iOS=13.0	macOS=10.15	tvOS=13.0	visionOS=1.0	watchOS=6.0
tv.fill	iOS=13.0	macOS=10.15	tvOS=13.0	visionOS=1.0	watchOS=6.0
tv.music.note	iOS=13.0	macOS=10.15	tvOS=13.0	visionOS=1.0	watchOS=6.0
tv.music.note.fill	iOS=13.0	macOS=10.15	tvOS=13.0	visionOS=1.0	watchOS=6.0
u.circle	iOS=13.0	macOS=10.15	tvOS=13.0	visionOS=1.0	watchOS=6.0
u.circle.fill	iOS=13.0	macOS=10.15	tvOS=13.0	visionOS=1.0	watchOS=6.0
u.square	iOS=13.0	macOS=10.15	tvOS=13.0	visionOS=1.0	watchOS=6.0
u.square.fill	iOS=13.0	macOS=10.15	tvOS=13.0	visionOS=1.0	watchOS=6.0
uiwindow.split.2x1	iOS=13.0	macOS=10.15	tvOS=13.0	visionOS=1.0	watchOS=6.0
umbrella	iOS=13.0	macOS=10.15	tvOS=13.0	visionOS=1.0	watchOS=6.0
umbrella.fill	iOS=13.0	macOS=10.15	tvOS=13.0	visionOS=1.0	watchOS=6.0
underline	iOS=13.0	macOS=10.15	tvOS=13.0	visionOS=1.0	watchOS=6.0
v.circle	iOS=13.0	macOS=10.15	tvOS=13.0	visionOS=1.0	watchOS=6.0
v.circle.fill	iOS=13.0	macOS=10.15	tvOS=13.0	visionOS=1.0	watchOS=6.0
v.square	iOS=13.0	macOS=10.15	tvOS=13.0	visionOS=1.0	watchOS=6.0
v.square.fill	iOS=13.0	macOS=10.15	tvOS=13.0	visionOS=1.0	watchOS=6.0
video	iOS=13.0	macOS=10.15	tvOS=13.0	visionOS=1.0	watchOS=6.0
video.badge.plus	iOS=13.0	macOS=10.15	tvOS=13.0	visionOS=1.0	watchOS=6.0
video.badge.plus.fill	iOS=13.0	macOS=10.15	tvOS=13.0	visionOS=1.0	watchOS=6.0
video.circle	iOS=13.0	macOS=10.15	tvOS=13.0	visionOS=1.0	watchOS=6.0
video.circle.fill	iOS=13.0	macOS=10.15	tvOS=13.0	visionOS=1.0	watchOS=6.0
video.fill	iOS=13.0	macOS=10.15	tvOS=13.0	visionOS=1.0	watchOS=6.0
video.slash	iOS=13.0	macOS=10.15	tvOS=13.0	visionOS=1.0	watchOS=6.0
video.slash.fill	iOS=13.0	macOS=10.15	tvOS=13.0	visionOS=1.0	watchOS=6.0
view.2d	iOS=13.0	macOS=10.15	tvOS=13.0	visionOS=1.0	watchOS=6.0
view.3d	iOS=13.0	macOS=10.15	tvOS=13.0	visionOS=1.0	watchOS=6.0
viewfinder	iOS=13.0	macOS=10.15	tvOS=13.0	visionOS=1.0	watchOS=6.0
viewfinder.circle	iOS=13.0	macOS=10.15	tvOS=13.0	visionOS=1.0	watchOS=6.0
viewfinder.circle.fill	iOS=13.0	macOS=10.15	tvOS=13.0	visionOS=1.0	watchOS=6.0
w.circle	iOS=13.0	macOS=10.15	tvOS=13.0	visionOS=1.0	watchOS=6.0
w.circle.fill	iOS=13.0	macOS=10.15	tvOS=13.0	visionOS=1.0	watchOS=6.0
w.square	iOS=13.0	macOS=10.15	tvOS=13.0	visionOS=1.0	watchOS=6.0
w.square.fill	iOS=13.0	macOS=10.15	tvOS=13.0	visionOS=1.0	watchOS=6.0
wand.and.rays	iOS=13.0	macOS=10.15	tvOS=13.0	visionOS=1.0	watchOS=6.0
wand.and.rays.inverse	iOS=13.0	macOS=10.15	tvOS=13.0	visionOS=1.0	watchOS=6.0
wand.and.stars	iOS=13.0	macOS=10.15	tvOS=13.0	visionOS=1.0	watchOS=6.0
wand.and.stars.inverse	iOS=13.0	macOS=10.15	tvOS=13.0	visionOS=1.0	watchOS=6.0
waveform	iOS=13.0	macOS=10.15	tvOS=13.0	visionOS=1.0	watchOS=6.0
waveform.circle	iOS=13.0	macOS=10.15	tvOS=13.0	visionOS=1.0	watchOS=6.0
waveform.circle.fill	iOS=13.0	macOS=10.15	tvOS=13.0	visionOS=1.0	watchOS=6.0
waveform.path	iOS=13.0	macOS=10.15	tvOS=13.0	visionOS=1.0	watchOS=6.0
waveform.path.badge.minus	iOS=13.0	macOS=10.15	tvOS=13.0	visionOS=1.0	watchOS=6.0
waveform.path.badge.plus	iOS=13.0	macOS=10.15	tvOS=13.0	visionOS=1.0	watchOS=6.0
waveform.path.ecg	iOS=13.0	macOS=10.15	tvOS=13.0	visionOS=1.0	watchOS=6.0
wifi	iOS=13.0	macOS=10.15	tvOS=13.0	visionOS=1.0	watchOS=6.0
wifi.exclamationmark	iOS=13.0	macOS=10.15	tvOS=13.0	visionOS=1.0	watchOS=6.0
wifi.slash	iOS=13.0	macOS=10.15	tvOS=13.0	visionOS=1.0	watchOS=6.0
wind	iOS=13.0	macOS=10.15	tvOS=13.0	visionOS=1.0	watchOS=6.0
wind.snow	iOS=13.0	macOS=10.15	tvOS=13.0	visionOS=1.0	watchOS=6.0
wonsign.circle	iOS=13.0	macOS=10.15	tvOS=13.0	visionOS=1.0	watchOS=6.0
wonsign.circle.fill	iOS=13.0	macOS=10.15	tvOS=13.0	visionOS=1.0	watchOS=6.0
wonsign.square	iOS=13.0	macOS=10.15	tvOS=13.0	visionOS=1.0	watchOS=6.0
wonsign.square.fill	iOS=13.0	macOS=10.15	tvOS=13.0	visionOS=1.0	watchOS=6.0
wrench	iOS=13.0	macOS=10.15	tvOS=13.0	visionOS=1.0	watchOS=6.0
wrench.fill	iOS=13.0	macOS=10.15	tvOS=13.0	visionOS=1.0	watchOS=6.0
x.circle	iOS=13.0	macOS=10.15	tvOS=13.0	visionOS=1.0	watchOS=6.0
x.circle.fill	iOS=13.0	macOS=10.15	tvOS=13.0	visionOS=1.0	watchOS=6.0
x.square	iOS=13.0	macOS=10.15	tvOS=13.0	visionOS=1.0	watchOS=6.0
x.square.fill	iOS=13.0	macOS=10.15	tvOS=13.0	visionOS=1.0	watchOS=6.0
x.squareroot	iOS=13.0	macOS=10.15	tvOS=13.0	visionOS=1.0	watchOS=6.0
xmark	iOS=13.0	macOS=10.15	tvOS=13.0	visionOS=1.0	watchOS=6.0
xmark.circle	iOS=13.0	macOS=10.15	tvOS=13.0	visionOS=1.0	watchOS=6.0
xmark.circle.fill	iOS=13.0	macOS=10.15	tvOS=13.0	visionOS=1.0	watchOS=6.0
xmark.icloud	iOS=13.0	macOS=10.15	tvOS=13.0	visionOS=1.0	watchOS=6.0
xmark.icloud.fill	iOS=13.0	macOS=10.15	tvOS=13.0	visionOS=1.0	watchOS=6.0
xmark.octagon	iOS=13.0	macOS=10.15	tvOS=13.0	visionOS=1.0	watchOS=6.0
xmark.octagon.fill	iOS=13.0	macOS=10.15	tvOS=13.0	visionOS=1.0	watchOS=6.0
xmark.rectangle	iOS=13.0	macOS=10.15	tvOS=13.0	visionOS=1.0	watchOS=6.0
xmark.rectangle.fill	iOS=13.0	macOS=10.15	tvOS=13.0	visionOS=1.0	watchOS=6.0
xmark.seal	iOS=13.0	macOS=10.15	tvOS=13.0	visionOS=1.0	watchOS=6.0
xmark.seal.fill	iOS=13.0	macOS=10.15	tvOS=13.0	visionOS=1.0	watchOS=6.0
xmark.shield	iOS=13.0	macOS=10.15	tvOS=13.0	visionOS=1.0	watchOS=6.0
xmark.shield.fill	iOS=13.0	macOS=10.15	tvOS=13.0	visionOS=1.0	watchOS=6.0
xmark.square	iOS=13.0	macOS=10.15	tvOS=13.0	visionOS=1.0	watchOS=6.0
xmark.square.fill	iOS=13.0	macOS=10.15	tvOS=13.0	visionOS=1.0	watchOS=6.0
y.circle	iOS=13.0	macOS=10.15	tvOS=13.0	visionOS=1.0	watchOS=6.0
y.circle.fill	iOS=13.0	macOS=10.15	tvOS=13.0	visionOS=1.0	watchOS=6.0
y.square	iOS=13.0	macOS=10.15	tvOS=13.0	visionOS=1.0	watchOS=6.0
y.square.fill	iOS=13.0	macOS=10.15	tvOS=13.0	visionOS=1.0	watchOS=6.0
yensign.circle	iOS=13.0	macOS=10.15	tvOS=13.0	visionOS=1.0	watchOS=6.0
yensign.circle.fill	iOS=13.0	macOS=10.15	tvOS=13.0	visionOS=1.0	watchOS=6.0
yensign.square	iOS=13.0	macOS=10.15	tvOS=13.0	visionOS=1.0	watchOS=6.0
yensign.square.fill	iOS=13.0	macOS=10.15	tvOS=13.0	visionOS=1.0	watchOS=6.0
z.circle	iOS=13.0	macOS=10.15	tvOS=13.0	visionOS=1.0	watchOS=6.0
z.circle.fill	iOS=13.0	macOS=10.15	tvOS=13.0	visionOS=1.0	watchOS=6.0
z.square	iOS=13.0	macOS=10.15	tvOS=13.0	visionOS=1.0	watchOS=6.0
z.square.fill	iOS=13.0	macOS=10.15	tvOS=13.0	visionOS=1.0	watchOS=6.0
zzz	iOS=13.0	macOS=10.15	tvOS=13.0	visionOS=1.0	watchOS=6.0
arrow.uturn.left.circle.badge.ellipsis	iOS=13.1	macOS=10.15	tvOS=13.0	visionOS=1.0	watchOS=6.1
aspectratio	iOS=13.1	macOS=10.15	tvOS=13.0	visionOS=1.0	watchOS=6.1
aspectratio.fill	iOS=13.1	macOS=10.15	tvOS=13.0	visionOS=1.0	watchOS=6.1
car	iOS=13.1	macOS=10.15	tvOS=13.0	visionOS=1.0	watchOS=6.1
circle.grid.2x2	iOS=13.1	macOS=10.15	tvOS=13.0	visionOS=1.0	watchOS=6.1
circle.grid.2x2.fill	iOS=13.1	macOS=10.15	tvOS=13.0	visionOS=1.0	watchOS=6.1
flashlight.off.fill	iOS=13.1	macOS=10.15	tvOS=13.0	visionOS=1.0	watchOS=6.1
flashlight.on.fill	iOS=13.1	macOS=10.15	tvOS=13.0	visionOS=1.0	watchOS=6.1
flip.horizontal	iOS=13.1	macOS=10.15	tvOS=13.0	visionOS=1.0	watchOS=6.1
flip.horizontal.fill	iOS=13.1	macOS=10.15	tvOS=13.0	visionOS=1.0	watchOS=6.1
mappin.circle	iOS=13.1	macOS=10.15	tvOS=13.0	visionOS=1.0	watchOS=6.1
mappin.circle.fill	iOS=13.1	macOS=10.15	tvOS=13.0	visionOS=1.0	watchOS=6.1
paperclip.circle	iOS=13.1	macOS=10.15	tvOS=13.0	visionOS=1.0	watchOS=6.1
paperclip.circle.fill	iOS=13.1	macOS=10.15	tvOS=13.0	visionOS=1.0	watchOS=6.1
pin.circle	iOS=13.1	macOS=10.15	tvOS=13.0	visionOS=1.0	watchOS=6.1
pin.circle.fill	iOS=13.1	macOS=10.15	tvOS=13.0	visionOS=1.0	watchOS=6.1
scissors.badge.ellipsis	iOS=13.1	macOS=10.15	tvOS=13.0	visionOS=1.0	watchOS=6.1
studentdesk	iOS=13.1	macOS=10.15	tvOS=13.0	visionOS=1.0	watchOS=6.1
1.magnifyingglass.ar	iOS=14.0	macOS=11.0	tvOS=14.0	visionOS=1.0	watchOS=7.0
4k.tv	iOS=14.0	macOS=11.0	tvOS=14.0	visionOS=1.0	watchOS=7.0
4k.tv.fill	iOS=14.0	macOS=11.0	tvOS=14.0	visionOS=1.0	watchOS=7.0
a.book.closed	iOS=14.0	macOS=11.0	tvOS=14.0	visionOS=1.0	watchOS=7.0
a.book.closed.ar	iOS=14.0	macOS=11.0	tvOS=14.0	visionOS=1.0	watchOS=7.0
a.book.closed.fill	iOS=14.0	macOS=11.0	tvOS=14.0	visionOS=1.0	watchOS=7.0
a.book.closed.fill.ar	iOS=14.0	macOS=11.0	tvOS=14.0	visionOS=1.0	watchOS=7.0
a.book.closed.fill.he	iOS=14.0	macOS=11.0	tvOS=14.0	visionOS=1.0	watchOS=7.0
a.book.closed.fill.hi	iOS=14.0	macOS=11.0	tvOS=14.0	visionOS=1.0	watchOS=7.0
a.book.closed.fill.ja	iOS=14.0	macOS=11.0	tvOS=14.0	visionOS=1.0	watchOS=7.0
a.book.closed.fill.ko	iOS=14.0	macOS=11.0	tvOS=14.0	visionOS=1.0	watchOS=7.0
a.book.closed.fill.th	iOS=14.0	macOS=11.0	tvOS=14.0	visionOS=1.0	watchOS=7.0
a.book.closed.fill.zh	iOS=14.0	macOS=11.0	tvOS=14.0	visionOS=1.0	watchOS=7.0
a.book.closed.he	iOS=14.0	macOS=11.0	tvOS=14.0	visionOS=1.0	watchOS=7.0
a.book.closed.hi	iOS=14.0	macOS=11.0	tvOS=14.0	visionOS=1.0	watchOS=7.0
a.book.closed.ja	iOS=14.0	macOS=11.0	tvOS=14.0	visionOS=1.0	watchOS=7.0
a.book.closed.ko	iOS=14.0	macOS=11.0	tvOS=14.0	visionOS=1.0	watchOS=7.0
a.book.closed.th	iOS=14.0	macOS=11.0	tvOS=14.0	visionOS=1.0	watchOS=7.0
a.book.closed.zh	iOS=14.0	macOS=11.0	tvOS=14.0	visionOS=1.0	watchOS=7.0
a.magnify	iOS=14.0	macOS=11.0	tvOS=14.0	visionOS=1.0	watchOS=7.0
abc	iOS=14.0	macOS=11.0	tvOS=14.0	visionOS=1.0	watchOS=7.0
airplane.circle	iOS=14.0	macOS=11.0	tvOS=14.0	visionOS=1.0	watchOS=7.0
airplane.circle.fill	iOS=14.0	macOS=11.0	tvOS=14.0	visionOS=1.0	watchOS=7.0
airpod.left	iOS=14.0	macOS=11.0	tvOS=14.0	visionOS=1.0	watchOS=7.0
airpod.right	iOS=14.0	macOS=11.0	tvOS=14.0	visionOS=1.0	watchOS=7.0
airpodpro.left	iOS=14.0	macOS=11.0	tvOS=14.0	visionOS=1.0	watchOS=7.0
airpodpro.right	iOS=14.0	macOS=11.0	tvOS=14.0	visionOS=1.0	watchOS=7.0
airpods	iOS=14.0	macOS=11.0	tvOS=14.0	visionOS=1.0	watchOS=7.0
airpodspro	iOS=14.0	macOS=11.0	tvOS=14.0	visionOS=1.0	watchOS=7.0
airport.express	iOS=14.0	macOS=11.0	tvOS=14.0	visionOS=1.0	watchOS=7.0
airport.extreme	iOS=14.0	macOS=11.0	tvOS=14.0	visionOS=1.0	watchOS=7.0
airport.extreme.tower	iOS=14.0	macOS=11.0	tvOS=14.0	visionOS=1.0	watchOS=7.0
amplifier	iOS=14.0	macOS=11.0	tvOS=14.0	visionOS=1.0	watchOS=7.0
appclip	iOS=14.0	macOS=11.0	tvOS=14.0	visionOS=1.0	watchOS=7.0
applelogo	iOS=14.0	macOS=11.0	tvOS=14.0	visionOS=1.0	watchOS=7.0
applescript	iOS=14.0	macOS=11.0	tvOS=14.0	visionOS=1.0	watchOS=7.0
applescript.fill	iOS=14.0	macOS=11.0	tvOS=14.0	visionOS=1.0	watchOS=7.0
appletv	iOS=14.0	macOS=11.0	tvOS=14.0	visionOS=1.0	watchOS=7.0
appletv.fill	iOS=14.0	macOS=11.0	tvOS=14.0	visionOS=1.0	watchOS=7.0
applewatch	iOS=14.0	macOS=11.0	tvOS=14.0	visionOS=1.0	watchOS=7.0
applewatch.radiowaves.left.and.right	iOS=14.0	macOS=11.0	tvOS=14.0	visionOS=1.0	watchOS=7.0
applewatch.slash	iOS=14.0	macOS=11.0	tvOS=14.0	visionOS=1.0	watchOS=7.0
applewatch.watchface	iOS=14.0	macOS=11.0	tvOS=14.0	visionOS=1.0	watchOS=7.0
apps.ipad	iOS=14.0	macOS=11.0	tvOS=14.0	visionOS=1.0	watchOS=7.0
apps.ipad.landscape	iOS=14.0	macOS=11.0	tvOS=14.0	visionOS=1.0	watchOS=7.0
apps.iphone	iOS=14.0	macOS=11.0	tvOS=14.0	visionOS=1.0	watchOS=7.0
apps.iphone.badge.plus	iOS=14.0	macOS=11.0	tvOS=14.0	visionOS=1.0	watchOS=7.0
apps.iphone.landscape	iOS=14.0	macOS=11.0	tvOS=14.0	visionOS=1.0	watchOS=7.0
apps.iphone.landscape.rtl	iOS=14.0	macOS=11.0	tvOS=14.0	visionOS=1.0	watchOS=7.0
archivebox.circle	iOS=14.0	macOS=11.0	tvOS=14.0	visionOS=1.0	watchOS=7.0
archivebox.circle.fill	iOS=14.0	macOS=11.0	tvOS=14.0	visionOS=1.0	watchOS=7.0
arrow.backward	iOS=14.0	macOS=11.0	tvOS=14.0	visionOS=1.0	watchOS=7.0
arrow.backward.circle	iOS=14.0	macOS=11.0	tvOS=14.0	visionOS=1.0	watchOS=7.0
arrow.backward.circle.fill	iOS=14.0	macOS=11.0	tvOS=14.0	visionOS=1.0	watchOS=7.0
arrow.backward.square	iOS=14.0	macOS=11.0	tvOS=14.0	visionOS=1.0	watchOS=7.0
arrow.backward.square.fill	iOS=14.0	macOS=11.0	tvOS=14.0	visionOS=1.0	watchOS=7.0
arrow.clockwise.heart	iOS=14.0	macOS=11.0	tvOS=14.0	visionOS=1.0	watchOS=7.0
arrow.clockwise.heart.fill	iOS=14.0	macOS=11.0	tvOS=14.0	visionOS=1.0	watchOS=7.0
arrow.down.app	iOS=14.0	macOS=11.0	tvOS=14.0	visionOS=1.0	watchOS=7.0
arrow.down.app.fill	iOS=14.0	macOS=11.0	tvOS=14.0	visionOS=1.0	watchOS=7.0
arrow.down.backward	iOS=14.0	macOS=11.0	tvOS=14.0	visionOS=1.0	watchOS=7.0
arrow.down.backward.circle	iOS=14.0	macOS=11.0	tvOS=14.0	visionOS=1.0	watchOS=7.0
arrow.down.backward.circle.fill	iOS=14.0	macOS=11.0	tvOS=14.0	visionOS=1.0	watchOS=7.0
arrow.down.backward.square	iOS=14.0	macOS=11.0	tvOS=14.0	visionOS=1.0	watchOS=7.0
arrow.down.backward.square.fill	iOS=14.0	macOS=11.0	tvOS=14.0	visionOS=1.0	watchOS=7.0
arrow.down.forward	iOS=14.0	macOS=11.0	tvOS=14.0	visionOS=1.0	watchOS=7.0
arrow.down.forward.and.arrow.up.backward	iOS=14.0	macOS=11.0	tvOS=14.0	visionOS=1.0	watchOS=7.0
arrow.down.forward.and.arrow.up.backward.circle	iOS=14.0	macOS=11.0	tvOS=14.0	visionOS=1.0	watchOS=7.0
arrow.down.forward.and.arrow.up.backward.circle.fill	iOS=14.0	macOS=11.0	tvOS=14.0	visionOS=1.0	watchOS=7.0
arrow.down.forward.circle	iOS=14.0	macOS=11.0	tvOS=14.0	visionOS=1.0	watchOS=7.0
arrow.down.forward.circle.fill	iOS=14.0	macOS=11.0	tvOS=14.0	visionOS=1.0	watchOS=7.0
arrow.down.forward.square	iOS=14.0	macOS=11.0	tvOS=14.0	visionOS=1.0	watchOS=7.0
arrow.down.forward.square.fill	iOS=14.0	macOS=11.0	tvOS=14.0	visionOS=1.0	watchOS=7.0
arrow.down.heart	iOS=14.0	macOS=11.0	tvOS=14.0	visionOS=1.0	watchOS=7.0
arrow.down.heart.fill	iOS=14.0	macOS=11.0	tvOS=14.0	visionOS=1.0	watchOS=7.0
arrow.down.right.and.arrow.up.left.circle	iOS=14.0	macOS=11.0	tvOS=14.0	visionOS=1.0	watchOS=7.0
arrow.down.right.and.arrow.up.left.circle.fill	iOS=14.0	macOS=11.0	tvOS=14.0	visionOS=1.0	watchOS=7.0
arrow.forward	iOS=14.0	macOS=11.0	tvOS=14.0	visionOS=1.0	watchOS=7.0
arrow.forward.circle	iOS=14.0	macOS=11.0	tvOS=14.0	visionOS=1.0	watchOS=7.0
arrow.forward.circle.fill	iOS=14.0	macOS=11.0	tvOS=14.0	visionOS=1.0	watchOS=7.0
arrow.forward.square	iOS=14.0	macOS=11.0	tvOS=14.0	visionOS=1.0	watchOS=7.0
arrow.forward.square.fill	iOS=14.0	macOS=11.0	tvOS=14.0	visionOS=1.0	watchOS=7.0
arrow.left.and.right.righttriangle.left.righttriangle.right	iOS=14.0	macOS=11.0	tvOS=14.0	visionOS=1.0	watchOS=7.0
arrow.left.and.right.righttriangle.left.righttriangle.right.fill	iOS=14.0	macOS=11.0	tvOS=14.0	visionOS=1.0	watchOS=7.0
arrow.left.arrow.right	iOS=14.0	macOS=11.0	tvOS=14.0	visionOS=1.0	watchOS=7.0
arrow.left.arrow.right.circle	iOS=14.0	macOS=11.0	tvOS=14.0	visionOS=1.0	watchOS=7.0
arrow.left.arrow.right.circle.fill	iOS=14.0	macOS=11.0	tvOS=14.0	visionOS=1.0	watchOS=7.0
arrow.left.arrow.right.square	iOS=14.0	macOS=11.0	tvOS=14.0	visionOS=1.0	watchOS=7.0
arrow.left.arrow.right.square.fill	iOS=14.0	macOS=11.0	tvOS=14.0	visionOS=1.0	watchOS=7.0
arrow.rectanglepath	iOS=14.0	macOS=11.0	tvOS=14.0	visionOS=1.0	watchOS=7.0
arrow.right.doc.on.clipboard	iOS=14.0	macOS=11.0	tvOS=14.0	visionOS=1.0	watchOS=7.0
arrow.triangle.2.circlepath	iOS=14.0	macOS=11.0	tvOS=14.0	visionOS=1.0	watchOS=7.0
arrow.triangle.2.circlepath.camera	iOS=14.0	macOS=11.0	tvOS=14.0	visionOS=1.0	watchOS=7.0
arrow.triangle.2.circlepath.camera.fill	iOS=14.0	macOS=11.0	tvOS=14.0	visionOS=1.0	watchOS=7.0
arrow.triangle.2.circlepath.circle	iOS=14.0	macOS=11.0	tvOS=14.0	visionOS=1.0	watchOS=7.0
arrow.triangle.2.circlepath.circle.fill	iOS=14.0	macOS=11.0	tvOS=14.0	visionOS=1.0	watchOS=7.0
arrow.triangle.2.circlepath.doc.on.clipboard	iOS=14.0	macOS=11.0	tvOS=14.0	visionOS=1.0	watchOS=7.0
arrow.triangle.branch	iOS=14.0	macOS=11.0	tvOS=14.0	visionOS=1.0	watchOS=7.0
arrow.triangle.capsulepath	iOS=14.0	macOS=11.0	tvOS=14.0	visionOS=1.0	watchOS=7.0
arrow.triangle.merge	iOS=14.0	macOS=11.0	tvOS=14.0	visionOS=1.0	watchOS=7.0
arrow.triangle.pull	iOS=14.0	macOS=11.0	tvOS=14.0	visionOS=1.0	watchOS=7.0
arrow.triangle.swap	iOS=14.0	macOS=11.0	tvOS=14.0	visionOS=1.0	watchOS=7.0
arrow.triangle.turn.up.right.circle	iOS=14.0	macOS=11.0	tvOS=14.0	visionOS=1.0	watchOS=7.0
arrow.triangle.turn.up.right.circle.fill	iOS=14.0	macOS=11.0	tvOS=14.0	visionOS=1.0	watchOS=7.0
arrow.triangle.turn.up.right.diamond	iOS=14.0	macOS=11.0	tvOS=14.0	visionOS=1.0	watchOS=7.0
arrow.triangle.turn.up.right.diamond.fill	iOS=14.0	macOS=11.0	tvOS=14.0	visionOS=1.0	watchOS=7.0
arrow.turn.up.forward.iphone	iOS=14.0	macOS=11.0	tvOS=14.0	visionOS=1.0	watchOS=7.0
arrow.turn.up.forward.iphone.fill	iOS=14.0	macOS=11.0	tvOS=14.0	visionOS=1.0	watchOS=7.0
arrow.up.and.down.and.arrow.left.and.right	iOS=14.0	macOS=11.0	tvOS=14.0	visionOS=1.0	watchOS=7.0
arrow.up.and.down.righttriangle.up.fill.righttriangle.down.fill	iOS=14.0	macOS=11.0	tvOS=14.0	visionOS=1.0	watchOS=7.0
arrow.up.and.down.righttriangle.up.righttriangle.down	iOS=14.0	macOS=11.0	tvOS=14.0	visionOS=1.0	watchOS=7.0
arrow.up.and.person.rectangle.portrait	iOS=14.0	macOS=11.0	tvOS=14.0	visionOS=1.0	watchOS=7.0
arrow.up.and.person.rectangle.turn.left	iOS=14.0	macOS=11.0	tvOS=14.0	visionOS=1.0	watchOS=7.0
arrow.up.and.person.rectangle.turn.right	iOS=14.0	macOS=11.0	tvOS=14.0	visionOS=1.0	watchOS=7.0
arrow.up.backward	iOS=14.0	macOS=11.0	tvOS=14.0	visionOS=1.0	watchOS=7.0
arrow.up.backward.and.arrow.down.forward	iOS=14.0	macOS=11.0	tvOS=14.0	visionOS=1.0	watchOS=7.0
arrow.up.backward.and.arrow.down.forward.circle	iOS=14.0	macOS=11.0	tvOS=14.0	visionOS=1.0	watchOS=7.0
arrow.up.backward.and.arrow.down.forward.circle.fill	iOS=14.0	macOS=11.0	tvOS=14.0	visionOS=1.0	watchOS=7.0
arrow.up.backward.circle	iOS=14.0	macOS=11.0	tvOS=14.0	visionOS=1.0	watchOS=7.0
arrow.up.backward.circle.fill	iOS=14.0	macOS=11.0	tvOS=14.0	visionOS=1.0	watchOS=7.0
arrow.up.backward.square	iOS=14.0	macOS=11.0	tvOS=14.0	visionOS=1.0	watchOS=7.0
arrow.up.backward.square.fill	iOS=14.0	macOS=11.0	tvOS=14.0	visionOS=1.0	watchOS=7.0
arrow.up.doc.on.clipboard	iOS=14.0	macOS=11.0	tvOS=14.0	visionOS=1.0	watchOS=7.0
arrow.up.forward	iOS=14.0	macOS=11.0	tvOS=14.0	visionOS=1.0	watchOS=7.0
arrow.up.forward.app	iOS=14.0	macOS=11.0	tvOS=14.0	visionOS=1.0	watchOS=7.0
arrow.up.forward.app.fill	iOS=14.0	macOS=11.0	tvOS=14.0	visionOS=1.0	watchOS=7.0
arrow.up.forward.circle	iOS=14.0	macOS=11.0	tvOS=14.0	visionOS=1.0	watchOS=7.0
arrow.up.forward.circle.fill	iOS=14.0	macOS=11.0	tvOS=14.0	visionOS=1.0	watchOS=7.0
arrow.up.forward.square	iOS=14.0	macOS=11.0	tvOS=14.0	visionOS=1.0	watchOS=7.0
arrow.up.forward.square.fill	iOS=14.0	macOS=11.0	tvOS=14.0	visionOS=1.0	watchOS=7.0
arrow.up.heart	iOS=14.0	macOS=11.0	tvOS=14.0	visionOS=1.0	watchOS=7.0
arrow.up.heart.fill	iOS=14.0	macOS=11.0	tvOS=14.0	visionOS=1.0	watchOS=7.0
arrow.up.left.and.arrow.down.right.circle	iOS=14.0	macOS=11.0	tvOS=14.0	visionOS=1.0	watchOS=7.0
arrow.up.left.and.arrow.down.right.circle.fill	iOS=14.0	macOS=11.0	tvOS=14.0	visionOS=1.0	watchOS=7.0
arrow.up.left.and.down.right.and.arrow.up.right.and.down.left	iOS=14.0	macOS=11.0	tvOS=14.0	visionOS=1.0	watchOS=7.0
arrow.up.left.and.down.right.magnifyingglass	iOS=14.0	macOS=11.0	tvOS=14.0	visionOS=1.0	watchOS=7.0
arrow.up.message	iOS=14.0	macOS=11.0	tvOS=14.0	visionOS=1.0	watchOS=7.0
arrow.up.message.fill	iOS=14.0	macOS=11.0	tvOS=14.0	visionOS=1.0	watchOS=7.0
arrow.up.right.and.arrow.down.left.rectangle	iOS=14.0	macOS=11.0	tvOS=14.0	visionOS=1.0	watchOS=7.0
arrow.up.right.and.arrow.down.left.rectangle.fill	iOS=14.0	macOS=11.0	tvOS=14.0	visionOS=1.0	watchOS=7.0
arrow.uturn.backward	iOS=14.0	macOS=11.0	tvOS=14.0	visionOS=1.0	watchOS=7.0
arrow.uturn.backward.circle	iOS=14.0	macOS=11.0	tvOS=14.0	visionOS=1.0	watchOS=7.0
arrow.uturn.backward.circle.badge.ellipsis	iOS=14.0	macOS=11.0	tvOS=14.0	visionOS=1.0	watchOS=7.0
arrow.uturn.backward.circle.fill	iOS=14.0	macOS=11.0	tvOS=14.0	visionOS=1.0	watchOS=7.0
arrow.uturn.backward.square	iOS=14.0	macOS=11.0	tvOS=14.0	visionOS=1.0	watchOS=7.0
arrow.uturn.backward.square.fill	iOS=14.0	macOS=11.0	tvOS=14.0	visionOS=1.0	watchOS=7.0
arrow.uturn.forward	iOS=14.0	macOS=11.0	tvOS=14.0	visionOS=1.0	watchOS=7.0
arrow.uturn.forward.circle	iOS=14.0	macOS=11.0	tvOS=14.0	visionOS=1.0	watchOS=7.0
arrow.uturn.forward.circle.fill	iOS=14.0	macOS=11.0	tvOS=14.0	visionOS=1.0	watchOS=7.0
arrow.uturn.forward.square	iOS=14.0	macOS=11.0	tvOS=14.0	visionOS=1.0	watchOS=7.0
arrow.uturn.forward.square.fill	iOS=14.0	macOS=11.0	tvOS=14.0	visionOS=1.0	watchOS=7.0
arrowshape.bounce.forward	iOS=14.0	macOS=11.0	tvOS=14.0	visionOS=1.0	watchOS=7.0
arrowshape.bounce.forward.fill	iOS=14.0	macOS=11.0	tvOS=14.0	visionOS=1.0	watchOS=7.0
arrowshape.bounce.right	iOS=14.0	macOS=11.0	tvOS=14.0	visionOS=1.0	watchOS=7.0
arrowshape.bounce.right.fill	iOS=14.0	macOS=11.0	tvOS=14.0	visionOS=1.0	watchOS=7.0
arrowshape.turn.up.backward	iOS=14.0	macOS=11.0	tvOS=14.0	visionOS=1.0	watchOS=7.0
arrowshape.turn.up.backward.2	iOS=14.0	macOS=11.0	tvOS=14.0	visionOS=1.0	watchOS=7.0
arrowshape.turn.up.backward.2.circle	iOS=14.0	macOS=11.0	tvOS=14.0	visionOS=1.0	watchOS=7.0
arrowshape.turn.up.backward.2.circle.fill	iOS=14.0	macOS=11.0	tvOS=14.0	visionOS=1.0	watchOS=7.0
arrowshape.turn.up.backward.2.fill	iOS=14.0	macOS=11.0	tvOS=14.0	visionOS=1.0	watchOS=7.0
arrowshape.turn.up.backward.circle	iOS=14.0	macOS=11.0	tvOS=14.0	visionOS=1.0	watchOS=7.0
arrowshape.turn.up.backward.circle.fill	iOS=14.0	macOS=11.0	tvOS=14.0	visionOS=1.0	watchOS=7.0
arrowshape.turn.up.backward.fill	iOS=14.0	macOS=11.0	tvOS=14.0	visionOS=1.0	watchOS=7.0
arrowshape.turn.up.forward	iOS=14.0	macOS=11.0	tvOS=14.0	visionOS=1.0	watchOS=7.0
arrowshape.turn.up.forward.circle	iOS=14.0	macOS=11.0	tvOS=14.0	visionOS=1.0	watchOS=7.0
arrowshape.turn.up.forward.circle.fill	iOS=14.0	macOS=11.0	tvOS=14.0	visionOS=1.0	watchOS=7.0
arrowshape.turn.up.forward.fill	iOS=14.0	macOS=11.0	tvOS=14.0	visionOS=1.0	watchOS=7.0
arrowshape.turn.up.left.2.circle	iOS=14.0	macOS=11.0	tvOS=14.0	visionOS=1.0	watchOS=7.0
arrowshape.turn.up.left.2.circle.fill	iOS=14.0	macOS=11.0	tvOS=14.0	visionOS=1.0	watchOS=7.0
arrowshape.zigzag.forward	iOS=14.0	macOS=11.0	tvOS=14.0	visionOS=1.0	watchOS=7.0
arrowshape.zigzag.forward.fill	iOS=14.0	macOS=11.0	tvOS=14.0	visionOS=1.0	watchOS=7.0
arrowshape.zigzag.right	iOS=14.0	macOS=11.0	tvOS=14.0	visionOS=1.0	watchOS=7.0
arrowshape.zigzag.right.fill	iOS=14.0	macOS=11.0	tvOS=14.0	visionOS=1.0	watchOS=7.0
arrowtriangle.backward	iOS=14.0	macOS=11.0	tvOS=14.0	visionOS=1.0	watchOS=7.0
arrowtriangle.backward.circle	iOS=14.0	macOS=11.0	tvOS=14.0	visionOS=1.0	watchOS=7.0
arrowtriangle.backward.circle.fill	iOS=14.0	macOS=11.0	tvOS=14.0	visionOS=1.0	watchOS=7.0
arrowtriangle.backward.fill	iOS=14.0	macOS=11.0	tvOS=14.0	visionOS=1.0	watchOS=7.0
arrowtriangle.backward.square	iOS=14.0	macOS=11.0	tvOS=14.0	visionOS=1.0	watchOS=7.0
arrowtriangle.backward.square.fill	iOS=14.0	macOS=11.0	tvOS=14.0	visionOS=1.0	watchOS=7.0
arrowtriangle.forward	iOS=14.0	macOS=11.0	tvOS=14.0	visionOS=1.0	watchOS=7.0
arrowtriangle.forward.circle	iOS=14.0	macOS=11.0	tvOS=14.0	visionOS=1.0	watchOS=7.0
arrowtriangle.forward.circle.fill	iOS=14.0	macOS=11.0	tvOS=14.0	visionOS=1.0	watchOS=7.0
arrowtriangle.forward.fill	iOS=14.0	macOS=11.0	tvOS=14.0	visionOS=1.0	watchOS=7.0
arrowtriangle.forward.square	iOS=14.0	macOS=11.0	tvOS=14.0	visionOS=1.0	watchOS=7.0
arrowtriangle.forward.square.fill	iOS=14.0	macOS=11.0	tvOS=14.0	visionOS=1.0	watchOS=7.0
arrowtriangle.left.and.line.vertical.and.arrowtriangle.right	iOS=14.0	macOS=11.0	tvOS=14.0	visionOS=1.0	watchOS=7.0
arrowtriangle.left.fill.and.line.vertical.and.arrowtriangle.right.fill	iOS=14.0	macOS=11.0	tvOS=14.0	visionOS=1.0	watchOS=7.0
arrowtriangle.right.and.line.vertical.and.arrowtriangle.left	iOS=14.0	macOS=11.0	tvOS=14.0	visionOS=1.0	watchOS=7.0
arrowtriangle.right.fill.and.line.vertical.and.arrowtriangle.left.fill	iOS=14.0	macOS=11.0	tvOS=14.0	visionOS=1.0	watchOS=7.0
at.circle	iOS=14.0	macOS=11.0	tvOS=14.0	visionOS=1.0	watchOS=7.0
at.circle.fill	iOS=14.0	macOS=11.0	tvOS=14.0	visionOS=1.0	watchOS=7.0
atom	iOS=14.0	macOS=11.0	tvOS=14.0	visionOS=1.0	watchOS=7.0
backward.frame	iOS=14.0	macOS=11.0	tvOS=14.0	visionOS=1.0	watchOS=7.0
backward.frame.fill	iOS=14.0	macOS=11.0	tvOS=14.0	visionOS=1.0	watchOS=7.0
badge.plus.radiowaves.forward	iOS=14.0	macOS=11.0	tvOS=14.0	visionOS=1.0	watchOS=7.0
bag.circle	iOS=14.0	macOS=11.0	tvOS=14.0	visionOS=1.0	watchOS=7.0
bag.circle.fill	iOS=14.0	macOS=11.0	tvOS=14.0	visionOS=1.0	watchOS=7.0
banknote	iOS=14.0	macOS=11.0	tvOS=14.0	visionOS=1.0	watchOS=7.0
banknote.fill	iOS=14.0	macOS=11.0	tvOS=14.0	visionOS=1.0	watchOS=7.0
barometer	iOS=14.0	macOS=11.0	tvOS=14.0	visionOS=1.0	watchOS=7.0
battery.100.bolt	iOS=14.0	macOS=11.0	tvOS=14.0	visionOS=1.0	watchOS=7.0
battery.100.bolt.rtl	iOS=14.0	macOS=11.0	tvOS=14.0	visionOS=1.0	watchOS=7.0
bell.badge	iOS=14.0	macOS=11.0	tvOS=14.0	visionOS=1.0	watchOS=7.0
bell.badge.fill	iOS=14.0	macOS=11.0	tvOS=14.0	visionOS=1.0	watchOS=7.0
bell.slash.circle	iOS=14.0	macOS=11.0	tvOS=14.0	visionOS=1.0	watchOS=7.0
bell.slash.circle.fill	iOS=14.0	macOS=11.0	tvOS=14.0	visionOS=1.0	watchOS=7.0
bicycle	iOS=14.0	macOS=11.0	tvOS=14.0	visionOS=1.0	watchOS=7.0
bicycle.circle	iOS=14.0	macOS=11.0	tvOS=14.0	visionOS=1.0	watchOS=7.0
bicycle.circle.fill	iOS=14.0	macOS=11.0	tvOS=14.0	visionOS=1.0	watchOS=7.0
binoculars	iOS=14.0	macOS=11.0	tvOS=14.0	visionOS=1.0	watchOS=7.0
binoculars.fill	iOS=14.0	macOS=11.0	tvOS=14.0	visionOS=1.0	watchOS=7.0
bolt.car	iOS=14.0	macOS=11.0	tvOS=14.0	visionOS=1.0	watchOS=7.0
bolt.car.fill	iOS=14.0	macOS=11.0	tvOS=14.0	visionOS=1.0	watchOS=7.0
bolt.fill.batteryblock	iOS=14.0	macOS=11.0	tvOS=14.0	visionOS=1.0	watchOS=7.0
bolt.fill.batteryblock.fill	iOS=14.0	macOS=11.0	tvOS=14.0	visionOS=1.0	watchOS=7.0
bolt.heart	iOS=14.0	macOS=11.0	tvOS=14.0	visionOS=1.0	watchOS=7.0
bolt.heart.fill	iOS=14.0	macOS=11.0	tvOS=14.0	visionOS=1.0	watchOS=7.0
bolt.slash.circle	iOS=14.0	macOS=11.0	tvOS=14.0	visionOS=1.0	watchOS=7.0
bolt.slash.circle.fill	iOS=14.0	macOS=11.0	tvOS=14.0	visionOS=1.0	watchOS=7.0
bonjour	iOS=14.0	macOS=11.0	tvOS=14.0	visionOS=1.0	watchOS=7.0
book.closed	iOS=14.0	macOS=11.0	tvOS=14.0	visionOS=1.0	watchOS=7.0
book.closed.fill	iOS=14.0	macOS=11.0	tvOS=14.0	visionOS=1.0	watchOS=7.0
bookmark.circle	iOS=14.0	macOS=11.0	tvOS=14.0	visionOS=1.0	watchOS=7.0
bookmark.circle.fill	iOS=14.0	macOS=11.0	tvOS=14.0	visionOS=1.0	watchOS=7.0
bookmark.slash	iOS=14.0	macOS=11.0	tvOS=14.0	visionOS=1.0	watchOS=7.0
bookmark.slash.fill	iOS=14.0	macOS=11.0	tvOS=14.0	visionOS=1.0	watchOS=7.0
books.vertical	iOS=14.0	macOS=11.0	tvOS=14.0	visionOS=1.0	watchOS=7.0
books.vertical.fill	iOS=14.0	macOS=11.0	tvOS=14.0	visionOS=1.0	watchOS=7.0
building	iOS=14.0	macOS=11.0	tvOS=14.0	visionOS=1.0	watchOS=7.0
building.2	iOS=14.0	macOS=11.0	tvOS=14.0	visionOS=1.0	watchOS=7.0
building.2.crop.circle	iOS=14.0	macOS=11.0	tvOS=14.0	visionOS=1.0	watchOS=7.0
building.2.crop.circle.fill	iOS=14.0	macOS=11.0	tvOS=14.0	visionOS=1.0	watchOS=7.0
building.2.fill	iOS=14.0	macOS=11.0	tvOS=14.0	visionOS=1.0	watchOS=7.0
building.columns	iOS=14.0	macOS=11.0	tvOS=14.0	visionOS=1.0	watchOS=7.0
building.columns.fill	iOS=14.0	macOS=11.0	tvOS=14.0	visionOS=1.0	watchOS=7.0
building.fill	iOS=14.0	macOS=11.0	tvOS=14.0	visionOS=1.0	watchOS=7.0
bus	iOS=14.0	macOS=11.0	tvOS=14.0	visionOS=1.0	watchOS=7.0
bus.doubledecker	iOS=14.0	macOS=11.0	tvOS=14.0	visionOS=1.0	watchOS=7.0
bus.doubledecker.fill	iOS=14.0	macOS=11.0	tvOS=14.0	visionOS=1.0	watchOS=7.0
bus.fill	iOS=14.0	macOS=11.0	tvOS=14.0	visionOS=1.0	watchOS=7.0
calendar.badge.clock	iOS=14.0	macOS=11.0	tvOS=14.0	visionOS=1.0	watchOS=7.0
calendar.badge.clock.rtl	iOS=14.0	macOS=11.0	tvOS=14.0	visionOS=1.0	watchOS=7.0
calendar.badge.exclamationmark	iOS=14.0	macOS=11.0	tvOS=14.0	visionOS=1.0	watchOS=7.0
camera.aperture	iOS=14.0	macOS=11.0	tvOS=14.0	visionOS=1.0	watchOS=7.0
camera.badge.ellipsis	iOS=14.0	macOS=11.0	tvOS=14.0	visionOS=1.0	watchOS=7.0
camera.fill.badge.ellipsis	iOS=14.0	macOS=11.0	tvOS=14.0	visionOS=1.0	watchOS=7.0
camera.filters	iOS=14.0	macOS=11.0	tvOS=14.0	visionOS=1.0	watchOS=7.0
camera.metering.center.weighted	iOS=14.0	macOS=11.0	tvOS=14.0	visionOS=1.0	watchOS=7.0
camera.metering.center.weighted.average	iOS=14.0	macOS=11.0	tvOS=14.0	visionOS=1.0	watchOS=7.0
camera.metering.matrix	iOS=14.0	macOS=11.0	tvOS=14.0	visionOS=1.0	watchOS=7.0
camera.metering.multispot	iOS=14.0	macOS=11.0	tvOS=14.0	visionOS=1.0	watchOS=7.0
camera.metering.none	iOS=14.0	macOS=11.0	tvOS=14.0	visionOS=1.0	watchOS=7.0
camera.metering.partial	iOS=14.0	macOS=11.0	tvOS=14.0	visionOS=1.0	watchOS=7.0
camera.metering.spot	iOS=14.0	macOS=11.0	tvOS=14.0	visionOS=1.0	watchOS=7.0
camera.metering.unknown	iOS=14.0	macOS=11.0	tvOS=14.0	visionOS=1.0	watchOS=7.0
camera.metering.unknown.ar	iOS=14.0	macOS=11.0	tvOS=14.0	visionOS=1.0	watchOS=7.0
candybarphone	iOS=14.0	macOS=11.0	tvOS=14.0	visionOS=1.0	watchOS=7.0
capsule.portrait	iOS=14.0	macOS=11.0	tvOS=14.0	visionOS=1.0	watchOS=7.0
capsule.portrait.fill	iOS=14.0	macOS=11.0	tvOS=14.0	visionOS=1.0	watchOS=7.0
car.2	iOS=14.0	macOS=11.0	tvOS=14.0	visionOS=1.0	watchOS=7.0
car.2.fill	iOS=14.0	macOS=11.0	tvOS=14.0	visionOS=1.0	watchOS=7.0
car.circle	iOS=14.0	macOS=11.0	tvOS=14.0	visionOS=1.0	watchOS=7.0
car.circle.fill	iOS=14.0	macOS=11.0	tvOS=14.0	visionOS=1.0	watchOS=7.0
case	iOS=14.0	macOS=11.0	tvOS=14.0	visionOS=1.0	watchOS=7.0
case.fill	iOS=14.0	macOS=11.0	tvOS=14.0	visionOS=1.0	watchOS=7.0
chart.bar.doc.horizontal	iOS=14.0	macOS=11.0	tvOS=14.0	visionOS=1.0	watchOS=7.0
chart.bar.doc.horizontal.fill	iOS=14.0	macOS=11.0	tvOS=14.0	visionOS=1.0	watchOS=7.0
chart.bar.xaxis	iOS=14.0	macOS=11.0	tvOS=14.0	visionOS=1.0	watchOS=7.0
checkerboard.rectangle	iOS=14.0	macOS=11.0	tvOS=14.0	visionOS=1.0	watchOS=7.0
checkmark.icloud	iOS=14.0	macOS=11.0	tvOS=14.0	visionOS=1.0	watchOS=7.0
checkmark.icloud.fill	iOS=14.0	macOS=11.0	tvOS=14.0	visionOS=1.0	watchOS=7.0
checkmark.rectangle.portrait	iOS=14.0	macOS=11.0	tvOS=14.0	visionOS=1.0	watchOS=7.0
checkmark.rectangle.portrait.fill	iOS=14.0	macOS=11.0	tvOS=14.0	visionOS=1.0	watchOS=7.0
chevron.backward	iOS=14.0	macOS=11.0	tvOS=14.0	visionOS=1.0	watchOS=7.0
chevron.backward.2	iOS=14.0	macOS=11.0	tvOS=14.0	visionOS=1.0	watchOS=7.0
chevron.backward.circle	iOS=14.0	macOS=11.0	tvOS=14.0	visionOS=1.0	watchOS=7.0
chevron.backward.circle.fill	iOS=14.0	macOS=11.0	tvOS=14.0	visionOS=1.0	watchOS=7.0
chevron.backward.square	iOS=14.0	macOS=11.0	tvOS=14.0	visionOS=1.0	watchOS=7.0
chevron.backward.square.fill	iOS=14.0	macOS=11.0	tvOS=14.0	visionOS=1.0	watchOS=7.0
chevron.forward	iOS=14.0	macOS=11.0	tvOS=14.0	visionOS=1.0	watchOS=7.0
chevron.forward.2	iOS=14.0	macOS=11.0	tvOS=14.0	visionOS=1.0	watchOS=7.0
chevron.forward.circle	iOS=14.0	macOS=11.0	tvOS=14.0	visionOS=1.0	watchOS=7.0
chevron.forward.circle.fill	iOS=14.0	macOS=11.0	tvOS=14.0	visionOS=1.0	watchOS=7.0
chevron.forward.square	iOS=14.0	macOS=11.0	tvOS=14.0	visionOS=1.0	watchOS=7.0
chevron.forward.square.fill	iOS=14.0	macOS=11.0	tvOS=14.0	visionOS=1.0	watchOS=7.0
circle.bottomhalf.fill	iOS=14.0	macOS=11.0	tvOS=14.0	visionOS=1.0	watchOS=7.0
circle.circle	iOS=14.0	macOS=11.0	tvOS=14.0	visionOS=1.0	watchOS=7.0
circle.circle.fill	iOS=14.0	macOS=11.0	tvOS=14.0	visionOS=1.0	watchOS=7.0
circle.dashed	iOS=14.0	macOS=11.0	tvOS=14.0	visionOS=1.0	watchOS=7.0
circle.dashed.inset.fill	iOS=14.0	macOS=11.0	tvOS=14.0	visionOS=1.0	watchOS=7.0
circle.fill.square.fill	iOS=14.0	macOS=11.0	tvOS=14.0	visionOS=1.0	watchOS=7.0
circle.grid.cross	iOS=14.0	macOS=11.0	tvOS=14.0	visionOS=1.0	watchOS=7.0
circle.grid.cross.down.fill	iOS=14.0	macOS=11.0	tvOS=14.0	visionOS=1.0	watchOS=7.0
circle.grid.cross.fill	iOS=14.0	macOS=11.0	tvOS=14.0	visionOS=1.0	watchOS=7.0
circle.grid.cross.left.fill	iOS=14.0	macOS=11.0	tvOS=14.0	visionOS=1.0	watchOS=7.0
circle.grid.cross.right.fill	iOS=14.0	macOS=11.0	tvOS=14.0	visionOS=1.0	watchOS=7.0
circle.grid.cross.up.fill	iOS=14.0	macOS=11.0	tvOS=14.0	visionOS=1.0	watchOS=7.0
circle.square	iOS=14.0	macOS=11.0	tvOS=14.0	visionOS=1.0	watchOS=7.0
circle.tophalf.fill	iOS=14.0	macOS=11.0	tvOS=14.0	visionOS=1.0	watchOS=7.0
circlebadge	iOS=14.0	macOS=11.0	tvOS=14.0	visionOS=1.0	watchOS=7.0
circlebadge.2	iOS=14.0	macOS=11.0	tvOS=14.0	visionOS=1.0	watchOS=7.0
circlebadge.2.fill	iOS=14.0	macOS=11.0	tvOS=14.0	visionOS=1.0	watchOS=7.0
circlebadge.fill	iOS=14.0	macOS=11.0	tvOS=14.0	visionOS=1.0	watchOS=7.0
circles.hexagongrid	iOS=14.0	macOS=11.0	tvOS=14.0	visionOS=1.0	watchOS=7.0
circles.hexagongrid.fill	iOS=14.0	macOS=11.0	tvOS=14.0	visionOS=1.0	watchOS=7.0
circles.hexagonpath	iOS=14.0	macOS=11.0	tvOS=14.0	visionOS=1.0	watchOS=7.0
circles.hexagonpath.fill	iOS=14.0	macOS=11.0	tvOS=14.0	visionOS=1.0	watchOS=7.0
clock.arrow.circlepath	iOS=14.0	macOS=11.0	tvOS=14.0	visionOS=1.0	watchOS=7.0
comb	iOS=14.0	macOS=11.0	tvOS=14.0	visionOS=1.0	watchOS=7.0
comb.fill	iOS=14.0	macOS=11.0	tvOS=14.0	visionOS=1.0	watchOS=7.0
command.circle	iOS=14.0	macOS=11.0	tvOS=14.0	visionOS=1.0	watchOS=7.0
command.circle.fill	iOS=14.0	macOS=11.0	tvOS=14.0	visionOS=1.0	watchOS=7.0
command.square	iOS=14.0	macOS=11.0	tvOS=14.0	visionOS=1.0	watchOS=7.0
command.square.fill	iOS=14.0	macOS=11.0	tvOS=14.0	visionOS=1.0	watchOS=7.0
cone	iOS=14.0	macOS=11.0	tvOS=14.0	visionOS=1.0	watchOS=7.0
cone.fill	iOS=14.0	macOS=11.0	tvOS=14.0	visionOS=1.0	watchOS=7.0
contextualmenu.and.cursorarrow	iOS=14.0	macOS=11.0	tvOS=14.0	visionOS=1.0	watchOS=7.0
cpu	iOS=14.0	macOS=11.0	tvOS=14.0	visionOS=1.0	watchOS=7.0
creditcard.circle	iOS=14.0	macOS=11.0	tvOS=14.0	visionOS=1.0	watchOS=7.0
creditcard.circle.fill	iOS=14.0	macOS=11.0	tvOS=14.0	visionOS=1.0	watchOS=7.0
cross	iOS=14.0	macOS=11.0	tvOS=14.0	visionOS=1.0	watchOS=7.0
cross.case	iOS=14.0	macOS=11.0	tvOS=14.0	visionOS=1.0	watchOS=7.0
cross.case.fill	iOS=14.0	macOS=11.0	tvOS=14.0	visionOS=1.0	watchOS=7.0
cross.circle	iOS=14.0	macOS=11.0	tvOS=14.0	visionOS=1.0	watchOS=7.0
cross.circle.fill	iOS=14.0	macOS=11.0	tvOS=14.0	visionOS=1.0	watchOS=7.0
cross.fill	iOS=14.0	macOS=11.0	tvOS=14.0	visionOS=1.0	watchOS=7.0
crown	iOS=14.0	macOS=11.0	tvOS=14.0	visionOS=1.0	watchOS=7.0
crown.fill	iOS=14.0	macOS=11.0	tvOS=14.0	visionOS=1.0	watchOS=7.0
cube.transparent	iOS=14.0	macOS=11.0	tvOS=14.0	visionOS=1.0	watchOS=7.0
cube.transparent.fill	iOS=14.0	macOS=11.0	tvOS=14.0	visionOS=1.0	watchOS=7.0
curlybraces	iOS=14.0	macOS=11.0	tvOS=14.0	visionOS=1.0	watchOS=7.0
curlybraces.square	iOS=14.0	macOS=11.0	tvOS=14.0	visionOS=1.0	watchOS=7.0
curlybraces.square.fill	iOS=14.0	macOS=11.0	tvOS=14.0	visionOS=1.0	watchOS=7.0
cursorarrow	iOS=14.0	macOS=11.0	tvOS=14.0	visionOS=1.0	watchOS=7.0
cursorarrow.and.square.on.square.dashed	iOS=14.0	macOS=11.0	tvOS=14.0	visionOS=1.0	watchOS=7.0
cursorarrow.click	iOS=14.0	macOS=11.0	tvOS=14.0	visionOS=1.0	watchOS=7.0
cursorarrow.click.2	iOS=14.0	macOS=11.0	tvOS=14.0	visionOS=1.0	watchOS=7.0
cursorarrow.click.badge.clock	iOS=14.0	macOS=11.0	tvOS=14.0	visionOS=1.0	watchOS=7.0
cursorarrow.motionlines	iOS=14.0	macOS=11.0	tvOS=14.0	visionOS=1.0	watchOS=7.0
cursorarrow.motionlines.click	iOS=14.0	macOS=11.0	tvOS=14.0	visionOS=1.0	watchOS=7.0
cursorarrow.rays	iOS=14.0	macOS=11.0	tvOS=14.0	visionOS=1.0	watchOS=7.0
cursorarrow.square	iOS=14.0	macOS=11.0	tvOS=14.0	visionOS=1.0	watchOS=7.0
cylinder	iOS=14.0	macOS=11.0	tvOS=14.0	visionOS=1.0	watchOS=7.0
cylinder.fill	iOS=14.0	macOS=11.0	tvOS=14.0	visionOS=1.0	watchOS=7.0
cylinder.split.1x2	iOS=14.0	macOS=11.0	tvOS=14.0	visionOS=1.0	watchOS=7.0
cylinder.split.1x2.fill	iOS=14.0	macOS=11.0	tvOS=14.0	visionOS=1.0	watchOS=7.0
deskclock	iOS=14.0	macOS=11.0	tvOS=14.0	visionOS=1.0	watchOS=7.0
deskclock.fill	iOS=14.0	macOS=11.0	tvOS=14.0	visionOS=1.0	watchOS=7.0
dial.max	iOS=14.0	macOS=11.0	tvOS=14.0	visionOS=1.0	watchOS=7.0
dial.max.fill	iOS=14.0	macOS=11.0	tvOS=14.0	visionOS=1.0	watchOS=7.0
dial.min	iOS=14.0	macOS=11.0	tvOS=14.0	visionOS=1.0	watchOS=7.0
dial.min.fill	iOS=14.0	macOS=11.0	tvOS=14.0	visionOS=1.0	watchOS=7.0
diamond	iOS=14.0	macOS=11.0	tvOS=14.0	visionOS=1.0	watchOS=7.0
diamond.fill	iOS=14.0	macOS=11.0	tvOS=14.0	visionOS=1.0	watchOS=7.0
die.face.1	iOS=14.0	macOS=11.0	tvOS=14.0	visionOS=1.0	watchOS=7.0
die.face.1.fill	iOS=14.0	macOS=11.0	tvOS=14.0	visionOS=1.0	watchOS=7.0
die.face.2	iOS=14.0	macOS=11.0	tvOS=14.0	visionOS=1.0	watchOS=7.0
die.face.2.fill	iOS=14.0	macOS=11.0	tvOS=14.0	visionOS=1.0	watchOS=7.0
die.face.3	iOS=14.0	macOS=11.0	tvOS=14.0	visionOS=1.0	watchOS=7.0
die.face.3.fill	iOS=14.0	macOS=11.0	tvOS=14.0	visionOS=1.0	watchOS=7.0
die.face.4	iOS=14.0	macOS=11.0	tvOS=14.0	visionOS=1.0	watchOS=7.0
die.face.4.fill	iOS=14.0	macOS=11.0	tvOS=14.0	visionOS=1.0	watchOS=7.0
die.face.5	iOS=14.0	macOS=11.0	tvOS=14.0	visionOS=1.0	watchOS=7.0
die.face.5.fill	iOS=14.0	macOS=11.0	tvOS=14.0	visionOS=1.0	watchOS=7.0
die.face.6	iOS=14.0	macOS=11.0	tvOS=14.0	visionOS=1.0	watchOS=7.0
die.face.6.fill	iOS=14.0	macOS=11.0	tvOS=14.0	visionOS=1.0	watchOS=7.0
display	iOS=14.0	macOS=11.0	tvOS=14.0	visionOS=1.0	watchOS=7.0
display.2	iOS=14.0	macOS=11.0	tvOS=14.0	visionOS=1.0	watchOS=7.0
display.trianglebadge.exclamationmark	iOS=14.0	macOS=11.0	tvOS=14.0	visionOS=1.0	watchOS=7.0
doc.append.fill	iOS=14.0	macOS=11.0	tvOS=14.0	visionOS=1.0	watchOS=7.0
doc.append.fill.rtl	iOS=14.0	macOS=11.0	tvOS=14.0	visionOS=1.0	watchOS=7.0
doc.append.rtl	iOS=14.0	macOS=11.0	tvOS=14.0	visionOS=1.0	watchOS=7.0
doc.badge.ellipsis	iOS=14.0	macOS=11.0	tvOS=14.0	visionOS=1.0	watchOS=7.0
doc.badge.gearshape	iOS=14.0	macOS=11.0	tvOS=14.0	visionOS=1.0	watchOS=7.0
doc.badge.gearshape.fill	iOS=14.0	macOS=11.0	tvOS=14.0	visionOS=1.0	watchOS=7.0
doc.badge.plus	iOS=14.0	macOS=11.0	tvOS=14.0	visionOS=1.0	watchOS=7.0
doc.fill.badge.ellipsis	iOS=14.0	macOS=11.0	tvOS=14.0	visionOS=1.0	watchOS=7.0
doc.fill.badge.plus	iOS=14.0	macOS=11.0	tvOS=14.0	visionOS=1.0	watchOS=7.0
doc.plaintext.fill	iOS=14.0	macOS=11.0	tvOS=14.0	visionOS=1.0	watchOS=7.0
doc.richtext.ar	iOS=14.0	macOS=11.0	tvOS=14.0	visionOS=1.0	watchOS=7.0
doc.richtext.fill	iOS=14.0	macOS=11.0	tvOS=14.0	visionOS=1.0	watchOS=7.0
doc.richtext.fill.ar	iOS=14.0	macOS=11.0	tvOS=14.0	visionOS=1.0	watchOS=7.0
doc.richtext.fill.he	iOS=14.0	macOS=11.0	tvOS=14.0	visionOS=1.0	watchOS=7.0
doc.richtext.he	iOS=14.0	macOS=11.0	tvOS=14.0	visionOS=1.0	watchOS=7.0
doc.text.below.ecg	iOS=14.0	macOS=11.0	tvOS=14.0	visionOS=1.0	watchOS=7.0
doc.text.below.ecg.fill	iOS=14.0	macOS=11.0	tvOS=14.0	visionOS=1.0	watchOS=7.0
doc.text.fill.viewfinder	iOS=14.0	macOS=11.0	tvOS=14.0	visionOS=1.0	watchOS=7.0
doc.zipper	iOS=14.0	macOS=11.0	tvOS=14.0	visionOS=1.0	watchOS=7.0
dock.arrow.down.rectangle	iOS=14.0	macOS=11.0	tvOS=14.0	visionOS=1.0	watchOS=7.0
dock.arrow.up.rectangle	iOS=14.0	macOS=11.0	tvOS=14.0	visionOS=1.0	watchOS=7.0
dock.rectangle	iOS=14.0	macOS=11.0	tvOS=14.0	visionOS=1.0	watchOS=7.0
dot.arrowtriangles.up.right.down.left.circle	iOS=14.0	macOS=11.0	tvOS=14.0	visionOS=1.0	watchOS=7.0
dot.circle.and.cursorarrow	iOS=14.0	macOS=11.0	tvOS=14.0	visionOS=1.0	watchOS=7.0
dot.radiowaves.forward	iOS=14.0	macOS=11.0	tvOS=14.0	visionOS=1.0	watchOS=7.0
dot.squareshape	iOS=14.0	macOS=11.0	tvOS=14.0	visionOS=1.0	watchOS=7.0
dot.squareshape.fill	iOS=14.0	macOS=11.0	tvOS=14.0	visionOS=1.0	watchOS=7.0
dot.squareshape.split.2x2	iOS=14.0	macOS=11.0	tvOS=14.0	visionOS=1.0	watchOS=7.0
dpad	iOS=14.0	macOS=11.0	tvOS=14.0	visionOS=1.0	watchOS=7.0
dpad.down.fill	iOS=14.0	macOS=11.0	tvOS=14.0	visionOS=1.0	watchOS=7.0
dpad.fill	iOS=14.0	macOS=11.0	tvOS=14.0	visionOS=1.0	watchOS=7.0
dpad.left.fill	iOS=14.0	macOS=11.0	tvOS=14.0	visionOS=1.0	watchOS=7.0
dpad.right.fill	iOS=14.0	macOS=11.0	tvOS=14.0	visionOS=1.0	watchOS=7.0
dpad.up.fill	iOS=14.0	macOS=11.0	tvOS=14.0	visionOS=1.0	watchOS=7.0
drop	iOS=14.0	macOS=11.0	tvOS=14.0	visionOS=1.0	watchOS=7.0
drop.fill	iOS=14.0	macOS=11.0	tvOS=14.0	visionOS=1.0	watchOS=7.0
ear.badge.checkmark	iOS=14.0	macOS=11.0	tvOS=14.0	visionOS=1.0	watchOS=7.0
ear.fill	iOS=14.0	macOS=11.0	tvOS=14.0	visionOS=1.0	watchOS=7.0
ear.trianglebadge.exclamationmark	iOS=14.0	macOS=11.0	tvOS=14.0	visionOS=1.0	watchOS=7.0
earpods	iOS=14.0	macOS=11.0	tvOS=14.0	visionOS=1.0	watchOS=7.0
eject.circle	iOS=14.0	macOS=11.0	tvOS=14.0	visionOS=1.0	watchOS=7.0
eject.circle.fill	iOS=14.0	macOS=11.0	tvOS=14.0	visionOS=1.0	watchOS=7.0
ellipsis.bubble	iOS=14.0	macOS=11.0	tvOS=14.0	visionOS=1.0	watchOS=7.0
ellipsis.bubble.fill	iOS=14.0	macOS=11.0	tvOS=14.0	visionOS=1.0	watchOS=7.0
ellipsis.rectangle	iOS=14.0	macOS=11.0	tvOS=14.0	visionOS=1.0	watchOS=7.0
ellipsis.rectangle.fill	iOS=14.0	macOS=11.0	tvOS=14.0	visionOS=1.0	watchOS=7.0
envelope.arrow.triangle.branch	iOS=14.0	macOS=11.0	tvOS=14.0	visionOS=1.0	watchOS=7.0
envelope.arrow.triangle.branch.fill	iOS=14.0	macOS=11.0	tvOS=14.0	visionOS=1.0	watchOS=7.0
envelope.badge.shield.leadinghalf.fill	iOS=14.0	macOS=11.0	tvOS=14.0	visionOS=1.0	watchOS=7.0
envelope.fill.badge.shield.trailinghalf.fill	iOS=14.0	macOS=11.0	tvOS=14.0	visionOS=1.0	watchOS=7.0
esim	iOS=14.0	macOS=11.0	tvOS=14.0	visionOS=1.0	watchOS=7.0
esim.fill	iOS=14.0	macOS=11.0	tvOS=14.0	visionOS=1.0	watchOS=7.0
exclamationmark.2	iOS=14.0	macOS=11.0	tvOS=14.0	visionOS=1.0	watchOS=7.0
exclamationmark.3	iOS=14.0	macOS=11.0	tvOS=14.0	visionOS=1.0	watchOS=7.0
exclamationmark.arrow.circlepath	iOS=14.0	macOS=11.0	tvOS=14.0	visionOS=1.0	watchOS=7.0
exclamationmark.arrow.triangle.2.circlepath	iOS=14.0	macOS=11.0	tvOS=14.0	visionOS=1.0	watchOS=7.0
externaldrive	iOS=14.0	macOS=11.0	tvOS=14.0	visionOS=1.0	watchOS=7.0
externaldrive.badge.checkmark	iOS=14.0	macOS=11.0	tvOS=14.0	visionOS=1.0	watchOS=7.0
externaldrive.badge.icloud	iOS=14.0	macOS=11.0	tvOS=14.0	visionOS=1.0	watchOS=7.0
externaldrive.badge.minus	iOS=14.0	macOS=11.0	tvOS=14.0	visionOS=1.0	watchOS=7.0
externaldrive.badge.person.crop	iOS=14.0	macOS=11.0	tvOS=14.0	visionOS=1.0	watchOS=7.0
externaldrive.badge.plus	iOS=14.0	macOS=11.0	tvOS=14.0	visionOS=1.0	watchOS=7.0
externaldrive.badge.timemachine	iOS=14.0	macOS=11.0	tvOS=14.0	visionOS=1.0	watchOS=7.0
externaldrive.badge.wifi	iOS=14.0	macOS=11.0	tvOS=14.0	visionOS=1.0	watchOS=7.0
externaldrive.badge.xmark	iOS=14.0	macOS=11.0	tvOS=14.0	visionOS=1.0	watchOS=7.0
externaldrive.connected.to.line.below	iOS=14.0	macOS=11.0	tvOS=14.0	visionOS=1.0	watchOS=7.0
externaldrive.connected.to.line.below.fill	iOS=14.0	macOS=11.0	tvOS=14.0	visionOS=1.0	watchOS=7.0
externaldrive.fill	iOS=14.0	macOS=11.0	tvOS=14.0	visionOS=1.0	watchOS=7.0
externaldrive.fill.badge.checkmark	iOS=14.0	macOS=11.0	tvOS=14.0	visionOS=1.0	watchOS=7.0
externaldrive.fill.badge.icloud	iOS=14.0	macOS=11.0	tvOS=14.0	visionOS=1.0	watchOS=7.0
externaldrive.fill.badge.minus	iOS=14.0	macOS=11.0	tvOS=14.0	visionOS=1.0	watchOS=7.0
externaldrive.fill.badge.person.crop	iOS=14.0	macOS=11.0	tvOS=14.0	visionOS=1.0	watchOS=7.0
externaldrive.fill.badge.plus	iOS=14.0	macOS=11.0	tvOS=14.0	visionOS=1.0	watchOS=7.0
externaldrive.fill.badge.timemachine	iOS=14.0	macOS=11.0	tvOS=14.0	visionOS=1.0	watchOS=7.0
externaldrive.fill.badge.wifi	iOS=14.0	macOS=11.0	tvOS=14.0	visionOS=1.0	watchOS=7.0
externaldrive.fill.badge.xmark	iOS=14.0	macOS=11.0	tvOS=14.0	visionOS=1.0	watchOS=7.0
eye.circle	iOS=14.0	macOS=11.0	tvOS=14.0	visionOS=1.0	watchOS=7.0
eye.circle.fill	iOS=14.0	macOS=11.0	tvOS=14.0	visionOS=1.0	watchOS=7.0
eyebrow	iOS=14.0	macOS=11.0	tvOS=14.0	visionOS=1.0	watchOS=7.0
eyes	iOS=14.0	macOS=11.0	tvOS=14.0	visionOS=1.0	watchOS=7.0
eyes.inverse	iOS=14.0	macOS=11.0	tvOS=14.0	visionOS=1.0	watchOS=7.0
face.dashed	iOS=14.0	macOS=11.0	tvOS=14.0	visionOS=1.0	watchOS=7.0
face.dashed.fill	iOS=14.0	macOS=11.0	tvOS=14.0	visionOS=1.0	watchOS=7.0
face.smiling	iOS=14.0	macOS=11.0	tvOS=14.0	visionOS=1.0	watchOS=7.0
face.smiling.fill	iOS=14.0	macOS=11.0	tvOS=14.0	visionOS=1.0	watchOS=7.0
faxmachine	iOS=14.0	macOS=11.0	tvOS=14.0	visionOS=1.0	watchOS=7.0
fiberchannel	iOS=14.0	macOS=11.0	tvOS=14.0	visionOS=1.0	watchOS=7.0
figure.stand	iOS=14.0	macOS=11.0	tvOS=14.0	visionOS=1.0	watchOS=7.0
figure.stand.line.dotted.figure.stand	iOS=14.0	macOS=11.0	tvOS=14.0	visionOS=1.0	watchOS=7.0
figure.walk	iOS=14.0	macOS=11.0	tvOS=14.0	visionOS=1.0	watchOS=7.0
figure.walk.circle	iOS=14.0	macOS=11.0	tvOS=14.0	visionOS=1.0	watchOS=7.0
figure.walk.circle.fill	iOS=14.0	macOS=11.0	tvOS=14.0	visionOS=1.0	watchOS=7.0
figure.walk.diamond	iOS=14.0	macOS=11.0	tvOS=14.0	visionOS=1.0	watchOS=7.0
figure.walk.diamond.fill	iOS=14.0	macOS=11.0	tvOS=14.0	visionOS=1.0	watchOS=7.0
figure.wave	iOS=14.0	macOS=11.0	tvOS=14.0	visionOS=1.0	watchOS=7.0
figure.wave.circle	iOS=14.0	macOS=11.0	tvOS=14.0	visionOS=1.0	watchOS=7.0
figure.wave.circle.fill	iOS=14.0	macOS=11.0	tvOS=14.0	visionOS=1.0	watchOS=7.0
filemenu.and.cursorarrow	iOS=14.0	macOS=11.0	tvOS=14.0	visionOS=1.0	watchOS=7.0
filemenu.and.cursorarrow.rtl	iOS=14.0	macOS=11.0	tvOS=14.0	visionOS=1.0	watchOS=7.0
filemenu.and.selection	iOS=14.0	macOS=11.0	tvOS=14.0	visionOS=1.0	watchOS=7.0
flag.badge.ellipsis	iOS=14.0	macOS=11.0	tvOS=14.0	visionOS=1.0	watchOS=7.0
flag.badge.ellipsis.fill	iOS=14.0	macOS=11.0	tvOS=14.0	visionOS=1.0	watchOS=7.0
flag.slash.circle	iOS=14.0	macOS=11.0	tvOS=14.0	visionOS=1.0	watchOS=7.0
flag.slash.circle.fill	iOS=14.0	macOS=11.0	tvOS=14.0	visionOS=1.0	watchOS=7.0
flipphone	iOS=14.0	macOS=11.0	tvOS=14.0	visionOS=1.0	watchOS=7.0
fn	iOS=14.0	macOS=11.0	tvOS=14.0	visionOS=1.0	watchOS=7.0
folder.badge.gear	iOS=14.0	macOS=11.0	tvOS=14.0	visionOS=1.0	watchOS=7.0
folder.badge.questionmark	iOS=14.0	macOS=11.0	tvOS=14.0	visionOS=1.0	watchOS=7.0
folder.badge.questionmark.ar	iOS=14.0	macOS=11.0	tvOS=14.0	visionOS=1.0	watchOS=7.0
folder.fill.badge.gear	iOS=14.0	macOS=11.0	tvOS=14.0	visionOS=1.0	watchOS=7.0
folder.fill.badge.questionmark	iOS=14.0	macOS=11.0	tvOS=14.0	visionOS=1.0	watchOS=7.0
folder.fill.badge.questionmark.ar	iOS=14.0	macOS=11.0	tvOS=14.0	visionOS=1.0	watchOS=7.0
forward.frame	iOS=14.0	macOS=11.0	tvOS=14.0	visionOS=1.0	watchOS=7.0
forward.frame.fill	iOS=14.0	macOS=11.0	tvOS=14.0	visionOS=1.0	watchOS=7.0
gearshape	iOS=14.0	macOS=11.0	tvOS=14.0	visionOS=1.0	watchOS=7.0
gearshape.2	iOS=14.0	macOS=11.0	tvOS=14.0	visionOS=1.0	watchOS=7.0
gearshape.2.fill	iOS=14.0	macOS=11.0	tvOS=14.0	visionOS=1.0	watchOS=7.0
gearshape.fill	iOS=14.0	macOS=11.0	tvOS=14.0	visionOS=1.0	watchOS=7.0
gift.circle	iOS=14.0	macOS=11.0	tvOS=14.0	visionOS=1.0	watchOS=7.0
gift.circle.fill	iOS=14.0	macOS=11.0	tvOS=14.0	visionOS=1.0	watchOS=7.0
giftcard	iOS=14.0	macOS=11.0	tvOS=14.0	visionOS=1.0	watchOS=7.0
giftcard.fill	iOS=14.0	macOS=11.0	tvOS=14.0	visionOS=1.0	watchOS=7.0
graduationcap	iOS=14.0	macOS=11.0	tvOS=14.0	visionOS=1.0	watchOS=7.0
graduationcap.fill	iOS=14.0	macOS=11.0	tvOS=14.0	visionOS=1.0	watchOS=7.0
greetingcard	iOS=14.0	macOS=11.0	tvOS=14.0	visionOS=1.0	watchOS=7.0
greetingcard.fill	iOS=14.0	macOS=11.0	tvOS=14.0	visionOS=1.0	watchOS=7.0
guitars.fill	iOS=14.0	macOS=11.0	tvOS=14.0	visionOS=1.0	watchOS=7.0
gyroscope	iOS=14.0	macOS=11.0	tvOS=14.0	visionOS=1.0	watchOS=7.0
h.square.fill.on.square.fill	iOS=14.0	macOS=11.0	tvOS=14.0	visionOS=1.0	watchOS=7.0
h.square.on.square	iOS=14.0	macOS=11.0	tvOS=14.0	visionOS=1.0	watchOS=7.0
hand.point.down	iOS=14.0	macOS=11.0	tvOS=14.0	visionOS=1.0	watchOS=7.0
hand.point.down.fill	iOS=14.0	macOS=11.0	tvOS=14.0	visionOS=1.0	watchOS=7.0
hand.point.up	iOS=14.0	macOS=11.0	tvOS=14.0	visionOS=1.0	watchOS=7.0
hand.point.up.braille	iOS=14.0	macOS=11.0	tvOS=14.0	visionOS=1.0	watchOS=7.0
hand.point.up.braille.fill	iOS=14.0	macOS=11.0	tvOS=14.0	visionOS=1.0	watchOS=7.0
hand.point.up.fill	iOS=14.0	macOS=11.0	tvOS=14.0	visionOS=1.0	watchOS=7.0
hand.point.up.left	iOS=14.0	macOS=11.0	tvOS=14.0	visionOS=1.0	watchOS=7.0
hand.point.up.left.fill	iOS=14.0	macOS=11.0	tvOS=14.0	visionOS=1.0	watchOS=7.0
hand.tap	iOS=14.0	macOS=11.0	tvOS=14.0	visionOS=1.0	watchOS=7.0
hand.tap.fill	iOS=14.0	macOS=11.0	tvOS=14.0	visionOS=1.0	watchOS=7.0
hand.wave	iOS=14.0	macOS=11.0	tvOS=14.0	visionOS=1.0	watchOS=7.0
hand.wave.fill	iOS=14.0	macOS=11.0	tvOS=14.0	visionOS=1.0	watchOS=7.0
hands.clap	iOS=14.0	macOS=11.0	tvOS=14.0	visionOS=1.0	watchOS=7.0
hands.clap.fill	iOS=14.0	macOS=11.0	tvOS=14.0	visionOS=1.0	watchOS=7.0
hands.sparkles	iOS=14.0	macOS=11.0	tvOS=14.0	visionOS=1.0	watchOS=7.0
hands.sparkles.fill	iOS=14.0	macOS=11.0	tvOS=14.0	visionOS=1.0	watchOS=7.0
headphones.circle	iOS=14.0	macOS=11.0	tvOS=14.0	visionOS=1.0	watchOS=7.0
headphones.circle.fill	iOS=14.0	macOS=11.0	tvOS=14.0	visionOS=1.0	watchOS=7.0
hearingaid.ear	iOS=14.0	macOS=11.0	tvOS=14.0	visionOS=1.0	watchOS=7.0
heart.text.square	iOS=14.0	macOS=11.0	tvOS=14.0	visionOS=1.0	watchOS=7.0
heart.text.square.fill	iOS=14.0	macOS=11.0	tvOS=14.0	visionOS=1.0	watchOS=7.0
hifispeaker.2	iOS=14.0	macOS=11.0	tvOS=14.0	visionOS=1.0	watchOS=7.0
hifispeaker.2.fill	iOS=14.0	macOS=11.0	tvOS=14.0	visionOS=1.0	watchOS=7.0
hifispeaker.and.homepod	iOS=14.0	macOS=11.0	tvOS=14.0	visionOS=1.0	watchOS=7.0
hifispeaker.and.homepod.fill	iOS=14.0	macOS=11.0	tvOS=14.0	visionOS=1.0	watchOS=7.0
highlighter	iOS=14.0	macOS=11.0	tvOS=14.0	visionOS=1.0	watchOS=7.0
homekit	iOS=14.0	macOS=11.0	tvOS=14.0	visionOS=1.0	watchOS=7.0
homepod	iOS=14.0	macOS=11.0	tvOS=14.0	visionOS=1.0	watchOS=7.0
homepod.2	iOS=14.0	macOS=11.0	tvOS=14.0	visionOS=1.0	watchOS=7.0
homepod.2.fill	iOS=14.0	macOS=11.0	tvOS=14.0	visionOS=1.0	watchOS=7.0
homepod.fill	iOS=14.0	macOS=11.0	tvOS=14.0	visionOS=1.0	watchOS=7.0
hourglass.badge.plus	iOS=14.0	macOS=11.0	tvOS=14.0	visionOS=1.0	watchOS=7.0
house.circle	iOS=14.0	macOS=11.0	tvOS=14.0	visionOS=1.0	watchOS=7.0
house.circle.fill	iOS=14.0	macOS=11.0	tvOS=14.0	visionOS=1.0	watchOS=7.0
infinity	iOS=14.0	macOS=11.0	tvOS=14.0	visionOS=1.0	watchOS=7.0
internaldrive	iOS=14.0	macOS=11.0	tvOS=14.0	visionOS=1.0	watchOS=7.0
internaldrive.fill	iOS=14.0	macOS=11.0	tvOS=14.0	visionOS=1.0	watchOS=7.0
ipad	iOS=14.0	macOS=11.0	tvOS=14.0	visionOS=1.0	watchOS=7.0
ipad.homebutton	iOS=14.0	macOS=11.0	tvOS=14.0	visionOS=1.0	watchOS=7.0
ipad.homebutton.landscape	iOS=14.0	macOS=11.0	tvOS=14.0	visionOS=1.0	watchOS=7.0
ipad.landscape	iOS=14.0	macOS=11.0	tvOS=14.0	visionOS=1.0	watchOS=7.0
iphone	iOS=14.0	macOS=11.0	tvOS=14.0	visionOS=1.0	watchOS=7.0
iphone.homebutton	iOS=14.0	macOS=11.0	tvOS=14.0	visionOS=1.0	watchOS=7.0
iphone.homebutton.radiowaves.left.and.right	iOS=14.0	macOS=11.0	tvOS=14.0	visionOS=1.0	watchOS=7.0
iphone.homebutton.slash	iOS=14.0	macOS=11.0	tvOS=14.0	visionOS=1.0	watchOS=7.0
iphone.radiowaves.left.and.right	iOS=14.0	macOS=11.0	tvOS=14.0	visionOS=1.0	watchOS=7.0
iphone.slash	iOS=14.0	macOS=11.0	tvOS=14.0	visionOS=1.0	watchOS=7.0
ipod	iOS=14.0	macOS=11.0	tvOS=14.0	visionOS=1.0	watchOS=7.0
ipodshuffle.gen1	iOS=14.0	macOS=11.0	tvOS=14.0	visionOS=1.0	watchOS=7.0
ipodshuffle.gen2	iOS=14.0	macOS=11.0	tvOS=14.0	visionOS=1.0	watchOS=7.0
ipodshuffle.gen3	iOS=14.0	macOS=11.0	tvOS=14.0	visionOS=1.0	watchOS=7.0
ipodshuffle.gen4	iOS=14.0	macOS=11.0	tvOS=14.0	visionOS=1.0	watchOS=7.0
ipodtouch	iOS=14.0	macOS=11.0	tvOS=14.0	visionOS=1.0	watchOS=7.0
j.square.fill.on.square.fill	iOS=14.0	macOS=11.0	tvOS=14.0	visionOS=1.0	watchOS=7.0
j.square.on.square	iOS=14.0	macOS=11.0	tvOS=14.0	visionOS=1.0	watchOS=7.0
k	iOS=14.0	macOS=11.0	tvOS=14.0	visionOS=1.0	watchOS=7.0
key	iOS=14.0	macOS=11.0	tvOS=14.0	visionOS=1.0	watchOS=7.0
key.fill	iOS=14.0	macOS=11.0	tvOS=14.0	visionOS=1.0	watchOS=7.0
key.icloud	iOS=14.0	macOS=11.0	tvOS=14.0	visionOS=1.0	watchOS=7.0
key.icloud.fill	iOS=14.0	macOS=11.0	tvOS=14.0	visionOS=1.0	watchOS=7.0
keyboard.badge.ellipsis	iOS=14.0	macOS=11.0	tvOS=14.0	visionOS=1.0	watchOS=7.0
keyboard.chevron.compact.left	iOS=14.0	macOS=11.0	tvOS=14.0	visionOS=1.0	watchOS=7.0
keyboard.macwindow	iOS=14.0	macOS=11.0	tvOS=14.0	visionOS=1.0	watchOS=7.0
keyboard.onehanded.left	iOS=14.0	macOS=11.0	tvOS=14.0	visionOS=1.0	watchOS=7.0
keyboard.onehanded.right	iOS=14.0	macOS=11.0	tvOS=14.0	visionOS=1.0	watchOS=7.0
l.joystick	iOS=14.0	macOS=11.0	tvOS=14.0	visionOS=1.0	watchOS=7.0
l.joystick.down	iOS=14.0	macOS=11.0	tvOS=14.0	visionOS=1.0	watchOS=7.0
l.joystick.down.fill	iOS=14.0	macOS=11.0	tvOS=14.0	visionOS=1.0	watchOS=7.0
l.joystick.fill	iOS=14.0	macOS=11.0	tvOS=14.0	visionOS=1.0	watchOS=7.0
l.rectangle.roundedbottom	iOS=14.0	macOS=11.0	tvOS=14.0	visionOS=1.0	watchOS=7.0
l.rectangle.roundedbottom.fill	iOS=14.0	macOS=11.0	tvOS=14.0	visionOS=1.0	watchOS=7.0
l1.rectangle.roundedbottom	iOS=14.0	macOS=11.0	tvOS=14.0	visionOS=1.0	watchOS=7.0
l1.rectangle.roundedbottom.fill	iOS=14.0	macOS=11.0	tvOS=14.0	visionOS=1.0	watchOS=7.0
l2.rectangle.roundedtop	iOS=14.0	macOS=11.0	tvOS=14.0	visionOS=1.0	watchOS=7.0
l2.rectangle.roundedtop.fill	iOS=14.0	macOS=11.0	tvOS=14.0	visionOS=1.0	watchOS=7.0
ladybug	iOS=14.0	macOS=11.0	tvOS=14.0	visionOS=1.0	watchOS=7.0
ladybug.fill	iOS=14.0	macOS=11.0	tvOS=14.0	visionOS=1.0	watchOS=7.0
laptopcomputer	iOS=14.0	macOS=11.0	tvOS=14.0	visionOS=1.0	watchOS=7.0
laptopcomputer.and.iphone	iOS=14.0	macOS=11.0	tvOS=14.0	visionOS=1.0	watchOS=7.0
lasso.sparkles	iOS=14.0	macOS=11.0	tvOS=14.0	visionOS=1.0	watchOS=7.0
latch.2.case	iOS=14.0	macOS=11.0	tvOS=14.0	visionOS=1.0	watchOS=7.0
latch.2.case.fill	iOS=14.0	macOS=11.0	tvOS=14.0	visionOS=1.0	watchOS=7.0
lb.rectangle.roundedbottom	iOS=14.0	macOS=11.0	tvOS=14.0	visionOS=1.0	watchOS=7.0
lb.rectangle.roundedbottom.fill	iOS=14.0	macOS=11.0	tvOS=14.0	visionOS=1.0	watchOS=7.0
leaf	iOS=14.0	macOS=11.0	tvOS=14.0	visionOS=1.0	watchOS=7.0
leaf.arrow.triangle.circlepath	iOS=14.0	macOS=11.0	tvOS=14.0	visionOS=1.0	watchOS=7.0
leaf.fill	iOS=14.0	macOS=11.0	tvOS=14.0	visionOS=1.0	watchOS=7.0
level	iOS=14.0	macOS=11.0	tvOS=14.0	visionOS=1.0	watchOS=7.0
level.fill	iOS=14.0	macOS=11.0	tvOS=14.0	visionOS=1.0	watchOS=7.0
lifepreserver	iOS=14.0	macOS=11.0	tvOS=14.0	visionOS=1.0	watchOS=7.0
lifepreserver.fill	iOS=14.0	macOS=11.0	tvOS=14.0	visionOS=1.0	watchOS=7.0
line.3.crossed.swirl.circle	iOS=14.0	macOS=11.0	tvOS=14.0	visionOS=1.0	watchOS=7.0
line.3.crossed.swirl.circle.fill	iOS=14.0	macOS=11.0	tvOS=14.0	visionOS=1.0	watchOS=7.0
line.diagonal	iOS=14.0	macOS=11.0	tvOS=14.0	visionOS=1.0	watchOS=7.0
line.diagonal.arrow	iOS=14.0	macOS=11.0	tvOS=14.0	visionOS=1.0	watchOS=7.0
line.horizontal.2.decrease.circle	iOS=14.0	macOS=11.0	tvOS=14.0	visionOS=1.0	watchOS=7.0
line.horizontal.2.decrease.circle.fill	iOS=14.0	macOS=11.0	tvOS=14.0	visionOS=1.0	watchOS=7.0
line.horizontal.3.circle	iOS=14.0	macOS=11.0	tvOS=14.0	visionOS=1.0	watchOS=7.0
line.horizontal.3.circle.fill	iOS=14.0	macOS=11.0	tvOS=14.0	visionOS=1.0	watchOS=7.0
line.horizontal.star.fill.line.horizontal	iOS=14.0	macOS=11.0	tvOS=14.0	visionOS=1.0	watchOS=7.0
lineweight	iOS=14.0	macOS=11.0	tvOS=14.0	visionOS=1.0	watchOS=7.0
link.badge.plus	iOS=14.0	macOS=11.0	tvOS=14.0	visionOS=1.0	watchOS=7.0
list.and.film	iOS=14.0	macOS=11.0	tvOS=14.0	visionOS=1.0	watchOS=7.0
list.bullet.rectangle	iOS=14.0	macOS=11.0	tvOS=14.0	visionOS=1.0	watchOS=7.0
list.number.ar	iOS=14.0	macOS=11.0	tvOS=14.0	visionOS=1.0	watchOS=7.0
list.star	iOS=14.0	macOS=11.0	tvOS=14.0	visionOS=1.0	watchOS=7.0
list.triangle	iOS=14.0	macOS=11.0	tvOS=14.0	visionOS=1.0	watchOS=7.0
livephoto.badge.a	iOS=14.0	macOS=11.0	tvOS=14.0	visionOS=1.0	watchOS=7.0
location.fill.viewfinder	iOS=14.0	macOS=11.0	tvOS=14.0	visionOS=1.0	watchOS=7.0
location.viewfinder	iOS=14.0	macOS=11.0	tvOS=14.0	visionOS=1.0	watchOS=7.0
lock.doc	iOS=14.0	macOS=11.0	tvOS=14.0	visionOS=1.0	watchOS=7.0
lock.doc.fill	iOS=14.0	macOS=11.0	tvOS=14.0	visionOS=1.0	watchOS=7.0
lock.rectangle	iOS=14.0	macOS=11.0	tvOS=14.0	visionOS=1.0	watchOS=7.0
lock.rectangle.fill	iOS=14.0	macOS=11.0	tvOS=14.0	visionOS=1.0	watchOS=7.0
lock.rectangle.on.rectangle	iOS=14.0	macOS=11.0	tvOS=14.0	visionOS=1.0	watchOS=7.0
lock.rectangle.on.rectangle.fill	iOS=14.0	macOS=11.0	tvOS=14.0	visionOS=1.0	watchOS=7.0
lock.rectangle.stack	iOS=14.0	macOS=11.0	tvOS=14.0	visionOS=1.0	watchOS=7.0
lock.rectangle.stack.fill	iOS=14.0	macOS=11.0	tvOS=14.0	visionOS=1.0	watchOS=7.0
lock.square	iOS=14.0	macOS=11.0	tvOS=14.0	visionOS=1.0	watchOS=7.0
lock.square.fill	iOS=14.0	macOS=11.0	tvOS=14.0	visionOS=1.0	watchOS=7.0
lock.square.stack	iOS=14.0	macOS=11.0	tvOS=14.0	visionOS=1.0	watchOS=7.0
lock.square.stack.fill	iOS=14.0	macOS=11.0	tvOS=14.0	visionOS=1.0	watchOS=7.0
loupe	iOS=14.0	macOS=11.0	tvOS=14.0	visionOS=1.0	watchOS=7.0
lt.rectangle.roundedtop	iOS=14.0	macOS=11.0	tvOS=14.0	visionOS=1.0	watchOS=7.0
lt.rectangle.roundedtop.fill	iOS=14.0	macOS=11.0	tvOS=14.0	visionOS=1.0	watchOS=7.0
lungs	iOS=14.0	macOS=11.0	tvOS=14.0	visionOS=1.0	watchOS=7.0
lungs.fill	iOS=14.0	macOS=11.0	tvOS=14.0	visionOS=1.0	watchOS=7.0
macmini	iOS=14.0	macOS=11.0	tvOS=14.0	visionOS=1.0	watchOS=7.0
macmini.fill	iOS=14.0	macOS=11.0	tvOS=14.0	visionOS=1.0	watchOS=7.0
macpro.gen1	iOS=14.0	macOS=11.0	tvOS=14.0	visionOS=1.0	watchOS=7.0
macpro.gen2	iOS=14.0	macOS=11.0	tvOS=14.0	visionOS=1.0	watchOS=7.0
macpro.gen2.fill	iOS=14.0	macOS=11.0	tvOS=14.0	visionOS=1.0	watchOS=7.0
macpro.gen3	iOS=14.0	macOS=11.0	tvOS=14.0	visionOS=1.0	watchOS=7.0
macpro.gen3.server	iOS=14.0	macOS=11.0	tvOS=14.0	visionOS=1.0	watchOS=7.0
macwindow.badge.plus	iOS=14.0	macOS=11.0	tvOS=14.0	visionOS=1.0	watchOS=7.0
macwindow.on.rectangle	iOS=14.0	macOS=11.0	tvOS=14.0	visionOS=1.0	watchOS=7.0
macwindow.on.rectangle.rtl	iOS=14.0	macOS=11.0	tvOS=14.0	visionOS=1.0	watchOS=7.0
mail	iOS=14.0	macOS=11.0	tvOS=14.0	visionOS=1.0	watchOS=7.0
mail.and.text.magnifyingglass	iOS=14.0	macOS=11.0	tvOS=14.0	visionOS=1.0	watchOS=7.0
mail.and.text.magnifyingglass.rtl	iOS=14.0	macOS=11.0	tvOS=14.0	visionOS=1.0	watchOS=7.0
mail.fill	iOS=14.0	macOS=11.0	tvOS=14.0	visionOS=1.0	watchOS=7.0
mail.stack	iOS=14.0	macOS=11.0	tvOS=14.0	visionOS=1.0	watchOS=7.0
mail.stack.fill	iOS=14.0	macOS=11.0	tvOS=14.0	visionOS=1.0	watchOS=7.0
megaphone	iOS=14.0	macOS=11.0	tvOS=14.0	visionOS=1.0	watchOS=7.0
megaphone.fill	iOS=14.0	macOS=11.0	tvOS=14.0	visionOS=1.0	watchOS=7.0
memorychip	iOS=14.0	macOS=11.0	tvOS=14.0	visionOS=1.0	watchOS=7.0
menubar.arrow.down.rectangle	iOS=14.0	macOS=11.0	tvOS=14.0	visionOS=1.0	watchOS=7.0
menubar.arrow.up.rectangle	iOS=14.0	macOS=11.0	tvOS=14.0	visionOS=1.0	watchOS=7.0
menubar.dock.rectangle	iOS=14.0	macOS=11.0	tvOS=14.0	visionOS=1.0	watchOS=7.0
menubar.dock.rectangle.badge.record	iOS=14.0	macOS=11.0	tvOS=14.0	visionOS=1.0	watchOS=7.0
menubar.rectangle	iOS=14.0	macOS=11.0	tvOS=14.0	visionOS=1.0	watchOS=7.0
metronome.fill	iOS=14.0	macOS=11.0	tvOS=14.0	visionOS=1.0	watchOS=7.0
minus.diamond	iOS=14.0	macOS=11.0	tvOS=14.0	visionOS=1.0	watchOS=7.0
minus.diamond.fill	iOS=14.0	macOS=11.0	tvOS=14.0	visionOS=1.0	watchOS=7.0
minus.plus.batteryblock	iOS=14.0	macOS=11.0	tvOS=14.0	visionOS=1.0	watchOS=7.0
minus.plus.batteryblock.fill	iOS=14.0	macOS=11.0	tvOS=14.0	visionOS=1.0	watchOS=7.0
minus.rectangle.portrait	iOS=14.0	macOS=11.0	tvOS=14.0	visionOS=1.0	watchOS=7.0
minus.rectangle.portrait.fill	iOS=14.0	macOS=11.0	tvOS=14.0	visionOS=1.0	watchOS=7.0
mosaic	iOS=14.0	macOS=11.0	tvOS=14.0	visionOS=1.0	watchOS=7.0
mosaic.fill	iOS=14.0	macOS=11.0	tvOS=14.0	visionOS=1.0	watchOS=7.0
mount	iOS=14.0	macOS=11.0	tvOS=14.0	visionOS=1.0	watchOS=7.0
mount.fill	iOS=14.0	macOS=11.0	tvOS=14.0	visionOS=1.0	watchOS=7.0
mouth	iOS=14.0	macOS=11.0	tvOS=14.0	visionOS=1.0	watchOS=7.0
mouth.fill	iOS=14.0	macOS=11.0	tvOS=14.0	visionOS=1.0	watchOS=7.0
move.3d	iOS=14.0	macOS=11.0	tvOS=14.0	visionOS=1.0	watchOS=7.0
music.note.house	iOS=14.0	macOS=11.0	tvOS=14.0	visionOS=1.0	watchOS=7.0
music.note.house.fill	iOS=14.0	macOS=11.0	tvOS=14.0	visionOS=1.0	watchOS=7.0
music.quarternote.3	iOS=14.0	macOS=11.0	tvOS=14.0	visionOS=1.0	watchOS=7.0
mustache	iOS=14.0	macOS=11.0	tvOS=14.0	visionOS=1.0	watchOS=7.0
mustache.fill	iOS=14.0	macOS=11.0	tvOS=14.0	visionOS=1.0	watchOS=7.0
network	iOS=14.0	macOS=11.0	tvOS=14.0	visionOS=1.0	watchOS=7.0
newspaper	iOS=14.0	macOS=11.0	tvOS=14.0	visionOS=1.0	watchOS=7.0
newspaper.fill	iOS=14.0	macOS=11.0	tvOS=14.0	visionOS=1.0	watchOS=7.0
nose	iOS=14.0	macOS=11.0	tvOS=14.0	visionOS=1.0	watchOS=7.0
nose.fill	iOS=14.0	macOS=11.0	tvOS=14.0	visionOS=1.0	watchOS=7.0
note	iOS=14.0	macOS=11.0	tvOS=14.0	visionOS=1.0	watchOS=7.0
note.text	iOS=14.0	macOS=11.0	tvOS=14.0	visionOS=1.0	watchOS=7.0
note.text.badge.plus	iOS=14.0	macOS=11.0	tvOS=14.0	visionOS=1.0	watchOS=7.0
octagon	iOS=14.0	macOS=11.0	tvOS=14.0	visionOS=1.0	watchOS=7.0
octagon.fill	iOS=14.0	macOS=11.0	tvOS=14.0	visionOS=1.0	watchOS=7.0
opticaldisc	iOS=14.0	macOS=11.0	tvOS=14.0	visionOS=1.0	watchOS=7.0
opticaldiscdrive	iOS=14.0	macOS=11.0	tvOS=14.0	visionOS=1.0	watchOS=7.0
opticaldiscdrive.fill	iOS=14.0	macOS=11.0	tvOS=14.0	visionOS=1.0	watchOS=7.0
oval	iOS=14.0	macOS=11.0	tvOS=14.0	visionOS=1.0	watchOS=7.0
oval.fill	iOS=14.0	macOS=11.0	tvOS=14.0	visionOS=1.0	watchOS=7.0
oval.portrait	iOS=14.0	macOS=11.0	tvOS=14.0	visionOS=1.0	watchOS=7.0
oval.portrait.fill	iOS=14.0	macOS=11.0	tvOS=14.0	visionOS=1.0	watchOS=7.0
paintbrush.pointed	iOS=14.0	macOS=11.0	tvOS=14.0	visionOS=1.0	watchOS=7.0
paintbrush.pointed.fill	iOS=14.0	macOS=11.0	tvOS=14.0	visionOS=1.0	watchOS=7.0
paintpalette	iOS=14.0	macOS=11.0	tvOS=14.0	visionOS=1.0	watchOS=7.0
paintpalette.fill	iOS=14.0	macOS=11.0	tvOS=14.0	visionOS=1.0	watchOS=7.0
paperclip.badge.ellipsis	iOS=14.0	macOS=11.0	tvOS=14.0	visionOS=1.0	watchOS=7.0
paperplane.circle	iOS=14.0	macOS=11.0	tvOS=14.0	visionOS=1.0	watchOS=7.0
paperplane.circle.fill	iOS=14.0	macOS=11.0	tvOS=14.0	visionOS=1.0	watchOS=7.0
paragraphsign	iOS=14.0	macOS=11.0	tvOS=14.0	visionOS=1.0	watchOS=7.0
pc	iOS=14.0	macOS=11.0	tvOS=14.0	visionOS=1.0	watchOS=7.0
pencil.tip.crop.circle.badge.arrow.forward	iOS=14.0	macOS=11.0	tvOS=14.0	visionOS=1.0	watchOS=7.0
percent.ar	iOS=14.0	macOS=11.0	tvOS=14.0	visionOS=1.0	watchOS=7.0
person.2.circle	iOS=14.0	macOS=11.0	tvOS=14.0	visionOS=1.0	watchOS=7.0
person.2.circle.fill	iOS=14.0	macOS=11.0	tvOS=14.0	visionOS=1.0	watchOS=7.0
person.and.arrow.left.and.arrow.right	iOS=14.0	macOS=11.0	tvOS=14.0	visionOS=1.0	watchOS=7.0
person.crop.circle.badge.exclamationmark	iOS=14.0	macOS=11.0	tvOS=14.0	visionOS=1.0	watchOS=7.0
person.crop.circle.badge.questionmark	iOS=14.0	macOS=11.0	tvOS=14.0	visionOS=1.0	watchOS=7.0
person.crop.circle.badge.questionmark.ar	iOS=14.0	macOS=11.0	tvOS=14.0	visionOS=1.0	watchOS=7.0
person.crop.circle.fill.badge.exclamationmark	iOS=14.0	macOS=11.0	tvOS=14.0	visionOS=1.0	watchOS=7.0
person.crop.circle.fill.badge.questionmark	iOS=14.0	macOS=11.0	tvOS=14.0	visionOS=1.0	watchOS=7.0
person.crop.circle.fill.badge.questionmark.ar	iOS=14.0	macOS=11.0	tvOS=14.0	visionOS=1.0	watchOS=7.0
person.crop.square.fill.and.at.rectangle	iOS=14.0	macOS=11.0	tvOS=14.0	visionOS=1.0	watchOS=7.0
person.fill.and.arrow.left.and.arrow.right	iOS=14.0	macOS=11.0	tvOS=14.0	visionOS=1.0	watchOS=7.0
person.fill.badge.minus	iOS=14.0	macOS=11.0	tvOS=14.0	visionOS=1.0	watchOS=7.0
person.fill.badge.plus	iOS=14.0	macOS=11.0	tvOS=14.0	visionOS=1.0	watchOS=7.0
person.fill.checkmark	iOS=14.0	macOS=11.0	tvOS=14.0	visionOS=1.0	watchOS=7.0
person.fill.checkmark.rtl	iOS=14.0	macOS=11.0	tvOS=14.0	visionOS=1.0	watchOS=7.0
person.fill.questionmark	iOS=14.0	macOS=11.0	tvOS=14.0	visionOS=1.0	watchOS=7.0
person.fill.questionmark.ar	iOS=14.0	macOS=11.0	tvOS=14.0	visionOS=1.0	watchOS=7.0
person.fill.questionmark.rtl	iOS=14.0	macOS=11.0	tvOS=14.0	visionOS=1.0	watchOS=7.0
person.fill.turn.down	iOS=14.0	macOS=11.0	tvOS=14.0	visionOS=1.0	watchOS=7.0
person.fill.turn.left	iOS=14.0	macOS=11.0	tvOS=14.0	visionOS=1.0	watchOS=7.0
person.fill.turn.right	iOS=14.0	macOS=11.0	tvOS=14.0	visionOS=1.0	watchOS=7.0
person.fill.viewfinder	iOS=14.0	macOS=11.0	tvOS=14.0	visionOS=1.0	watchOS=7.0
person.fill.xmark	iOS=14.0	macOS=11.0	tvOS=14.0	visionOS=1.0	watchOS=7.0
person.fill.xmark.rtl	iOS=14.0	macOS=11.0	tvOS=14.0	visionOS=1.0	watchOS=7.0
phone.bubble.left	iOS=14.0	macOS=11.0	tvOS=14.0	visionOS=1.0	watchOS=7.0
phone.bubble.left.fill	iOS=14.0	macOS=11.0	tvOS=14.0	visionOS=1.0	watchOS=7.0
phone.connection	iOS=14.0	macOS=11.0	tvOS=14.0	visionOS=1.0	watchOS=7.0
phone.fill.connection	iOS=14.0	macOS=11.0	tvOS=14.0	visionOS=1.0	watchOS=7.0
photo.on.rectangle.angled	iOS=14.0	macOS=11.0	tvOS=14.0	visionOS=1.0	watchOS=7.0
pianokeys	iOS=14.0	macOS=11.0	tvOS=14.0	visionOS=1.0	watchOS=7.0
pianokeys.inverse	iOS=14.0	macOS=11.0	tvOS=14.0	visionOS=1.0	watchOS=7.0
pills	iOS=14.0	macOS=11.0	tvOS=14.0	visionOS=1.0	watchOS=7.0
pills.fill	iOS=14.0	macOS=11.0	tvOS=14.0	visionOS=1.0	watchOS=7.0
pip	iOS=14.0	macOS=11.0	tvOS=14.0	visionOS=1.0	watchOS=7.0
pip.enter	iOS=14.0	macOS=11.0	tvOS=14.0	visionOS=1.0	watchOS=7.0
pip.exit	iOS=14.0	macOS=11.0	tvOS=14.0	visionOS=1.0	watchOS=7.0
pip.fill	iOS=14.0	macOS=11.0	tvOS=14.0	visionOS=1.0	watchOS=7.0
pip.remove	iOS=14.0	macOS=11.0	tvOS=14.0	visionOS=1.0	watchOS=7.0
pip.swap	iOS=14.0	macOS=11.0	tvOS=14.0	visionOS=1.0	watchOS=7.0
placeholdertext.fill	iOS=14.0	macOS=11.0	tvOS=14.0	visionOS=1.0	watchOS=7.0
play.slash	iOS=14.0	macOS=11.0	tvOS=14.0	visionOS=1.0	watchOS=7.0
play.slash.fill	iOS=14.0	macOS=11.0	tvOS=14.0	visionOS=1.0	watchOS=7.0
plus.diamond	iOS=14.0	macOS=11.0	tvOS=14.0	visionOS=1.0	watchOS=7.0
plus.diamond.fill	iOS=14.0	macOS=11.0	tvOS=14.0	visionOS=1.0	watchOS=7.0
plus.message	iOS=14.0	macOS=11.0	tvOS=14.0	visionOS=1.0	watchOS=7.0
plus.message.fill	iOS=14.0	macOS=11.0	tvOS=14.0	visionOS=1.0	watchOS=7.0
plus.rectangle.fill.on.folder.fill	iOS=14.0	macOS=11.0	tvOS=14.0	visionOS=1.0	watchOS=7.0
plus.rectangle.on.folder	iOS=14.0	macOS=11.0	tvOS=14.0	visionOS=1.0	watchOS=7.0
plus.rectangle.portrait	iOS=14.0	macOS=11.0	tvOS=14.0	visionOS=1.0	watchOS=7.0
plus.rectangle.portrait.fill	iOS=14.0	macOS=11.0	tvOS=14.0	visionOS=1.0	watchOS=7.0
plus.viewfinder	iOS=14.0	macOS=11.0	tvOS=14.0	visionOS=1.0	watchOS=7.0
point.fill.topleft.down.curvedto.point.fill.bottomright.up	iOS=14.0	macOS=11.0	tvOS=14.0	visionOS=1.0	watchOS=7.0
point.topleft.down.curvedto.point.bottomright.up	iOS=14.0	macOS=11.0	tvOS=14.0	visionOS=1.0	watchOS=7.0
poweroff	iOS=14.0	macOS=11.0	tvOS=14.0	visionOS=1.0	watchOS=7.0
poweron	iOS=14.0	macOS=11.0	tvOS=14.0	visionOS=1.0	watchOS=7.0
powersleep	iOS=14.0	macOS=11.0	tvOS=14.0	visionOS=1.0	watchOS=7.0
printer.dotmatrix	iOS=14.0	macOS=11.0	tvOS=14.0	visionOS=1.0	watchOS=7.0
printer.dotmatrix.fill	iOS=14.0	macOS=11.0	tvOS=14.0	visionOS=1.0	watchOS=7.0
printer.dotmatrix.fill.and.paper.fill	iOS=14.0	macOS=11.0	tvOS=14.0	visionOS=1.0	watchOS=7.0
printer.fill.and.paper.fill	iOS=14.0	macOS=11.0	tvOS=14.0	visionOS=1.0	watchOS=7.0
puzzlepiece	iOS=14.0	macOS=11.0	tvOS=14.0	visionOS=1.0	watchOS=7.0
puzzlepiece.fill	iOS=14.0	macOS=11.0	tvOS=14.0	visionOS=1.0	watchOS=7.0
pyramid	iOS=14.0	macOS=11.0	tvOS=14.0	visionOS=1.0	watchOS=7.0
pyramid.fill	iOS=14.0	macOS=11.0	tvOS=14.0	visionOS=1.0	watchOS=7.0
questionmark.ar	iOS=14.0	macOS=11.0	tvOS=14.0	visionOS=1.0	watchOS=7.0
questionmark.circle.ar	iOS=14.0	macOS=11.0	tvOS=14.0	visionOS=1.0	watchOS=7.0
questionmark.circle.fill.ar	iOS=14.0	macOS=11.0	tvOS=14.0	visionOS=1.0	watchOS=7.0
questionmark.diamond.ar	iOS=14.0	macOS=11.0	tvOS=14.0	visionOS=1.0	watchOS=7.0
questionmark.diamond.fill.ar	iOS=14.0	macOS=11.0	tvOS=14.0	visionOS=1.0	watchOS=7.0
questionmark.folder	iOS=14.0	macOS=11.0	tvOS=14.0	visionOS=1.0	watchOS=7.0
questionmark.folder.ar	iOS=14.0	macOS=11.0	tvOS=14.0	visionOS=1.0	watchOS=7.0
questionmark.folder.fill	iOS=14.0	macOS=11.0	tvOS=14.0	visionOS=1.0	watchOS=7.0
questionmark.folder.fill.ar	iOS=14.0	macOS=11.0	tvOS=14.0	visionOS=1.0	watchOS=7.0
questionmark.square.ar	iOS=14.0	macOS=11.0	tvOS=14.0	visionOS=1.0	watchOS=7.0
questionmark.square.dashed	iOS=14.0	macOS=11.0	tvOS=14.0	visionOS=1.0	watchOS=7.0
questionmark.square.dashed.ar	iOS=14.0	macOS=11.0	tvOS=14.0	visionOS=1.0	watchOS=7.0
questionmark.square.fill.ar	iOS=14.0	macOS=11.0	tvOS=14.0	visionOS=1.0	watchOS=7.0
questionmark.video.ar	iOS=14.0	macOS=11.0	tvOS=14.0	visionOS=1.0	watchOS=7.0
questionmark.video.fill.ar	iOS=14.0	macOS=11.0	tvOS=14.0	visionOS=1.0	watchOS=7.0
quote.bubble.fill.rtl	iOS=14.0	macOS=11.0	tvOS=14.0	visionOS=1.0	watchOS=7.0
quote.bubble.rtl	iOS=14.0	macOS=11.0	tvOS=14.0	visionOS=1.0	watchOS=7.0
r.joystick	iOS=14.0	macOS=11.0	tvOS=14.0	visionOS=1.0	watchOS=7.0
r.joystick.down	iOS=14.0	macOS=11.0	tvOS=14.0	visionOS=1.0	watchOS=7.0
r.joystick.down.fill	iOS=14.0	macOS=11.0	tvOS=14.0	visionOS=1.0	watchOS=7.0
r.joystick.fill	iOS=14.0	macOS=11.0	tvOS=14.0	visionOS=1.0	watchOS=7.0
r.rectangle.roundedbottom	iOS=14.0	macOS=11.0	tvOS=14.0	visionOS=1.0	watchOS=7.0
r.rectangle.roundedbottom.fill	iOS=14.0	macOS=11.0	tvOS=14.0	visionOS=1.0	watchOS=7.0
r.square.fill.on.square.fill	iOS=14.0	macOS=11.0	tvOS=14.0	visionOS=1.0	watchOS=7.0
r.square.on.square	iOS=14.0	macOS=11.0	tvOS=14.0	visionOS=1.0	watchOS=7.0
r1.rectangle.roundedbottom	iOS=14.0	macOS=11.0	tvOS=14.0	visionOS=1.0	watchOS=7.0
r1.rectangle.roundedbottom.fill	iOS=14.0	macOS=11.0	tvOS=14.0	visionOS=1.0	watchOS=7.0
r2.rectangle.roundedtop	iOS=14.0	macOS=11.0	tvOS=14.0	visionOS=1.0	watchOS=7.0
r2.rectangle.roundedtop.fill	iOS=14.0	macOS=11.0	tvOS=14.0	visionOS=1.0	watchOS=7.0
radio	iOS=14.0	macOS=11.0	tvOS=14.0	visionOS=1.0	watchOS=7.0
radio.fill	iOS=14.0	macOS=11.0	tvOS=14.0	visionOS=1.0	watchOS=7.0
rb.rectangle.roundedbottom	iOS=14.0	macOS=11.0	tvOS=14.0	visionOS=1.0	watchOS=7.0
rb.rectangle.roundedbottom.fill	iOS=14.0	macOS=11.0	tvOS=14.0	visionOS=1.0	watchOS=7.0
record.circle	iOS=14.0	macOS=11.0	tvOS=14.0	visionOS=1.0	watchOS=7.0
record.circle.fill	iOS=14.0	macOS=11.0	tvOS=14.0	visionOS=1.0	watchOS=7.0
rectangle.3.offgrid.bubble.left	iOS=14.0	macOS=11.0	tvOS=14.0	visionOS=1.0	watchOS=7.0
rectangle.3.offgrid.bubble.left.fill	iOS=14.0	macOS=11.0	tvOS=14.0	visionOS=1.0	watchOS=7.0
rectangle.and.pencil.and.ellipsis	iOS=14.0	macOS=11.0	tvOS=14.0	visionOS=1.0	watchOS=7.0
rectangle.and.pencil.and.ellipsis.rtl	iOS=14.0	macOS=11.0	tvOS=14.0	visionOS=1.0	watchOS=7.0
rectangle.and.text.magnifyingglass	iOS=14.0	macOS=11.0	tvOS=14.0	visionOS=1.0	watchOS=7.0
rectangle.and.text.magnifyingglass.rtl	iOS=14.0	macOS=11.0	tvOS=14.0	visionOS=1.0	watchOS=7.0
rectangle.arrowtriangle.2.inward	iOS=14.0	macOS=11.0	tvOS=14.0	visionOS=1.0	watchOS=7.0
rectangle.arrowtriangle.2.outward	iOS=14.0	macOS=11.0	tvOS=14.0	visionOS=1.0	watchOS=7.0
rectangle.badge.minus	iOS=14.0	macOS=11.0	tvOS=14.0	visionOS=1.0	watchOS=7.0
rectangle.badge.plus	iOS=14.0	macOS=11.0	tvOS=14.0	visionOS=1.0	watchOS=7.0
rectangle.bottomthird.inset.fill	iOS=14.0	macOS=11.0	tvOS=14.0	visionOS=1.0	watchOS=7.0
rectangle.center.inset.fill	iOS=14.0	macOS=11.0	tvOS=14.0	visionOS=1.0	watchOS=7.0
rectangle.connected.to.line.below	iOS=14.0	macOS=11.0	tvOS=14.0	visionOS=1.0	watchOS=7.0
rectangle.dashed	iOS=14.0	macOS=11.0	tvOS=14.0	visionOS=1.0	watchOS=7.0
rectangle.dashed.and.paperclip	iOS=14.0	macOS=11.0	tvOS=14.0	visionOS=1.0	watchOS=7.0
rectangle.dashed.badge.record	iOS=14.0	macOS=11.0	tvOS=14.0	visionOS=1.0	watchOS=7.0
rectangle.fill.badge.minus	iOS=14.0	macOS=11.0	tvOS=14.0	visionOS=1.0	watchOS=7.0
rectangle.fill.badge.plus	iOS=14.0	macOS=11.0	tvOS=14.0	visionOS=1.0	watchOS=7.0
rectangle.fill.on.rectangle.fill.circle	iOS=14.0	macOS=11.0	tvOS=14.0	visionOS=1.0	watchOS=7.0
rectangle.fill.on.rectangle.fill.circle.fill	iOS=14.0	macOS=11.0	tvOS=14.0	visionOS=1.0	watchOS=7.0
rectangle.fill.on.rectangle.fill.slash.fill	iOS=14.0	macOS=11.0	tvOS=14.0	visionOS=1.0	watchOS=7.0
rectangle.inset.bottomleft.fill	iOS=14.0	macOS=11.0	tvOS=14.0	visionOS=1.0	watchOS=7.0
rectangle.inset.bottomright.fill	iOS=14.0	macOS=11.0	tvOS=14.0	visionOS=1.0	watchOS=7.0
rectangle.inset.fill	iOS=14.0	macOS=11.0	tvOS=14.0	visionOS=1.0	watchOS=7.0
rectangle.inset.topleft.fill	iOS=14.0	macOS=11.0	tvOS=14.0	visionOS=1.0	watchOS=7.0
rectangle.inset.topright.fill	iOS=14.0	macOS=11.0	tvOS=14.0	visionOS=1.0	watchOS=7.0
rectangle.lefthalf.fill	iOS=14.0	macOS=11.0	tvOS=14.0	visionOS=1.0	watchOS=7.0
rectangle.lefthalf.inset.fill	iOS=14.0	macOS=11.0	tvOS=14.0	visionOS=1.0	watchOS=7.0
rectangle.lefthalf.inset.fill.arrow.left	iOS=14.0	macOS=11.0	tvOS=14.0	visionOS=1.0	watchOS=7.0
rectangle.leftthird.inset.fill	iOS=14.0	macOS=11.0	tvOS=14.0	visionOS=1.0	watchOS=7.0
rectangle.on.rectangle.slash	iOS=14.0	macOS=11.0	tvOS=14.0	visionOS=1.0	watchOS=7.0
rectangle.portrait	iOS=14.0	macOS=11.0	tvOS=14.0	visionOS=1.0	watchOS=7.0
rectangle.portrait.arrowtriangle.2.inward	iOS=14.0	macOS=11.0	tvOS=14.0	visionOS=1.0	watchOS=7.0
rectangle.portrait.arrowtriangle.2.outward	iOS=14.0	macOS=11.0	tvOS=14.0	visionOS=1.0	watchOS=7.0
rectangle.portrait.fill	iOS=14.0	macOS=11.0	tvOS=14.0	visionOS=1.0	watchOS=7.0
rectangle.righthalf.fill	iOS=14.0	macOS=11.0	tvOS=14.0	visionOS=1.0	watchOS=7.0
rectangle.righthalf.inset.fill	iOS=14.0	macOS=11.0	tvOS=14.0	visionOS=1.0	watchOS=7.0
rectangle.righthalf.inset.fill.arrow.right	iOS=14.0	macOS=11.0	tvOS=14.0	visionOS=1.0	watchOS=7.0
rectangle.rightthird.inset.fill	iOS=14.0	macOS=11.0	tvOS=14.0	visionOS=1.0	watchOS=7.0
rectangle.roundedbottom	iOS=14.0	macOS=11.0	tvOS=14.0	visionOS=1.0	watchOS=7.0
rectangle.roundedbottom.fill	iOS=14.0	macOS=11.0	tvOS=14.0	visionOS=1.0	watchOS=7.0
rectangle.roundedtop	iOS=14.0	macOS=11.0	tvOS=14.0	visionOS=1.0	watchOS=7.0
rectangle.roundedtop.fill	iOS=14.0	macOS=11.0	tvOS=14.0	visionOS=1.0	watchOS=7.0
rectangle.slash	iOS=14.0	macOS=11.0	tvOS=14.0	visionOS=1.0	watchOS=7.0
rectangle.slash.fill	iOS=14.0	macOS=11.0	tvOS=14.0	visionOS=1.0	watchOS=7.0
rectangle.split.1x2	iOS=14.0	macOS=11.0	tvOS=14.0	visionOS=1.0	watchOS=7.0
rectangle.split.1x2.fill	iOS=14.0	macOS=11.0	tvOS=14.0	visionOS=1.0	watchOS=7.0
rectangle.split.2x1	iOS=14.0	macOS=11.0	tvOS=14.0	visionOS=1.0	watchOS=7.0
rectangle.split.2x1.fill	iOS=14.0	macOS=11.0	tvOS=14.0	visionOS=1.0	watchOS=7.0
rectangle.split.2x2	iOS=14.0	macOS=11.0	tvOS=14.0	visionOS=1.0	watchOS=7.0
rectangle.split.2x2.fill	iOS=14.0	macOS=11.0	tvOS=14.0	visionOS=1.0	watchOS=7.0
restart	iOS=14.0	macOS=11.0	tvOS=14.0	visionOS=1.0	watchOS=7.0
restart.circle	iOS=14.0	macOS=11.0	tvOS=14.0	visionOS=1.0	watchOS=7.0
rotate.3d	iOS=14.0	macOS=11.0	tvOS=14.0	visionOS=1.0	watchOS=7.0
rt.rectangle.roundedtop	iOS=14.0	macOS=11.0	tvOS=14.0	visionOS=1.0	watchOS=7.0
rt.rectangle.roundedtop.fill	iOS=14.0	macOS=11.0	tvOS=14.0	visionOS=1.0	watchOS=7.0
ruler	iOS=14.0	macOS=11.0	tvOS=14.0	visionOS=1.0	watchOS=7.0
ruler.fill	iOS=14.0	macOS=11.0	tvOS=14.0	visionOS=1.0	watchOS=7.0
scale.3d	iOS=14.0	macOS=11.0	tvOS=14.0	visionOS=1.0	watchOS=7.0
scalemass	iOS=14.0	macOS=11.0	tvOS=14.0	visionOS=1.0	watchOS=7.0
scalemass.fill	iOS=14.0	macOS=11.0	tvOS=14.0	visionOS=1.0	watchOS=7.0
scanner	iOS=14.0	macOS=11.0	tvOS=14.0	visionOS=1.0	watchOS=7.0
scanner.fill	iOS=14.0	macOS=11.0	tvOS=14.0	visionOS=1.0	watchOS=7.0
scribble.variable	iOS=14.0	macOS=11.0	tvOS=14.0	visionOS=1.0	watchOS=7.0
scroll	iOS=14.0	macOS=11.0	tvOS=14.0	visionOS=1.0	watchOS=7.0
scroll.fill	iOS=14.0	macOS=11.0	tvOS=14.0	visionOS=1.0	watchOS=7.0
sdcard	iOS=14.0	macOS=11.0	tvOS=14.0	visionOS=1.0	watchOS=7.0
sdcard.fill	iOS=14.0	macOS=11.0	tvOS=14.0	visionOS=1.0	watchOS=7.0
seal	iOS=14.0	macOS=11.0	tvOS=14.0	visionOS=1.0	watchOS=7.0
seal.fill	iOS=14.0	macOS=11.0	tvOS=14.0	visionOS=1.0	watchOS=7.0
server.rack	iOS=14.0	macOS=11.0	tvOS=14.0	visionOS=1.0	watchOS=7.0
shadow	iOS=14.0	macOS=11.0	tvOS=14.0	visionOS=1.0	watchOS=7.0
shekelsign.circle	iOS=14.0	macOS=11.0	tvOS=14.0	visionOS=1.0	watchOS=7.0
shekelsign.circle.fill	iOS=14.0	macOS=11.0	tvOS=14.0	visionOS=1.0	watchOS=7.0
shekelsign.square	iOS=14.0	macOS=11.0	tvOS=14.0	visionOS=1.0	watchOS=7.0
shekelsign.square.fill	iOS=14.0	macOS=11.0	tvOS=14.0	visionOS=1.0	watchOS=7.0
shield.lefthalf.fill.slash	iOS=14.0	macOS=11.0	tvOS=14.0	visionOS=1.0	watchOS=7.0
shippingbox	iOS=14.0	macOS=11.0	tvOS=14.0	visionOS=1.0	watchOS=7.0
shippingbox.fill	iOS=14.0	macOS=11.0	tvOS=14.0	visionOS=1.0	watchOS=7.0
sidebar.leading	iOS=14.0	macOS=11.0	tvOS=14.0	visionOS=1.0	watchOS=7.0
sidebar.squares.leading	iOS=14.0	macOS=11.0	tvOS=14.0	visionOS=1.0	watchOS=7.0
sidebar.squares.left	iOS=14.0	macOS=11.0	tvOS=14.0	visionOS=1.0	watchOS=7.0
sidebar.squares.right	iOS=14.0	macOS=11.0	tvOS=14.0	visionOS=1.0	watchOS=7.0
sidebar.squares.trailing	iOS=14.0	macOS=11.0	tvOS=14.0	visionOS=1.0	watchOS=7.0
sidebar.trailing	iOS=14.0	macOS=11.0	tvOS=14.0	visionOS=1.0	watchOS=7.0
signature.ar	iOS=14.0	macOS=11.0	tvOS=14.0	visionOS=1.0	watchOS=7.0
signature.he	iOS=14.0	macOS=11.0	tvOS=14.0	visionOS=1.0	watchOS=7.0
signpost.left	iOS=14.0	macOS=11.0	tvOS=14.0	visionOS=1.0	watchOS=7.0
signpost.left.fill	iOS=14.0	macOS=11.0	tvOS=14.0	visionOS=1.0	watchOS=7.0
signpost.right	iOS=14.0	macOS=11.0	tvOS=14.0	visionOS=1.0	watchOS=7.0
signpost.right.fill	iOS=14.0	macOS=11.0	tvOS=14.0	visionOS=1.0	watchOS=7.0
simcard	iOS=14.0	macOS=11.0	tvOS=14.0	visionOS=1.0	watchOS=7.0
simcard.2	iOS=14.0	macOS=11.0	tvOS=14.0	visionOS=1.0	watchOS=7.0
simcard.2.fill	iOS=14.0	macOS=11.0	tvOS=14.0	visionOS=1.0	watchOS=7.0
simcard.fill	iOS=14.0	macOS=11.0	tvOS=14.0	visionOS=1.0	watchOS=7.0
sleep	iOS=14.0	macOS=11.0	tvOS=14.0	visionOS=1.0	watchOS=7.0
slider.horizontal.below.square.fill.and.square	iOS=14.0	macOS=11.0	tvOS=14.0	visionOS=1.0	watchOS=7.0
slider.vertical.3	iOS=14.0	macOS=11.0	tvOS=14.0	visionOS=1.0	watchOS=7.0
sparkle	iOS=14.0	macOS=11.0	tvOS=14.0	visionOS=1.0	watchOS=7.0
sparkles.rectangle.stack	iOS=14.0	macOS=11.0	tvOS=14.0	visionOS=1.0	watchOS=7.0
sparkles.rectangle.stack.fill	iOS=14.0	macOS=11.0	tvOS=14.0	visionOS=1.0	watchOS=7.0
sparkles.square.fill.on.square	iOS=14.0	macOS=11.0	tvOS=14.0	visionOS=1.0	watchOS=7.0
speaker.slash.circle	iOS=14.0	macOS=11.0	tvOS=14.0	visionOS=1.0	watchOS=7.0
speaker.slash.circle.fill	iOS=14.0	macOS=11.0	tvOS=14.0	visionOS=1.0	watchOS=7.0
speaker.slash.circle.fill.rtl	iOS=14.0	macOS=11.0	tvOS=14.0	visionOS=1.0	watchOS=7.0
speaker.slash.circle.rtl	iOS=14.0	macOS=11.0	tvOS=14.0	visionOS=1.0	watchOS=7.0
speaker.wave.1	iOS=14.0	macOS=11.0	tvOS=14.0	visionOS=1.0	watchOS=7.0
speaker.wave.1.fill	iOS=14.0	macOS=11.0	tvOS=14.0	visionOS=1.0	watchOS=7.0
speaker.wave.2	iOS=14.0	macOS=11.0	tvOS=14.0	visionOS=1.0	watchOS=7.0
speaker.wave.2.circle	iOS=14.0	macOS=11.0	tvOS=14.0	visionOS=1.0	watchOS=7.0
speaker.wave.2.circle.fill	iOS=14.0	macOS=11.0	tvOS=14.0	visionOS=1.0	watchOS=7.0
speaker.wave.2.fill	iOS=14.0	macOS=11.0	tvOS=14.0	visionOS=1.0	watchOS=7.0
speaker.wave.3	iOS=14.0	macOS=11.0	tvOS=14.0	visionOS=1.0	watchOS=7.0
speaker.wave.3.fill	iOS=14.0	macOS=11.0	tvOS=14.0	visionOS=1.0	watchOS=7.0
square.2.stack.3d	iOS=14.0	macOS=11.0	tvOS=14.0	visionOS=1.0	watchOS=7.0
square.2.stack.3d.bottom.fill	iOS=14.0	macOS=11.0	tvOS=14.0	visionOS=1.0	watchOS=7.0
square.2.stack.3d.top.fill	iOS=14.0	macOS=11.0	tvOS=14.0	visionOS=1.0	watchOS=7.0
square.3.stack.3d	iOS=14.0	macOS=11.0	tvOS=14.0	visionOS=1.0	watchOS=7.0
square.3.stack.3d.bottom.fill	iOS=14.0	macOS=11.0	tvOS=14.0	visionOS=1.0	watchOS=7.0
square.3.stack.3d.middle.fill	iOS=14.0	macOS=11.0	tvOS=14.0	visionOS=1.0	watchOS=7.0
square.3.stack.3d.top.fill	iOS=14.0	macOS=11.0	tvOS=14.0	visionOS=1.0	watchOS=7.0
square.and.at.rectangle	iOS=14.0	macOS=11.0	tvOS=14.0	visionOS=1.0	watchOS=7.0
square.bottomhalf.fill	iOS=14.0	macOS=11.0	tvOS=14.0	visionOS=1.0	watchOS=7.0
square.circle	iOS=14.0	macOS=11.0	tvOS=14.0	visionOS=1.0	watchOS=7.0
square.circle.fill	iOS=14.0	macOS=11.0	tvOS=14.0	visionOS=1.0	watchOS=7.0
square.dashed	iOS=14.0	macOS=11.0	tvOS=14.0	visionOS=1.0	watchOS=7.0
square.dashed.inset.fill	iOS=14.0	macOS=11.0	tvOS=14.0	visionOS=1.0	watchOS=7.0
square.fill.on.square	iOS=14.0	macOS=11.0	tvOS=14.0	visionOS=1.0	watchOS=7.0
square.fill.text.grid.1x2	iOS=14.0	macOS=11.0	tvOS=14.0	visionOS=1.0	watchOS=7.0
square.grid.3x1.below.line.grid.1x2	iOS=14.0	macOS=11.0	tvOS=14.0	visionOS=1.0	watchOS=7.0
square.grid.3x1.fill.below.line.grid.1x2	iOS=14.0	macOS=11.0	tvOS=14.0	visionOS=1.0	watchOS=7.0
square.grid.3x1.folder.badge.plus	iOS=14.0	macOS=11.0	tvOS=14.0	visionOS=1.0	watchOS=7.0
square.grid.3x1.folder.fill.badge.plus	iOS=14.0	macOS=11.0	tvOS=14.0	visionOS=1.0	watchOS=7.0
square.grid.3x3	iOS=14.0	macOS=11.0	tvOS=14.0	visionOS=1.0	watchOS=7.0
square.grid.3x3.bottomleft.fill	iOS=14.0	macOS=11.0	tvOS=14.0	visionOS=1.0	watchOS=7.0
square.grid.3x3.bottommiddle.fill	iOS=14.0	macOS=11.0	tvOS=14.0	visionOS=1.0	watchOS=7.0
square.grid.3x3.bottomright.fill	iOS=14.0	macOS=11.0	tvOS=14.0	visionOS=1.0	watchOS=7.0
square.grid.3x3.fill	iOS=14.0	macOS=11.0	tvOS=14.0	visionOS=1.0	watchOS=7.0
square.grid.3x3.fill.square	iOS=14.0	macOS=11.0	tvOS=14.0	visionOS=1.0	watchOS=7.0
square.grid.3x3.middle.fill	iOS=14.0	macOS=11.0	tvOS=14.0	visionOS=1.0	watchOS=7.0
square.grid.3x3.middleleft.fill	iOS=14.0	macOS=11.0	tvOS=14.0	visionOS=1.0	watchOS=7.0
square.grid.3x3.middleright.fill	iOS=14.0	macOS=11.0	tvOS=14.0	visionOS=1.0	watchOS=7.0
square.grid.3x3.topleft.fill	iOS=14.0	macOS=11.0	tvOS=14.0	visionOS=1.0	watchOS=7.0
square.grid.3x3.topmiddle.fill	iOS=14.0	macOS=11.0	tvOS=14.0	visionOS=1.0	watchOS=7.0
square.grid.3x3.topright.fill	iOS=14.0	macOS=11.0	tvOS=14.0	visionOS=1.0	watchOS=7.0
square.on.square.dashed	iOS=14.0	macOS=11.0	tvOS=14.0	visionOS=1.0	watchOS=7.0
square.on.square.squareshape.controlhandles	iOS=14.0	macOS=11.0	tvOS=14.0	visionOS=1.0	watchOS=7.0
square.slash	iOS=14.0	macOS=11.0	tvOS=14.0	visionOS=1.0	watchOS=7.0
square.slash.fill	iOS=14.0	macOS=11.0	tvOS=14.0	visionOS=1.0	watchOS=7.0
square.split.bottomrightquarter	iOS=14.0	macOS=11.0	tvOS=14.0	visionOS=1.0	watchOS=7.0
square.split.bottomrightquarter.fill	iOS=14.0	macOS=11.0	tvOS=14.0	visionOS=1.0	watchOS=7.0
square.split.diagonal	iOS=14.0	macOS=11.0	tvOS=14.0	visionOS=1.0	watchOS=7.0
square.split.diagonal.2x2	iOS=14.0	macOS=11.0	tvOS=14.0	visionOS=1.0	watchOS=7.0
square.split.diagonal.2x2.fill	iOS=14.0	macOS=11.0	tvOS=14.0	visionOS=1.0	watchOS=7.0
square.split.diagonal.fill	iOS=14.0	macOS=11.0	tvOS=14.0	visionOS=1.0	watchOS=7.0
square.stack.3d.down.forward	iOS=14.0	macOS=11.0	tvOS=14.0	visionOS=1.0	watchOS=7.0
square.stack.3d.down.forward.fill	iOS=14.0	macOS=11.0	tvOS=14.0	visionOS=1.0	watchOS=7.0
square.stack.3d.forward.dottedline	iOS=14.0	macOS=11.0	tvOS=14.0	visionOS=1.0	watchOS=7.0
square.stack.3d.forward.dottedline.fill	iOS=14.0	macOS=11.0	tvOS=14.0	visionOS=1.0	watchOS=7.0
square.stack.3d.up.badge.a	iOS=14.0	macOS=11.0	tvOS=14.0	visionOS=1.0	watchOS=7.0
square.stack.3d.up.badge.a.fill	iOS=14.0	macOS=11.0	tvOS=14.0	visionOS=1.0	watchOS=7.0
square.tophalf.fill	iOS=14.0	macOS=11.0	tvOS=14.0	visionOS=1.0	watchOS=7.0
squareshape	iOS=14.0	macOS=11.0	tvOS=14.0	visionOS=1.0	watchOS=7.0
squareshape.controlhandles.on.squareshape.controlhandles	iOS=14.0	macOS=11.0	tvOS=14.0	visionOS=1.0	watchOS=7.0
squareshape.dashed.squareshape	iOS=14.0	macOS=11.0	tvOS=14.0	visionOS=1.0	watchOS=7.0
squareshape.fill	iOS=14.0	macOS=11.0	tvOS=14.0	visionOS=1.0	watchOS=7.0
squareshape.split.2x2	iOS=14.0	macOS=11.0	tvOS=14.0	visionOS=1.0	watchOS=7.0
squareshape.split.2x2.dotted	iOS=14.0	macOS=11.0	tvOS=14.0	visionOS=1.0	watchOS=7.0
squareshape.split.3x3	iOS=14.0	macOS=11.0	tvOS=14.0	visionOS=1.0	watchOS=7.0
squareshape.squareshape.dashed	iOS=14.0	macOS=11.0	tvOS=14.0	visionOS=1.0	watchOS=7.0
star.leadinghalf.fill	iOS=14.0	macOS=11.0	tvOS=14.0	visionOS=1.0	watchOS=7.0
star.square	iOS=14.0	macOS=11.0	tvOS=14.0	visionOS=1.0	watchOS=7.0
star.square.fill	iOS=14.0	macOS=11.0	tvOS=14.0	visionOS=1.0	watchOS=7.0
staroflife.circle	iOS=14.0	macOS=11.0	tvOS=14.0	visionOS=1.0	watchOS=7.0
staroflife.circle.fill	iOS=14.0	macOS=11.0	tvOS=14.0	visionOS=1.0	watchOS=7.0
stethoscope	iOS=14.0	macOS=11.0	tvOS=14.0	visionOS=1.0	watchOS=7.0
sum.ar	iOS=14.0	macOS=11.0	tvOS=14.0	visionOS=1.0	watchOS=7.0
swift	iOS=14.0	macOS=11.0	tvOS=14.0	visionOS=1.0	watchOS=7.0
switch.2	iOS=14.0	macOS=11.0	tvOS=14.0	visionOS=1.0	watchOS=7.0
t.bubble.ar	iOS=14.0	macOS=11.0	tvOS=14.0	visionOS=1.0	watchOS=7.0
t.bubble.fill.ar	iOS=14.0	macOS=11.0	tvOS=14.0	visionOS=1.0	watchOS=7.0
t.bubble.fill.he	iOS=14.0	macOS=11.0	tvOS=14.0	visionOS=1.0	watchOS=7.0
t.bubble.he	iOS=14.0	macOS=11.0	tvOS=14.0	visionOS=1.0	watchOS=7.0
tablecells	iOS=14.0	macOS=11.0	tvOS=14.0	visionOS=1.0	watchOS=7.0
tablecells.badge.ellipsis	iOS=14.0	macOS=11.0	tvOS=14.0	visionOS=1.0	watchOS=7.0
tablecells.badge.ellipsis.fill	iOS=14.0	macOS=11.0	tvOS=14.0	visionOS=1.0	watchOS=7.0
tablecells.fill	iOS=14.0	macOS=11.0	tvOS=14.0	visionOS=1.0	watchOS=7.0
tag.slash	iOS=14.0	macOS=11.0	tvOS=14.0	visionOS=1.0	watchOS=7.0
tag.slash.fill	iOS=14.0	macOS=11.0	tvOS=14.0	visionOS=1.0	watchOS=7.0
target	iOS=14.0	macOS=11.0	tvOS=14.0	visionOS=1.0	watchOS=7.0
teletype.circle	iOS=14.0	macOS=11.0	tvOS=14.0	visionOS=1.0	watchOS=7.0
teletype.circle.fill	iOS=14.0	macOS=11.0	tvOS=14.0	visionOS=1.0	watchOS=7.0
terminal	iOS=14.0	macOS=11.0	tvOS=14.0	visionOS=1.0	watchOS=7.0
terminal.fill	iOS=14.0	macOS=11.0	tvOS=14.0	visionOS=1.0	watchOS=7.0
text.and.command.macwindow	iOS=14.0	macOS=11.0	tvOS=14.0	visionOS=1.0	watchOS=7.0
text.badge.checkmark.rtl	iOS=14.0	macOS=11.0	tvOS=14.0	visionOS=1.0	watchOS=7.0
text.below.photo	iOS=14.0	macOS=11.0	tvOS=14.0	visionOS=1.0	watchOS=7.0
text.below.photo.fill	iOS=14.0	macOS=11.0	tvOS=14.0	visionOS=1.0	watchOS=7.0
text.book.closed	iOS=14.0	macOS=11.0	tvOS=14.0	visionOS=1.0	watchOS=7.0
text.book.closed.fill	iOS=14.0	macOS=11.0	tvOS=14.0	visionOS=1.0	watchOS=7.0
text.bubble.fill.rtl	iOS=14.0	macOS=11.0	tvOS=14.0	visionOS=1.0	watchOS=7.0
text.bubble.rtl	iOS=14.0	macOS=11.0	tvOS=14.0	visionOS=1.0	watchOS=7.0
text.cursor.ar	iOS=14.0	macOS=11.0	tvOS=14.0	visionOS=1.0	watchOS=7.0
text.cursor.he	iOS=14.0	macOS=11.0	tvOS=14.0	visionOS=1.0	watchOS=7.0
text.cursor.hi	iOS=14.0	macOS=11.0	tvOS=14.0	visionOS=1.0	watchOS=7.0
text.cursor.ja	iOS=14.0	macOS=11.0	tvOS=14.0	visionOS=1.0	watchOS=7.0
text.cursor.ko	iOS=14.0	macOS=11.0	tvOS=14.0	visionOS=1.0	watchOS=7.0
text.cursor.th	iOS=14.0	macOS=11.0	tvOS=14.0	visionOS=1.0	watchOS=7.0
text.cursor.zh	iOS=14.0	macOS=11.0	tvOS=14.0	visionOS=1.0	watchOS=7.0
text.magnifyingglass	iOS=14.0	macOS=11.0	tvOS=14.0	visionOS=1.0	watchOS=7.0
text.magnifyingglass.rtl	iOS=14.0	macOS=11.0	tvOS=14.0	visionOS=1.0	watchOS=7.0
text.quote.rtl	iOS=14.0	macOS=11.0	tvOS=14.0	visionOS=1.0	watchOS=7.0
text.redaction	iOS=14.0	macOS=11.0	tvOS=14.0	visionOS=1.0	watchOS=7.0
textbox.ar	iOS=14.0	macOS=11.0	tvOS=14.0	visionOS=1.0	watchOS=7.0
textbox.he	iOS=14.0	macOS=11.0	tvOS=14.0	visionOS=1.0	watchOS=7.0
textbox.hi	iOS=14.0	macOS=11.0	tvOS=14.0	visionOS=1.0	watchOS=7.0
textbox.ja	iOS=14.0	macOS=11.0	tvOS=14.0	visionOS=1.0	watchOS=7.0
textbox.ko	iOS=14.0	macOS=11.0	tvOS=14.0	visionOS=1.0	watchOS=7.0
textbox.th	iOS=14.0	macOS=11.0	tvOS=14.0	visionOS=1.0	watchOS=7.0
textbox.zh	iOS=14.0	macOS=11.0	tvOS=14.0	visionOS=1.0	watchOS=7.0
textformat.123.ar	iOS=14.0	macOS=11.0	tvOS=14.0	visionOS=1.0	watchOS=7.0
thermometer.sun.fill	iOS=14.0	macOS=11.0	tvOS=14.0	visionOS=1.0	watchOS=7.0
ticket	iOS=14.0	macOS=11.0	tvOS=14.0	visionOS=1.0	watchOS=7.0
ticket.fill	iOS=14.0	macOS=11.0	tvOS=14.0	visionOS=1.0	watchOS=7.0
timeline.selection	iOS=14.0	macOS=11.0	tvOS=14.0	visionOS=1.0	watchOS=7.0
timer.square	iOS=14.0	macOS=11.0	tvOS=14.0	visionOS=1.0	watchOS=7.0
togglepower	iOS=14.0	macOS=11.0	tvOS=14.0	visionOS=1.0	watchOS=7.0
touchid	iOS=14.0	macOS=11.0	tvOS=14.0	visionOS=1.0	watchOS=7.0
tram	iOS=14.0	macOS=11.0	tvOS=14.0	visionOS=1.0	watchOS=7.0
tram.circle	iOS=14.0	macOS=11.0	tvOS=14.0	visionOS=1.0	watchOS=7.0
tram.circle.fill	iOS=14.0	macOS=11.0	tvOS=14.0	visionOS=1.0	watchOS=7.0
tram.tunnel.fill	iOS=14.0	macOS=11.0	tvOS=14.0	visionOS=1.0	watchOS=7.0
tray.circle	iOS=14.0	macOS=11.0	tvOS=14.0	visionOS=1.0	watchOS=7.0
tray.circle.fill	iOS=14.0	macOS=11.0	tvOS=14.0	visionOS=1.0	watchOS=7.0
triangle.circle	iOS=14.0	macOS=11.0	tvOS=14.0	visionOS=1.0	watchOS=7.0
triangle.circle.fill	iOS=14.0	macOS=11.0	tvOS=14.0	visionOS=1.0	watchOS=7.0
tv.and.hifispeaker.fill	iOS=14.0	macOS=11.0	tvOS=14.0	visionOS=1.0	watchOS=7.0
video.badge.checkmark	iOS=14.0	macOS=11.0	tvOS=14.0	visionOS=1.0	watchOS=7.0
video.bubble.left	iOS=14.0	macOS=11.0	tvOS=14.0	visionOS=1.0	watchOS=7.0
video.bubble.left.fill	iOS=14.0	macOS=11.0	tvOS=14.0	visionOS=1.0	watchOS=7.0
video.fill.badge.checkmark	iOS=14.0	macOS=11.0	tvOS=14.0	visionOS=1.0	watchOS=7.0
video.fill.badge.plus	iOS=14.0	macOS=11.0	tvOS=14.0	visionOS=1.0	watchOS=7.0
wake	iOS=14.0	macOS=11.0	tvOS=14.0	visionOS=1.0	watchOS=7.0
wallet.pass	iOS=14.0	macOS=11.0	tvOS=14.0	visionOS=1.0	watchOS=7.0
wallet.pass.fill	iOS=14.0	macOS=11.0	tvOS=14.0	visionOS=1.0	watchOS=7.0
wave.3.backward	iOS=14.0	macOS=11.0	tvOS=14.0	visionOS=1.0	watchOS=7.0
wave.3.backward.circle	iOS=14.0	macOS=11.0	tvOS=14.0	visionOS=1.0	watchOS=7.0
wave.3.backward.circle.fill	iOS=14.0	macOS=11.0	tvOS=14.0	visionOS=1.0	watchOS=7.0
wave.3.forward	iOS=14.0	macOS=11.0	tvOS=14.0	visionOS=1.0	watchOS=7.0
wave.3.forward.circle	iOS=14.0	macOS=11.0	tvOS=14.0	visionOS=1.0	watchOS=7.0
wave.3.forward.circle.fill	iOS=14.0	macOS=11.0	tvOS=14.0	visionOS=1.0	watchOS=7.0
wave.3.left	iOS=14.0	macOS=11.0	tvOS=14.0	visionOS=1.0	watchOS=7.0
wave.3.left.circle	iOS=14.0	macOS=11.0	tvOS=14.0	visionOS=1.0	watchOS=7.0
wave.3.left.circle.fill	iOS=14.0	macOS=11.0	tvOS=14.0	visionOS=1.0	watchOS=7.0
wave.3.right	iOS=14.0	macOS=11.0	tvOS=14.0	visionOS=1.0	watchOS=7.0
wave.3.right.circle	iOS=14.0	macOS=11.0	tvOS=14.0	visionOS=1.0	watchOS=7.0
wave.3.right.circle.fill	iOS=14.0	macOS=11.0	tvOS=14.0	visionOS=1.0	watchOS=7.0
waveform.path.ecg.rectangle	iOS=14.0	macOS=11.0	tvOS=14.0	visionOS=1.0	watchOS=7.0
waveform.path.ecg.rectangle.fill	iOS=14.0	macOS=11.0	tvOS=14.0	visionOS=1.0	watchOS=7.0
wrench.and.screwdriver	iOS=14.0	macOS=11.0	tvOS=14.0	visionOS=1.0	watchOS=7.0
wrench.and.screwdriver.fill	iOS=14.0	macOS=11.0	tvOS=14.0	visionOS=1.0	watchOS=7.0
xmark.bin	iOS=14.0	macOS=11.0	tvOS=14.0	visionOS=1.0	watchOS=7.0
xmark.bin.circle	iOS=14.0	macOS=11.0	tvOS=14.0	visionOS=1.0	watchOS=7.0
xmark.bin.circle.fill	iOS=14.0	macOS=11.0	tvOS=14.0	visionOS=1.0	watchOS=7.0
xmark.bin.fill	iOS=14.0	macOS=11.0	tvOS=14.0	visionOS=1.0	watchOS=7.0
xmark.diamond	iOS=14.0	macOS=11.0	tvOS=14.0	visionOS=1.0	watchOS=7.0
xmark.diamond.fill	iOS=14.0	macOS=11.0	tvOS=14.0	visionOS=1.0	watchOS=7.0
xmark.rectangle.portrait	iOS=14.0	macOS=11.0	tvOS=14.0	visionOS=1.0	watchOS=7.0
xmark.rectangle.portrait.fill	iOS=14.0	macOS=11.0	tvOS=14.0	visionOS=1.0	watchOS=7.0
xserve	iOS=14.0	macOS=11.0	tvOS=14.0	visionOS=1.0	watchOS=7.0
zl.rectangle.roundedtop	iOS=14.0	macOS=11.0	tvOS=14.0	visionOS=1.0	watchOS=7.0
zl.rectangle.roundedtop.fill	iOS=14.0	macOS=11.0	tvOS=14.0	visionOS=1.0	watchOS=7.0
zr.rectangle.roundedtop	iOS=14.0	macOS=11.0	tvOS=14.0	visionOS=1.0	watchOS=7.0
zr.rectangle.roundedtop.fill	iOS=14.0	macOS=11.0	tvOS=14.0	visionOS=1.0	watchOS=7.0
aqi.high	iOS=14.2	macOS=11.0	tvOS=14.2	visionOS=1.0	watchOS=7.1
aqi.low	iOS=14.2	macOS=11.0	tvOS=14.2	visionOS=1.0	watchOS=7.1
aqi.medium	iOS=14.2	macOS=11.0	tvOS=14.2	visionOS=1.0	watchOS=7.1
brazilianrealsign.circle	iOS=14.2	macOS=11.0	tvOS=14.2	visionOS=1.0	watchOS=7.1
brazilianrealsign.circle.fill	iOS=14.2	macOS=11.0	tvOS=14.2	visionOS=1.0	watchOS=7.1
brazilianrealsign.square	iOS=14.2	macOS=11.0	tvOS=14.2	visionOS=1.0	watchOS=7.1
brazilianrealsign.square.fill	iOS=14.2	macOS=11.0	tvOS=14.2	visionOS=1.0	watchOS=7.1
cart.circle	iOS=14.2	macOS=11.0	tvOS=14.2	visionOS=1.0	watchOS=7.1
cart.circle.fill	iOS=14.2	macOS=11.0	tvOS=14.2	visionOS=1.0	watchOS=7.1
character	iOS=14.2	macOS=11.0	tvOS=14.2	visionOS=1.0	watchOS=7.1
character.ar	iOS=14.2	macOS=11.0	tvOS=14.2	visionOS=1.0	watchOS=7.1
character.book.closed	iOS=14.2	macOS=11.0	tvOS=14.2	visionOS=1.0	watchOS=7.1
character.book.closed.ar	iOS=14.2	macOS=11.0	tvOS=14.2	visionOS=1.0	watchOS=7.1
character.book.closed.fill	iOS=14.2	macOS=11.0	tvOS=14.2	visionOS=1.0	watchOS=7.1
character.book.closed.fill.ar	iOS=14.2	macOS=11.0	tvOS=14.2	visionOS=1.0	watchOS=7.1
character.book.closed.fill.he	iOS=14.2	macOS=11.0	tvOS=14.2	visionOS=1.0	watchOS=7.1
character.book.closed.fill.hi	iOS=14.2	macOS=11.0	tvOS=14.2	visionOS=1.0	watchOS=7.1
character.book.closed.fill.ja	iOS=14.2	macOS=11.0	tvOS=14.2	visionOS=1.0	watchOS=7.1
character.book.closed.fill.ko	iOS=14.2	macOS=11.0	tvOS=14.2	visionOS=1.0	watchOS=7.1
character.book.closed.fill.th	iOS=14.2	macOS=11.0	tvOS=14.2	visionOS=1.0	watchOS=7.1
character.book.closed.fill.zh	iOS=14.2	macOS=11.0	tvOS=14.2	visionOS=1.0	watchOS=7.1
character.book.closed.he	iOS=14.2	macOS=11.0	tvOS=14.2	visionOS=1.0	watchOS=7.1
character.book.closed.hi	iOS=14.2	macOS=11.0	tvOS=14.2	visionOS=1.0	watchOS=7.1
character.book.closed.ja	iOS=14.2	macOS=11.0	tvOS=14.2	visionOS=1.0	watchOS=7.1
character.book.closed.ko	iOS=14.2	macOS=11.0	tvOS=14.2	visionOS=1.0	watchOS=7.1
character.book.closed.th	iOS=14.2	macOS=11.0	tvOS=14.2	visionOS=1.0	watchOS=7.1
character.book.closed.zh	iOS=14.2	macOS=11.0	tvOS=14.2	visionOS=1.0	watchOS=7.1
character.he	iOS=14.2	macOS=11.0	tvOS=14.2	visionOS=1.0	watchOS=7.1
character.hi	iOS=14.2	macOS=11.0	tvOS=14.2	visionOS=1.0	watchOS=7.1
character.ja	iOS=14.2	macOS=11.0	tvOS=14.2	visionOS=1.0	watchOS=7.1
character.ko	iOS=14.2	macOS=11.0	tvOS=14.2	visionOS=1.0	watchOS=7.1
character.th	iOS=14.2	macOS=11.0	tvOS=14.2	visionOS=1.0	watchOS=7.1
character.zh	iOS=14.2	macOS=11.0	tvOS=14.2	visionOS=1.0	watchOS=7.1
clock.arrow.2.circlepath	iOS=14.2	macOS=11.0	tvOS=14.2	visionOS=1.0	watchOS=7.1
directcurrent	iOS=14.2	macOS=11.0	tvOS=14.2	visionOS=1.0	watchOS=7.1
doc.text.below.ecg.fill.rtl	iOS=14.2	macOS=11.0	tvOS=14.2	visionOS=1.0	watchOS=7.1
doc.text.below.ecg.rtl	iOS=14.2	macOS=11.0	tvOS=14.2	visionOS=1.0	watchOS=7.1
exclamationmark.applewatch	iOS=14.2	macOS=11.0	tvOS=14.2	visionOS=1.0	watchOS=7.1
infinity.circle	iOS=14.2	macOS=11.0	tvOS=14.2	visionOS=1.0	watchOS=7.1
infinity.circle.fill	iOS=14.2	macOS=11.0	tvOS=14.2	visionOS=1.0	watchOS=7.1
ipad.badge.play	iOS=14.2	macOS=11.0	tvOS=14.2	visionOS=1.0	watchOS=7.1
ipad.homebutton.badge.play	iOS=14.2	macOS=11.0	tvOS=14.2	visionOS=1.0	watchOS=7.1
ipad.homebutton.landscape.badge.play	iOS=14.2	macOS=11.0	tvOS=14.2	visionOS=1.0	watchOS=7.1
ipad.landscape.badge.play	iOS=14.2	macOS=11.0	tvOS=14.2	visionOS=1.0	watchOS=7.1
iphone.badge.play	iOS=14.2	macOS=11.0	tvOS=14.2	visionOS=1.0	watchOS=7.1
iphone.homebutton.badge.play	iOS=14.2	macOS=11.0	tvOS=14.2	visionOS=1.0	watchOS=7.1
iphone.homebutton.landscape	iOS=14.2	macOS=11.0	tvOS=14.2	visionOS=1.0	watchOS=7.1
iphone.landscape	iOS=14.2	macOS=11.0	tvOS=14.2	visionOS=1.0	watchOS=7.1
ipodtouch.landscape	iOS=14.2	macOS=11.0	tvOS=14.2	visionOS=1.0	watchOS=7.1
lock.applewatch	iOS=14.2	macOS=11.0	tvOS=14.2	visionOS=1.0	watchOS=7.1
photo.tv	iOS=14.2	macOS=11.0	tvOS=14.2	visionOS=1.0	watchOS=7.1
play.tv	iOS=14.2	macOS=11.0	tvOS=14.2	visionOS=1.0	watchOS=7.1
play.tv.fill	iOS=14.2	macOS=11.0	tvOS=14.2	visionOS=1.0	watchOS=7.1
rectangle.badge.person.crop	iOS=14.2	macOS=11.0	tvOS=14.2	visionOS=1.0	watchOS=7.1
rectangle.fill.badge.person.crop	iOS=14.2	macOS=11.0	tvOS=14.2	visionOS=1.0	watchOS=7.1
rectangle.topthird.inset	iOS=14.2	macOS=11.0	tvOS=14.2	visionOS=1.0	watchOS=7.1
repeat.1.circle	iOS=14.2	macOS=11.0	tvOS=14.2	visionOS=1.0	watchOS=7.1
repeat.1.circle.fill	iOS=14.2	macOS=11.0	tvOS=14.2	visionOS=1.0	watchOS=7.1
repeat.circle	iOS=14.2	macOS=11.0	tvOS=14.2	visionOS=1.0	watchOS=7.1
repeat.circle.fill	iOS=14.2	macOS=11.0	tvOS=14.2	visionOS=1.0	watchOS=7.1
shield.checkerboard	iOS=14.2	macOS=11.0	tvOS=14.2	visionOS=1.0	watchOS=7.1
shuffle.circle	iOS=14.2	macOS=11.0	tvOS=14.2	visionOS=1.0	watchOS=7.1
shuffle.circle.fill	iOS=14.2	macOS=11.0	tvOS=14.2	visionOS=1.0	watchOS=7.1
text.below.photo.fill.rtl	iOS=14.2	macOS=11.0	tvOS=14.2	visionOS=1.0	watchOS=7.1
text.below.photo.rtl	iOS=14.2	macOS=11.0	tvOS=14.2	visionOS=1.0	watchOS=7.1
textformat.size.ar	iOS=14.2	macOS=11.0	tvOS=14.2	visionOS=1.0	watchOS=7.1
textformat.size.he	iOS=14.2	macOS=11.0	tvOS=14.2	visionOS=1.0	watchOS=7.1
textformat.size.hi	iOS=14.2	macOS=11.0	tvOS=14.2	visionOS=1.0	watchOS=7.1
textformat.size.ja	iOS=14.2	macOS=11.0	tvOS=14.2	visionOS=1.0	watchOS=7.1
textformat.size.ko	iOS=14.2	macOS=11.0	tvOS=14.2	visionOS=1.0	watchOS=7.1
textformat.size.larger	iOS=14.2	macOS=11.0	tvOS=14.2	visionOS=1.0	watchOS=7.1
textformat.size.larger.ar	iOS=14.2	macOS=11.0	tvOS=14.2	visionOS=1.0	watchOS=7.1
textformat.size.larger.he	iOS=14.2	macOS=11.0	tvOS=14.2	visionOS=1.0	watchOS=7.1
textformat.size.larger.hi	iOS=14.2	macOS=11.0	tvOS=14.2	visionOS=1.0	watchOS=7.1
textformat.size.larger.ja	iOS=14.2	macOS=11.0	tvOS=14.2	visionOS=1.0	watchOS=7.1
textformat.size.larger.ko	iOS=14.2	macOS=11.0	tvOS=14.2	visionOS=1.0	watchOS=7.1
textformat.size.larger.th	iOS=14.2	macOS=11.0	tvOS=14.2	visionOS=1.0	watchOS=7.1
textformat.size.larger.zh	iOS=14.2	macOS=11.0	tvOS=14.2	visionOS=1.0	watchOS=7.1
textformat.size.smaller	iOS=14.2	macOS=11.0	tvOS=14.2	visionOS=1.0	watchOS=7.1
textformat.size.smaller.ar	iOS=14.2	macOS=11.0	tvOS=14.2	visionOS=1.0	watchOS=7.1
textformat.size.smaller.he	iOS=14.2	macOS=11.0	tvOS=14.2	visionOS=1.0	watchOS=7.1
textformat.size.smaller.hi	iOS=14.2	macOS=11.0	tvOS=14.2	visionOS=1.0	watchOS=7.1
textformat.size.smaller.ja	iOS=14.2	macOS=11.0	tvOS=14.2	visionOS=1.0	watchOS=7.1
textformat.size.smaller.ko	iOS=14.2	macOS=11.0	tvOS=14.2	visionOS=1.0	watchOS=7.1
textformat.size.smaller.th	iOS=14.2	macOS=11.0	tvOS=14.2	visionOS=1.0	watchOS=7.1
textformat.size.smaller.zh	iOS=14.2	macOS=11.0	tvOS=14.2	visionOS=1.0	watchOS=7.1
textformat.size.th	iOS=14.2	macOS=11.0	tvOS=14.2	visionOS=1.0	watchOS=7.1
textformat.size.zh	iOS=14.2	macOS=11.0	tvOS=14.2	visionOS=1.0	watchOS=7.1
textformat.subscript.ar	iOS=14.2	macOS=11.0	tvOS=14.2	visionOS=1.0	watchOS=7.1
textformat.subscript.he	iOS=14.2	macOS=11.0	tvOS=14.2	visionOS=1.0	watchOS=7.1
textformat.subscript.hi	iOS=14.2	macOS=11.0	tvOS=14.2	visionOS=1.0	watchOS=7.1
textformat.subscript.ja	iOS=14.2	macOS=11.0	tvOS=14.2	visionOS=1.0	watchOS=7.1
textformat.subscript.ko	iOS=14.2	macOS=11.0	tvOS=14.2	visionOS=1.0	watchOS=7.1
textformat.subscript.th	iOS=14.2	macOS=11.0	tvOS=14.2	visionOS=1.0	watchOS=7.1
textformat.subscript.zh	iOS=14.2	macOS=11.0	tvOS=14.2	visionOS=1.0	watchOS=7.1
textformat.superscript.ar	iOS=14.2	macOS=11.0	tvOS=14.2	visionOS=1.0	watchOS=7.1
textformat.superscript.he	iOS=14.2	macOS=11.0	tvOS=14.2	visionOS=1.0	watchOS=7.1
textformat.superscript.hi	iOS=14.2	macOS=11.0	tvOS=14.2	visionOS=1.0	watchOS=7.1
textformat.superscript.ja	iOS=14.2	macOS=11.0	tvOS=14.2	visionOS=1.0	watchOS=7.1
textformat.superscript.ko	iOS=14.2	macOS=11.0	tvOS=14.2	visionOS=1.0	watchOS=7.1
textformat.superscript.th	iOS=14.2	macOS=11.0	tvOS=14.2	visionOS=1.0	watchOS=7.1
textformat.superscript.zh	iOS=14.2	macOS=11.0	tvOS=14.2	visionOS=1.0	watchOS=7.1
torus	iOS=14.2	macOS=11.0	tvOS=14.2	visionOS=1.0	watchOS=7.1
tv.and.mediabox	iOS=14.2	macOS=11.0	tvOS=14.2	visionOS=1.0	watchOS=7.1
airpodsmax	iOS=14.5	macOS=11.3	tvOS=14.5	visionOS=1.0	watchOS=7.4
applewatch.side.right	iOS=14.5	macOS=11.3	tvOS=14.5	visionOS=1.0	watchOS=7.4
character.bubble	iOS=14.5	macOS=11.3	tvOS=14.5	visionOS=1.0	watchOS=7.4
character.bubble.ar	iOS=14.5	macOS=11.3	tvOS=14.5	visionOS=1.0	watchOS=7.4
character.bubble.fill	iOS=14.5	macOS=11.3	tvOS=14.5	visionOS=1.0	watchOS=7.4
character.bubble.fill.ar	iOS=14.5	macOS=11.3	tvOS=14.5	visionOS=1.0	watchOS=7.4
character.bubble.fill.he	iOS=14.5	macOS=11.3	tvOS=14.5	visionOS=1.0	watchOS=7.4
character.bubble.he	iOS=14.5	macOS=11.3	tvOS=14.5	visionOS=1.0	watchOS=7.4
character.cursor.ibeam	iOS=14.5	macOS=11.3	tvOS=14.5	visionOS=1.0	watchOS=7.4
character.cursor.ibeam.ar	iOS=14.5	macOS=11.3	tvOS=14.5	visionOS=1.0	watchOS=7.4
character.cursor.ibeam.he	iOS=14.5	macOS=11.3	tvOS=14.5	visionOS=1.0	watchOS=7.4
character.cursor.ibeam.hi	iOS=14.5	macOS=11.3	tvOS=14.5	visionOS=1.0	watchOS=7.4
character.cursor.ibeam.ja	iOS=14.5	macOS=11.3	tvOS=14.5	visionOS=1.0	watchOS=7.4
character.cursor.ibeam.ko	iOS=14.5	macOS=11.3	tvOS=14.5	visionOS=1.0	watchOS=7.4
character.cursor.ibeam.th	iOS=14.5	macOS=11.3	tvOS=14.5	visionOS=1.0	watchOS=7.4
character.cursor.ibeam.zh	iOS=14.5	macOS=11.3	tvOS=14.5	visionOS=1.0	watchOS=7.4
character.textbox	iOS=14.5	macOS=11.3	tvOS=14.5	visionOS=1.0	watchOS=7.4
character.textbox.ar	iOS=14.5	macOS=11.3	tvOS=14.5	visionOS=1.0	watchOS=7.4
character.textbox.he	iOS=14.5	macOS=11.3	tvOS=14.5	visionOS=1.0	watchOS=7.4
character.textbox.hi	iOS=14.5	macOS=11.3	tvOS=14.5	visionOS=1.0	watchOS=7.4
character.textbox.ja	iOS=14.5	macOS=11.3	tvOS=14.5	visionOS=1.0	watchOS=7.4
character.textbox.ko	iOS=14.5	macOS=11.3	tvOS=14.5	visionOS=1.0	watchOS=7.4
character.textbox.th	iOS=14.5	macOS=11.3	tvOS=14.5	visionOS=1.0	watchOS=7.4
character.textbox.zh	iOS=14.5	macOS=11.3	tvOS=14.5	visionOS=1.0	watchOS=7.4
hifispeaker.and.homepodmini	iOS=14.5	macOS=11.3	tvOS=14.5	visionOS=1.0	watchOS=7.4
hifispeaker.and.homepodmini.fill	iOS=14.5	macOS=11.3	tvOS=14.5	visionOS=1.0	watchOS=7.4
homepod.and.homepodmini	iOS=14.5	macOS=11.3	tvOS=14.5	visionOS=1.0	watchOS=7.4
homepod.and.homepodmini.fill	iOS=14.5	macOS=11.3	tvOS=14.5	visionOS=1.0	watchOS=7.4
homepodmini	iOS=14.5	macOS=11.3	tvOS=14.5	visionOS=1.0	watchOS=7.4
homepodmini.2	iOS=14.5	macOS=11.3	tvOS=14.5	visionOS=1.0	watchOS=7.4
homepodmini.2.fill	iOS=14.5	macOS=11.3	tvOS=14.5	visionOS=1.0	watchOS=7.4
homepodmini.fill	iOS=14.5	macOS=11.3	tvOS=14.5	visionOS=1.0	watchOS=7.4
rectangle.topthird.inset.fill	iOS=14.5	macOS=11.3	tvOS=14.5	visionOS=1.0	watchOS=7.4
1.magnifyingglass.hi	iOS=15.0	macOS=12.0	tvOS=15.0	visionOS=1.0	watchOS=8.0
123.rectangle	iOS=15.0	macOS=12.0	tvOS=15.0	visionOS=1.0	watchOS=8.0
123.rectangle.ar	iOS=15.0	macOS=12.0	tvOS=15.0	visionOS=1.0	watchOS=8.0
123.rectangle.fill	iOS=15.0	macOS=12.0	tvOS=15.0	visionOS=1.0	watchOS=8.0
123.rectangle.fill.ar	iOS=15.0	macOS=12.0	tvOS=15.0	visionOS=1.0	watchOS=8.0
123.rectangle.fill.hi	iOS=15.0	macOS=12.0	tvOS=15.0	visionOS=1.0	watchOS=8.0
123.rectangle.hi	iOS=15.0	macOS=12.0	tvOS=15.0	visionOS=1.0	watchOS=8.0
airplane.arrival	iOS=15.0	macOS=12.0	tvOS=15.0	visionOS=1.0	watchOS=8.0
airplane.departure	iOS=15.0	macOS=12.0	tvOS=15.0	visionOS=1.0	watchOS=8.0
airplayaudio.badge.exclamationmark	iOS=15.0	macOS=12.0	tvOS=15.0	visionOS=1.0	watchOS=8.0
airplayaudio.circle	iOS=15.0	macOS=12.0	tvOS=15.0	visionOS=1.0	watchOS=8.0
airplayaudio.circle.fill	iOS=15.0	macOS=12.0	tvOS=15.0	visionOS=1.0	watchOS=8.0
airplayvideo.badge.exclamationmark	iOS=15.0	macOS=12.0	tvOS=15.0	visionOS=1.0	watchOS=8.0
airplayvideo.circle	iOS=15.0	macOS=12.0	tvOS=15.0	visionOS=1.0	watchOS=8.0
airplayvideo.circle.fill	iOS=15.0	macOS=12.0	tvOS=15.0	visionOS=1.0	watchOS=8.0
airpods.chargingcase	iOS=15.0	macOS=12.0	tvOS=15.0	visionOS=1.0	watchOS=8.0
airpods.chargingcase.fill	iOS=15.0	macOS=12.0	tvOS=15.0	visionOS=1.0	watchOS=8.0
airpods.chargingcase.wireless	iOS=15.0	macOS=12.0	tvOS=15.0	visionOS=1.0	watchOS=8.0
airpods.chargingcase.wireless.fill	iOS=15.0	macOS=12.0	tvOS=15.0	visionOS=1.0	watchOS=8.0
airpodspro.chargingcase.wireless	iOS=15.0	macOS=12.0	tvOS=15.0	visionOS=1.0	watchOS=8.0
airpodspro.chargingcase.wireless.fill	iOS=15.0	macOS=12.0	tvOS=15.0	visionOS=1.0	watchOS=8.0
airtag	iOS=15.0	macOS=12.0	tvOS=15.0	visionOS=1.0	watchOS=8.0
airtag.fill	iOS=15.0	macOS=12.0	tvOS=15.0	visionOS=1.0	watchOS=8.0
airtag.radiowaves.forward	iOS=15.0	macOS=12.0	tvOS=15.0	visionOS=1.0	watchOS=8.0
airtag.radiowaves.forward.fill	iOS=15.0	macOS=12.0	tvOS=15.0	visionOS=1.0	watchOS=8.0
airtag.radiowaves.forward.fill.rtl	iOS=15.0	macOS=12.0	tvOS=15.0	visionOS=1.0	watchOS=8.0
airtag.radiowaves.forward.rtl	iOS=15.0	macOS=12.0	tvOS=15.0	visionOS=1.0	watchOS=8.0
align.horizontal.center	iOS=15.0	macOS=12.0	tvOS=15.0	visionOS=1.0	watchOS=8.0
align.horizontal.center.fill	iOS=15.0	macOS=12.0	tvOS=15.0	visionOS=1.0	watchOS=8.0
align.horizontal.left	iOS=15.0	macOS=12.0	tvOS=15.0	visionOS=1.0	watchOS=8.0
align.horizontal.left.fill	iOS=15.0	macOS=12.0	tvOS=15.0	visionOS=1.0	watchOS=8.0
align.horizontal.right	iOS=15.0	macOS=12.0	tvOS=15.0	visionOS=1.0	watchOS=8.0
align.horizontal.right.fill	iOS=15.0	macOS=12.0	tvOS=15.0	visionOS=1.0	watchOS=8.0
align.vertical.bottom	iOS=15.0	macOS=12.0	tvOS=15.0	visionOS=1.0	watchOS=8.0
align.vertical.bottom.fill	iOS=15.0	macOS=12.0	tvOS=15.0	visionOS=1.0	watchOS=8.0
align.vertical.center	iOS=15.0	macOS=12.0	tvOS=15.0	visionOS=1.0	watchOS=8.0
align.vertical.center.fill	iOS=15.0	macOS=12.0	tvOS=15.0	visionOS=1.0	watchOS=8.0
align.vertical.top	iOS=15.0	macOS=12.0	tvOS=15.0	visionOS=1.0	watchOS=8.0
align.vertical.top.fill	iOS=15.0	macOS=12.0	tvOS=15.0	visionOS=1.0	watchOS=8.0
allergens	iOS=15.0	macOS=12.0	tvOS=15.0	visionOS=1.0	watchOS=8.0
alternatingcurrent	iOS=15.0	macOS=12.0	tvOS=15.0	visionOS=1.0	watchOS=8.0
antenna.radiowaves.left.and.right.circle	iOS=15.0	macOS=12.0	tvOS=15.0	visionOS=1.0	watchOS=8.0
antenna.radiowaves.left.and.right.circle.fill	iOS=15.0	macOS=12.0	tvOS=15.0	visionOS=1.0	watchOS=8.0
antenna.radiowaves.left.and.right.slash	iOS=15.0	macOS=12.0	tvOS=15.0	visionOS=1.0	watchOS=8.0
app.badge.checkmark	iOS=15.0	macOS=12.0	tvOS=15.0	visionOS=1.0	watchOS=8.0
app.badge.checkmark.fill	iOS=15.0	macOS=12.0	tvOS=15.0	visionOS=1.0	watchOS=8.0
app.connected.to.app.below.fill	iOS=15.0	macOS=12.0	tvOS=15.0	visionOS=1.0	watchOS=8.0
app.dashed	iOS=15.0	macOS=12.0	tvOS=15.0	visionOS=1.0	watchOS=8.0
applepencil	iOS=15.0	macOS=12.0	tvOS=15.0	visionOS=1.0	watchOS=8.0
appletvremote.gen1	iOS=15.0	macOS=12.0	tvOS=15.0	visionOS=1.0	watchOS=8.0
appletvremote.gen1.fill	iOS=15.0	macOS=12.0	tvOS=15.0	visionOS=1.0	watchOS=8.0
appletvremote.gen2	iOS=15.0	macOS=12.0	tvOS=15.0	visionOS=1.0	watchOS=8.0
appletvremote.gen2.fill	iOS=15.0	macOS=12.0	tvOS=15.0	visionOS=1.0	watchOS=8.0
appletvremote.gen3	iOS=15.0	macOS=12.0	tvOS=15.0	visionOS=1.0	watchOS=8.0
appletvremote.gen3.fill	iOS=15.0	macOS=12.0	tvOS=15.0	visionOS=1.0	watchOS=8.0
appletvremote.gen4	iOS=15.0	macOS=12.0	tvOS=15.0	visionOS=1.0	watchOS=8.0
appletvremote.gen4.fill	iOS=15.0	macOS=12.0	tvOS=15.0	visionOS=1.0	watchOS=8.0
applewatch.case.inset.filled	iOS=15.0	macOS=12.0	tvOS=15.0	visionOS=1.0	watchOS=8.0
arkit.badge.xmark	iOS=15.0	macOS=12.0	tvOS=15.0	visionOS=1.0	watchOS=8.0
arrow.backward.to.line	iOS=15.0	macOS=12.0	tvOS=15.0	visionOS=1.0	watchOS=8.0
arrow.backward.to.line.circle	iOS=15.0	macOS=12.0	tvOS=15.0	visionOS=1.0	watchOS=8.0
arrow.backward.to.line.circle.fill	iOS=15.0	macOS=12.0	tvOS=15.0	visionOS=1.0	watchOS=8.0
arrow.down.to.line.circle	iOS=15.0	macOS=12.0	tvOS=15.0	visionOS=1.0	watchOS=8.0
arrow.down.to.line.circle.fill	iOS=15.0	macOS=12.0	tvOS=15.0	visionOS=1.0	watchOS=8.0
arrow.down.to.line.compact	iOS=15.0	macOS=12.0	tvOS=15.0	visionOS=1.0	watchOS=8.0
arrow.forward.to.line	iOS=15.0	macOS=12.0	tvOS=15.0	visionOS=1.0	watchOS=8.0
arrow.forward.to.line.circle	iOS=15.0	macOS=12.0	tvOS=15.0	visionOS=1.0	watchOS=8.0
arrow.forward.to.line.circle.fill	iOS=15.0	macOS=12.0	tvOS=15.0	visionOS=1.0	watchOS=8.0
arrow.left.to.line.circle	iOS=15.0	macOS=12.0	tvOS=15.0	visionOS=1.0	watchOS=8.0
arrow.left.to.line.circle.fill	iOS=15.0	macOS=12.0	tvOS=15.0	visionOS=1.0	watchOS=8.0
arrow.left.to.line.compact	iOS=15.0	macOS=12.0	tvOS=15.0	visionOS=1.0	watchOS=8.0
arrow.right.to.line.circle	iOS=15.0	macOS=12.0	tvOS=15.0	visionOS=1.0	watchOS=8.0
arrow.right.to.line.circle.fill	iOS=15.0	macOS=12.0	tvOS=15.0	visionOS=1.0	watchOS=8.0
arrow.right.to.line.compact	iOS=15.0	macOS=12.0	tvOS=15.0	visionOS=1.0	watchOS=8.0
arrow.up.and.down.righttriangle.up.righttriangle.down.fill	iOS=15.0	macOS=12.0	tvOS=15.0	visionOS=1.0	watchOS=8.0
arrow.up.to.line.circle	iOS=15.0	macOS=12.0	tvOS=15.0	visionOS=1.0	watchOS=8.0
arrow.up.to.line.circle.fill	iOS=15.0	macOS=12.0	tvOS=15.0	visionOS=1.0	watchOS=8.0
arrow.up.to.line.compact	iOS=15.0	macOS=12.0	tvOS=15.0	visionOS=1.0	watchOS=8.0
arrowtriangle.left.and.line.vertical.and.arrowtriangle.right.fill	iOS=15.0	macOS=12.0	tvOS=15.0	visionOS=1.0	watchOS=8.0
arrowtriangle.right.and.line.vertical.and.arrowtriangle.left.fill	iOS=15.0	macOS=12.0	tvOS=15.0	visionOS=1.0	watchOS=8.0
asterisk	iOS=15.0	macOS=12.0	tvOS=15.0	visionOS=1.0	watchOS=8.0
backward.circle	iOS=15.0	macOS=12.0	tvOS=15.0	visionOS=1.0	watchOS=8.0
backward.circle.fill	iOS=15.0	macOS=12.0	tvOS=15.0	visionOS=1.0	watchOS=8.0
battery.50	iOS=15.0	macOS=12.0	tvOS=15.0	visionOS=1.0	watchOS=8.0
battery.75	iOS=15.0	macOS=12.0	tvOS=15.0	visionOS=1.0	watchOS=8.0
beats.earphones	iOS=15.0	macOS=12.0	tvOS=15.0	visionOS=1.0	watchOS=8.0
beats.headphones	iOS=15.0	macOS=12.0	tvOS=15.0	visionOS=1.0	watchOS=8.0
beats.powerbeats	iOS=15.0	macOS=12.0	tvOS=15.0	visionOS=1.0	watchOS=8.0
beats.powerbeats3	iOS=15.0	macOS=12.0	tvOS=15.0	visionOS=1.0	watchOS=8.0
beats.powerbeatspro	iOS=15.0	macOS=12.0	tvOS=15.0	visionOS=1.0	watchOS=8.0
beats.powerbeatspro.chargingcase	iOS=15.0	macOS=12.0	tvOS=15.0	visionOS=1.0	watchOS=8.0
beats.powerbeatspro.chargingcase.fill	iOS=15.0	macOS=12.0	tvOS=15.0	visionOS=1.0	watchOS=8.0
beats.powerbeatspro.left	iOS=15.0	macOS=12.0	tvOS=15.0	visionOS=1.0	watchOS=8.0
beats.powerbeatspro.right	iOS=15.0	macOS=12.0	tvOS=15.0	visionOS=1.0	watchOS=8.0
beats.studiobud.left	iOS=15.0	macOS=12.0	tvOS=15.0	visionOS=1.0	watchOS=8.0
beats.studiobud.right	iOS=15.0	macOS=12.0	tvOS=15.0	visionOS=1.0	watchOS=8.0
beats.studiobuds	iOS=15.0	macOS=12.0	tvOS=15.0	visionOS=1.0	watchOS=8.0
beats.studiobuds.chargingcase	iOS=15.0	macOS=12.0	tvOS=15.0	visionOS=1.0	watchOS=8.0
beats.studiobuds.chargingcase.fill	iOS=15.0	macOS=12.0	tvOS=15.0	visionOS=1.0	watchOS=8.0
bed.double.circle	iOS=15.0	macOS=12.0	tvOS=15.0	visionOS=1.0	watchOS=8.0
bed.double.circle.fill	iOS=15.0	macOS=12.0	tvOS=15.0	visionOS=1.0	watchOS=8.0
bell.and.waveform	iOS=15.0	macOS=12.0	tvOS=15.0	visionOS=1.0	watchOS=8.0
bell.and.waveform.fill	iOS=15.0	macOS=12.0	tvOS=15.0	visionOS=1.0	watchOS=8.0
bell.badge.circle	iOS=15.0	macOS=12.0	tvOS=15.0	visionOS=1.0	watchOS=8.0
bell.badge.circle.fill	iOS=15.0	macOS=12.0	tvOS=15.0	visionOS=1.0	watchOS=8.0
bell.square	iOS=15.0	macOS=12.0	tvOS=15.0	visionOS=1.0	watchOS=8.0
bell.square.fill	iOS=15.0	macOS=12.0	tvOS=15.0	visionOS=1.0	watchOS=8.0
bolt.batteryblock	iOS=15.0	macOS=12.0	tvOS=15.0	visionOS=1.0	watchOS=8.0
bolt.batteryblock.fill	iOS=15.0	macOS=12.0	tvOS=15.0	visionOS=1.0	watchOS=8.0
bolt.car.circle	iOS=15.0	macOS=12.0	tvOS=15.0	visionOS=1.0	watchOS=8.0
bolt.car.circle.fill	iOS=15.0	macOS=12.0	tvOS=15.0	visionOS=1.0	watchOS=8.0
bolt.shield	iOS=15.0	macOS=12.0	tvOS=15.0	visionOS=1.0	watchOS=8.0
bolt.shield.fill	iOS=15.0	macOS=12.0	tvOS=15.0	visionOS=1.0	watchOS=8.0
bolt.square	iOS=15.0	macOS=12.0	tvOS=15.0	visionOS=1.0	watchOS=8.0
bolt.square.fill	iOS=15.0	macOS=12.0	tvOS=15.0	visionOS=1.0	watchOS=8.0
book.closed.circle	iOS=15.0	macOS=12.0	tvOS=15.0	visionOS=1.0	watchOS=8.0
book.closed.circle.fill	iOS=15.0	macOS=12.0	tvOS=15.0	visionOS=1.0	watchOS=8.0
bookmark.square	iOS=15.0	macOS=12.0	tvOS=15.0	visionOS=1.0	watchOS=8.0
bookmark.square.fill	iOS=15.0	macOS=12.0	tvOS=15.0	visionOS=1.0	watchOS=8.0
books.vertical.circle	iOS=15.0	macOS=12.0	tvOS=15.0	visionOS=1.0	watchOS=8.0
books.vertical.circle.fill	iOS=15.0	macOS=12.0	tvOS=15.0	visionOS=1.0	watchOS=8.0
brain	iOS=15.0	macOS=12.0	tvOS=15.0	visionOS=1.0	watchOS=8.0
brain.head.profile	iOS=15.0	macOS=12.0	tvOS=15.0	visionOS=1.0	watchOS=8.0
briefcase.circle	iOS=15.0	macOS=12.0	tvOS=15.0	visionOS=1.0	watchOS=8.0
briefcase.circle.fill	iOS=15.0	macOS=12.0	tvOS=15.0	visionOS=1.0	watchOS=8.0
bubble.left.and.exclamationmark.bubble.right	iOS=15.0	macOS=12.0	tvOS=15.0	visionOS=1.0	watchOS=8.0
bubble.left.and.exclamationmark.bubble.right.fill	iOS=15.0	macOS=12.0	tvOS=15.0	visionOS=1.0	watchOS=8.0
bubble.left.circle	iOS=15.0	macOS=12.0	tvOS=15.0	visionOS=1.0	watchOS=8.0
bubble.left.circle.fill	iOS=15.0	macOS=12.0	tvOS=15.0	visionOS=1.0	watchOS=8.0
bubble.right.circle	iOS=15.0	macOS=12.0	tvOS=15.0	visionOS=1.0	watchOS=8.0
bubble.right.circle.fill	iOS=15.0	macOS=12.0	tvOS=15.0	visionOS=1.0	watchOS=8.0
building.columns.circle	iOS=15.0	macOS=12.0	tvOS=15.0	visionOS=1.0	watchOS=8.0
building.columns.circle.fill	iOS=15.0	macOS=12.0	tvOS=15.0	visionOS=1.0	watchOS=8.0
cable.connector	iOS=15.0	macOS=12.0	tvOS=15.0	visionOS=1.0	watchOS=8.0
cable.connector.horizontal	iOS=15.0	macOS=12.0	tvOS=15.0	visionOS=1.0	watchOS=8.0
cablecar	iOS=15.0	macOS=12.0	tvOS=15.0	visionOS=1.0	watchOS=8.0
cablecar.fill	iOS=15.0	macOS=12.0	tvOS=15.0	visionOS=1.0	watchOS=8.0
calendar.day.timeline.leading	iOS=15.0	macOS=12.0	tvOS=15.0	visionOS=1.0	watchOS=8.0
calendar.day.timeline.left	iOS=15.0	macOS=12.0	tvOS=15.0	visionOS=1.0	watchOS=8.0
calendar.day.timeline.right	iOS=15.0	macOS=12.0	tvOS=15.0	visionOS=1.0	watchOS=8.0
calendar.day.timeline.trailing	iOS=15.0	macOS=12.0	tvOS=15.0	visionOS=1.0	watchOS=8.0
camera.shutter.button	iOS=15.0	macOS=12.0	tvOS=15.0	visionOS=1.0	watchOS=8.0
camera.shutter.button.fill	iOS=15.0	macOS=12.0	tvOS=15.0	visionOS=1.0	watchOS=8.0
capsule.bottomhalf.filled	iOS=15.0	macOS=12.0	tvOS=15.0	visionOS=1.0	watchOS=8.0
capsule.inset.filled	iOS=15.0	macOS=12.0	tvOS=15.0	visionOS=1.0	watchOS=8.0
capsule.lefthalf.filled	iOS=15.0	macOS=12.0	tvOS=15.0	visionOS=1.0	watchOS=8.0
capsule.portrait.bottomhalf.filled	iOS=15.0	macOS=12.0	tvOS=15.0	visionOS=1.0	watchOS=8.0
capsule.portrait.inset.filled	iOS=15.0	macOS=12.0	tvOS=15.0	visionOS=1.0	watchOS=8.0
capsule.portrait.lefthalf.filled	iOS=15.0	macOS=12.0	tvOS=15.0	visionOS=1.0	watchOS=8.0
capsule.portrait.righthalf.filled	iOS=15.0	macOS=12.0	tvOS=15.0	visionOS=1.0	watchOS=8.0
capsule.portrait.tophalf.filled	iOS=15.0	macOS=12.0	tvOS=15.0	visionOS=1.0	watchOS=8.0
capsule.righthalf.filled	iOS=15.0	macOS=12.0	tvOS=15.0	visionOS=1.0	watchOS=8.0
capsule.tophalf.filled	iOS=15.0	macOS=12.0	tvOS=15.0	visionOS=1.0	watchOS=8.0
car.ferry	iOS=15.0	macOS=12.0	tvOS=15.0	visionOS=1.0	watchOS=8.0
car.ferry.fill	iOS=15.0	macOS=12.0	tvOS=15.0	visionOS=1.0	watchOS=8.0
character.bubble.fill.hi	iOS=15.0	macOS=12.0	tvOS=15.0	visionOS=1.0	watchOS=8.0
character.bubble.fill.ja	iOS=15.0	macOS=12.0	tvOS=15.0	visionOS=1.0	watchOS=8.0
character.bubble.fill.ko	iOS=15.0	macOS=12.0	tvOS=15.0	visionOS=1.0	watchOS=8.0
character.bubble.fill.th	iOS=15.0	macOS=12.0	tvOS=15.0	visionOS=1.0	watchOS=8.0
character.bubble.fill.zh	iOS=15.0	macOS=12.0	tvOS=15.0	visionOS=1.0	watchOS=8.0
character.bubble.hi	iOS=15.0	macOS=12.0	tvOS=15.0	visionOS=1.0	watchOS=8.0
character.bubble.ja	iOS=15.0	macOS=12.0	tvOS=15.0	visionOS=1.0	watchOS=8.0
character.bubble.ko	iOS=15.0	macOS=12.0	tvOS=15.0	visionOS=1.0	watchOS=8.0
character.bubble.th	iOS=15.0	macOS=12.0	tvOS=15.0	visionOS=1.0	watchOS=8.0
character.bubble.zh	iOS=15.0	macOS=12.0	tvOS=15.0	visionOS=1.0	watchOS=8.0
chart.line.uptrend.xyaxis	iOS=15.0	macOS=12.0	tvOS=15.0	visionOS=1.0	watchOS=8.0
chart.line.uptrend.xyaxis.circle	iOS=15.0	macOS=12.0	tvOS=15.0	visionOS=1.0	watchOS=8.0
chart.line.uptrend.xyaxis.circle.fill	iOS=15.0	macOS=12.0	tvOS=15.0	visionOS=1.0	watchOS=8.0
chart.xyaxis.line	iOS=15.0	macOS=12.0	tvOS=15.0	visionOS=1.0	watchOS=8.0
checkerboard.shield	iOS=15.0	macOS=12.0	tvOS=15.0	visionOS=1.0	watchOS=8.0
checklist	iOS=15.0	macOS=12.0	tvOS=15.0	visionOS=1.0	watchOS=8.0
checklist.rtl	iOS=15.0	macOS=12.0	tvOS=15.0	visionOS=1.0	watchOS=8.0
checkmark.bubble	iOS=15.0	macOS=12.0	tvOS=15.0	visionOS=1.0	watchOS=8.0
checkmark.bubble.fill	iOS=15.0	macOS=12.0	tvOS=15.0	visionOS=1.0	watchOS=8.0
checkmark.circle.trianglebadge.exclamationmark	iOS=15.0	macOS=12.0	tvOS=15.0	visionOS=1.0	watchOS=8.0
checkmark.diamond	iOS=15.0	macOS=12.0	tvOS=15.0	visionOS=1.0	watchOS=8.0
checkmark.diamond.fill	iOS=15.0	macOS=12.0	tvOS=15.0	visionOS=1.0	watchOS=8.0
chevron.left.forwardslash.chevron.right	iOS=15.0	macOS=12.0	tvOS=15.0	visionOS=1.0	watchOS=8.0
circle.and.line.horizontal	iOS=15.0	macOS=12.0	tvOS=15.0	visionOS=1.0	watchOS=8.0
circle.and.line.horizontal.fill	iOS=15.0	macOS=12.0	tvOS=15.0	visionOS=1.0	watchOS=8.0
circle.bottomhalf.filled	iOS=15.0	macOS=12.0	tvOS=15.0	visionOS=1.0	watchOS=8.0
circle.dashed.inset.filled	iOS=15.0	macOS=12.0	tvOS=15.0	visionOS=1.0	watchOS=8.0
circle.dotted	iOS=15.0	macOS=12.0	tvOS=15.0	visionOS=1.0	watchOS=8.0
circle.grid.2x1	iOS=15.0	macOS=12.0	tvOS=15.0	visionOS=1.0	watchOS=8.0
circle.grid.2x1.fill	iOS=15.0	macOS=12.0	tvOS=15.0	visionOS=1.0	watchOS=8.0
circle.grid.2x1.left.filled	iOS=15.0	macOS=12.0	tvOS=15.0	visionOS=1.0	watchOS=8.0
circle.grid.2x1.right.filled	iOS=15.0	macOS=12.0	tvOS=15.0	visionOS=1.0	watchOS=8.0
circle.grid.3x3.circle	iOS=15.0	macOS=12.0	tvOS=15.0	visionOS=1.0	watchOS=8.0
circle.grid.3x3.circle.fill	iOS=15.0	macOS=12.0	tvOS=15.0	visionOS=1.0	watchOS=8.0
circle.grid.cross.down.filled	iOS=15.0	macOS=12.0	tvOS=15.0	visionOS=1.0	watchOS=8.0
circle.grid.cross.left.filled	iOS=15.0	macOS=12.0	tvOS=15.0	visionOS=1.0	watchOS=8.0
circle.grid.cross.right.filled	iOS=15.0	macOS=12.0	tvOS=15.0	visionOS=1.0	watchOS=8.0
circle.grid.cross.up.filled	iOS=15.0	macOS=12.0	tvOS=15.0	visionOS=1.0	watchOS=8.0
circle.hexagongrid	iOS=15.0	macOS=12.0	tvOS=15.0	visionOS=1.0	watchOS=8.0
circle.hexagongrid.circle	iOS=15.0	macOS=12.0	tvOS=15.0	visionOS=1.0	watchOS=8.0
circle.hexagongrid.circle.fill	iOS=15.0	macOS=12.0	tvOS=15.0	visionOS=1.0	watchOS=8.0
circle.hexagongrid.fill	iOS=15.0	macOS=12.0	tvOS=15.0	visionOS=1.0	watchOS=8.0
circle.hexagonpath	iOS=15.0	macOS=12.0	tvOS=15.0	visionOS=1.0	watchOS=8.0
circle.hexagonpath.fill	iOS=15.0	macOS=12.0	tvOS=15.0	visionOS=1.0	watchOS=8.0
circle.inset.filled	iOS=15.0	macOS=12.0	tvOS=15.0	visionOS=1.0	watchOS=8.0
circle.lefthalf.filled	iOS=15.0	macOS=12.0	tvOS=15.0	visionOS=1.0	watchOS=8.0
circle.righthalf.filled	iOS=15.0	macOS=12.0	tvOS=15.0	visionOS=1.0	watchOS=8.0
circle.slash	iOS=15.0	macOS=12.0	tvOS=15.0	visionOS=1.0	watchOS=8.0
circle.slash.fill	iOS=15.0	macOS=12.0	tvOS=15.0	visionOS=1.0	watchOS=8.0
circle.square.fill	iOS=15.0	macOS=12.0	tvOS=15.0	visionOS=1.0	watchOS=8.0
circle.tophalf.filled	iOS=15.0	macOS=12.0	tvOS=15.0	visionOS=1.0	watchOS=8.0
clock.badge.checkmark	iOS=15.0	macOS=12.0	tvOS=15.0	visionOS=1.0	watchOS=8.0
clock.badge.checkmark.fill	iOS=15.0	macOS=12.0	tvOS=15.0	visionOS=1.0	watchOS=8.0
clock.badge.exclamationmark	iOS=15.0	macOS=12.0	tvOS=15.0	visionOS=1.0	watchOS=8.0
clock.badge.exclamationmark.fill	iOS=15.0	macOS=12.0	tvOS=15.0	visionOS=1.0	watchOS=8.0
clock.circle	iOS=15.0	macOS=12.0	tvOS=15.0	visionOS=1.0	watchOS=8.0
clock.circle.fill	iOS=15.0	macOS=12.0	tvOS=15.0	visionOS=1.0	watchOS=8.0
computermouse	iOS=15.0	macOS=12.0	tvOS=15.0	visionOS=1.0	watchOS=8.0
computermouse.fill	iOS=15.0	macOS=12.0	tvOS=15.0	visionOS=1.0	watchOS=8.0
cpu.fill	iOS=15.0	macOS=12.0	tvOS=15.0	visionOS=1.0	watchOS=8.0
creditcard.and.123	iOS=15.0	macOS=12.0	tvOS=15.0	visionOS=1.0	watchOS=8.0
creditcard.trianglebadge.exclamationmark	iOS=15.0	macOS=12.0	tvOS=15.0	visionOS=1.0	watchOS=8.0
cross.vial	iOS=15.0	macOS=12.0	tvOS=15.0	visionOS=1.0	watchOS=8.0
cross.vial.fill	iOS=15.0	macOS=12.0	tvOS=15.0	visionOS=1.0	watchOS=8.0
cup.and.saucer	iOS=15.0	macOS=12.0	tvOS=15.0	visionOS=1.0	watchOS=8.0
cup.and.saucer.fill	iOS=15.0	macOS=12.0	tvOS=15.0	visionOS=1.0	watchOS=8.0
delete.backward	iOS=15.0	macOS=12.0	tvOS=15.0	visionOS=1.0	watchOS=8.0
delete.backward.fill	iOS=15.0	macOS=12.0	tvOS=15.0	visionOS=1.0	watchOS=8.0
delete.forward	iOS=15.0	macOS=12.0	tvOS=15.0	visionOS=1.0	watchOS=8.0
delete.forward.fill	iOS=15.0	macOS=12.0	tvOS=15.0	visionOS=1.0	watchOS=8.0
desktopcomputer.and.arrow.down	iOS=15.0	macOS=12.0	tvOS=15.0	visionOS=1.0	watchOS=8.0
desktopcomputer.trianglebadge.exclamationmark	iOS=15.0	macOS=12.0	tvOS=15.0	visionOS=1.0	watchOS=8.0
diamond.bottomhalf.filled	iOS=15.0	macOS=12.0	tvOS=15.0	visionOS=1.0	watchOS=8.0
diamond.circle	iOS=15.0	macOS=12.0	tvOS=15.0	visionOS=1.0	watchOS=8.0
diamond.circle.fill	iOS=15.0	macOS=12.0	tvOS=15.0	visionOS=1.0	watchOS=8.0
diamond.inset.filled	iOS=15.0	macOS=12.0	tvOS=15.0	visionOS=1.0	watchOS=8.0
diamond.lefthalf.filled	iOS=15.0	macOS=12.0	tvOS=15.0	visionOS=1.0	watchOS=8.0
diamond.righthalf.filled	iOS=15.0	macOS=12.0	tvOS=15.0	visionOS=1.0	watchOS=8.0
diamond.tophalf.filled	iOS=15.0	macOS=12.0	tvOS=15.0	visionOS=1.0	watchOS=8.0
dice	iOS=15.0	macOS=12.0	tvOS=15.0	visionOS=1.0	watchOS=8.0
dice.fill	iOS=15.0	macOS=12.0	tvOS=15.0	visionOS=1.0	watchOS=8.0
digitalcrown.arrow.clockwise	iOS=15.0	macOS=12.0	tvOS=15.0	visionOS=1.0	watchOS=8.0
digitalcrown.arrow.clockwise.fill	iOS=15.0	macOS=12.0	tvOS=15.0	visionOS=1.0	watchOS=8.0
digitalcrown.arrow.counterclockwise	iOS=15.0	macOS=12.0	tvOS=15.0	visionOS=1.0	watchOS=8.0
digitalcrown.arrow.counterclockwise.fill	iOS=15.0	macOS=12.0	tvOS=15.0	visionOS=1.0	watchOS=8.0
digitalcrown.horizontal.arrow.clockwise	iOS=15.0	macOS=12.0	tvOS=15.0	visionOS=1.0	watchOS=8.0
digitalcrown.horizontal.arrow.clockwise.fill	iOS=15.0	macOS=12.0	tvOS=15.0	visionOS=1.0	watchOS=8.0
digitalcrown.horizontal.arrow.counterclockwise	iOS=15.0	macOS=12.0	tvOS=15.0	visionOS=1.0	watchOS=8.0
digitalcrown.horizontal.arrow.counterclockwise.fill	iOS=15.0	macOS=12.0	tvOS=15.0	visionOS=1.0	watchOS=8.0
digitalcrown.horizontal.press	iOS=15.0	macOS=12.0	tvOS=15.0	visionOS=1.0	watchOS=8.0
digitalcrown.horizontal.press.fill	iOS=15.0	macOS=12.0	tvOS=15.0	visionOS=1.0	watchOS=8.0
digitalcrown.press	iOS=15.0	macOS=12.0	tvOS=15.0	visionOS=1.0	watchOS=8.0
digitalcrown.press.fill	iOS=15.0	macOS=12.0	tvOS=15.0	visionOS=1.0	watchOS=8.0
display.and.arrow.down	iOS=15.0	macOS=12.0	tvOS=15.0	visionOS=1.0	watchOS=8.0
doc.richtext.fill.hi	iOS=15.0	macOS=12.0	tvOS=15.0	visionOS=1.0	watchOS=8.0
doc.richtext.fill.ja	iOS=15.0	macOS=12.0	tvOS=15.0	visionOS=1.0	watchOS=8.0
doc.richtext.fill.ko	iOS=15.0	macOS=12.0	tvOS=15.0	visionOS=1.0	watchOS=8.0
doc.richtext.fill.th	iOS=15.0	macOS=12.0	tvOS=15.0	visionOS=1.0	watchOS=8.0
doc.richtext.fill.zh	iOS=15.0	macOS=12.0	tvOS=15.0	visionOS=1.0	watchOS=8.0
doc.richtext.hi	iOS=15.0	macOS=12.0	tvOS=15.0	visionOS=1.0	watchOS=8.0
doc.richtext.ja	iOS=15.0	macOS=12.0	tvOS=15.0	visionOS=1.0	watchOS=8.0
doc.richtext.ko	iOS=15.0	macOS=12.0	tvOS=15.0	visionOS=1.0	watchOS=8.0
doc.richtext.th	iOS=15.0	macOS=12.0	tvOS=15.0	visionOS=1.0	watchOS=8.0
doc.richtext.zh	iOS=15.0	macOS=12.0	tvOS=15.0	visionOS=1.0	watchOS=8.0
doc.text.image	iOS=15.0	macOS=12.0	tvOS=15.0	visionOS=1.0	watchOS=8.0
doc.text.image.fill	iOS=15.0	macOS=12.0	tvOS=15.0	visionOS=1.0	watchOS=8.0
doc.viewfinder	iOS=15.0	macOS=12.0	tvOS=15.0	visionOS=1.0	watchOS=8.0
doc.viewfinder.fill	iOS=15.0	macOS=12.0	tvOS=15.0	visionOS=1.0	watchOS=8.0
dot.circle.and.hand.point.up.left.fill	iOS=15.0	macOS=12.0	tvOS=15.0	visionOS=1.0	watchOS=8.0
dot.circle.viewfinder	iOS=15.0	macOS=12.0	tvOS=15.0	visionOS=1.0	watchOS=8.0
dot.radiowaves.up.forward	iOS=15.0	macOS=12.0	tvOS=15.0	visionOS=1.0	watchOS=8.0
dot.viewfinder	iOS=15.0	macOS=12.0	tvOS=15.0	visionOS=1.0	watchOS=8.0
dpad.down.filled	iOS=15.0	macOS=12.0	tvOS=15.0	visionOS=1.0	watchOS=8.0
dpad.left.filled	iOS=15.0	macOS=12.0	tvOS=15.0	visionOS=1.0	watchOS=8.0
dpad.right.filled	iOS=15.0	macOS=12.0	tvOS=15.0	visionOS=1.0	watchOS=8.0
dpad.up.filled	iOS=15.0	macOS=12.0	tvOS=15.0	visionOS=1.0	watchOS=8.0
drop.circle	iOS=15.0	macOS=12.0	tvOS=15.0	visionOS=1.0	watchOS=8.0
drop.circle.fill	iOS=15.0	macOS=12.0	tvOS=15.0	visionOS=1.0	watchOS=8.0
ear.and.waveform	iOS=15.0	macOS=12.0	tvOS=15.0	visionOS=1.0	watchOS=8.0
earbuds	iOS=15.0	macOS=12.0	tvOS=15.0	visionOS=1.0	watchOS=8.0
earbuds.case	iOS=15.0	macOS=12.0	tvOS=15.0	visionOS=1.0	watchOS=8.0
earbuds.case.fill	iOS=15.0	macOS=12.0	tvOS=15.0	visionOS=1.0	watchOS=8.0
ellipsis.curlybraces	iOS=15.0	macOS=12.0	tvOS=15.0	visionOS=1.0	watchOS=8.0
ellipsis.vertical.bubble	iOS=15.0	macOS=12.0	tvOS=15.0	visionOS=1.0	watchOS=8.0
ellipsis.vertical.bubble.fill	iOS=15.0	macOS=12.0	tvOS=15.0	visionOS=1.0	watchOS=8.0
envelope.badge.shield.half.filled	iOS=15.0	macOS=12.0	tvOS=15.0	visionOS=1.0	watchOS=8.0
envelope.badge.shield.half.filled.fill	iOS=15.0	macOS=12.0	tvOS=15.0	visionOS=1.0	watchOS=8.0
exclamationmark.bubble.circle	iOS=15.0	macOS=12.0	tvOS=15.0	visionOS=1.0	watchOS=8.0
exclamationmark.bubble.circle.fill	iOS=15.0	macOS=12.0	tvOS=15.0	visionOS=1.0	watchOS=8.0
eye.slash.circle	iOS=15.0	macOS=12.0	tvOS=15.0	visionOS=1.0	watchOS=8.0
eye.slash.circle.fill	iOS=15.0	macOS=12.0	tvOS=15.0	visionOS=1.0	watchOS=8.0
eye.square	iOS=15.0	macOS=12.0	tvOS=15.0	visionOS=1.0	watchOS=8.0
eye.square.fill	iOS=15.0	macOS=12.0	tvOS=15.0	visionOS=1.0	watchOS=8.0
eye.trianglebadge.exclamationmark	iOS=15.0	macOS=12.0	tvOS=15.0	visionOS=1.0	watchOS=8.0
eye.trianglebadge.exclamationmark.fill	iOS=15.0	macOS=12.0	tvOS=15.0	visionOS=1.0	watchOS=8.0
facemask	iOS=15.0	macOS=12.0	tvOS=15.0	visionOS=1.0	watchOS=8.0
facemask.fill	iOS=15.0	macOS=12.0	tvOS=15.0	visionOS=1.0	watchOS=8.0
fanblades	iOS=15.0	macOS=12.0	tvOS=15.0	visionOS=1.0	watchOS=8.0
fanblades.fill	iOS=15.0	macOS=12.0	tvOS=15.0	visionOS=1.0	watchOS=8.0
ferry	iOS=15.0	macOS=12.0	tvOS=15.0	visionOS=1.0	watchOS=8.0
ferry.fill	iOS=15.0	macOS=12.0	tvOS=15.0	visionOS=1.0	watchOS=8.0
fibrechannel	iOS=15.0	macOS=12.0	tvOS=15.0	visionOS=1.0	watchOS=8.0
figure.roll	iOS=15.0	macOS=12.0	tvOS=15.0	visionOS=1.0	watchOS=8.0
film.circle	iOS=15.0	macOS=12.0	tvOS=15.0	visionOS=1.0	watchOS=8.0
film.circle.fill	iOS=15.0	macOS=12.0	tvOS=15.0	visionOS=1.0	watchOS=8.0
flag.2.crossed	iOS=15.0	macOS=12.0	tvOS=15.0	visionOS=1.0	watchOS=8.0
flag.2.crossed.fill	iOS=15.0	macOS=12.0	tvOS=15.0	visionOS=1.0	watchOS=8.0
flag.and.flag.filled.crossed	iOS=15.0	macOS=12.0	tvOS=15.0	visionOS=1.0	watchOS=8.0
flag.filled.and.flag.crossed	iOS=15.0	macOS=12.0	tvOS=15.0	visionOS=1.0	watchOS=8.0
flag.square	iOS=15.0	macOS=12.0	tvOS=15.0	visionOS=1.0	watchOS=8.0
flag.square.fill	iOS=15.0	macOS=12.0	tvOS=15.0	visionOS=1.0	watchOS=8.0
flame.circle	iOS=15.0	macOS=12.0	tvOS=15.0	visionOS=1.0	watchOS=8.0
flame.circle.fill	iOS=15.0	macOS=12.0	tvOS=15.0	visionOS=1.0	watchOS=8.0
folder.badge.gearshape	iOS=15.0	macOS=12.0	tvOS=15.0	visionOS=1.0	watchOS=8.0
folder.fill.badge.gearshape	iOS=15.0	macOS=12.0	tvOS=15.0	visionOS=1.0	watchOS=8.0
fork.knife	iOS=15.0	macOS=12.0	tvOS=15.0	visionOS=1.0	watchOS=8.0
fork.knife.circle	iOS=15.0	macOS=12.0	tvOS=15.0	visionOS=1.0	watchOS=8.0
fork.knife.circle.fill	iOS=15.0	macOS=12.0	tvOS=15.0	visionOS=1.0	watchOS=8.0
forward.circle	iOS=15.0	macOS=12.0	tvOS=15.0	visionOS=1.0	watchOS=8.0
forward.circle.fill	iOS=15.0	macOS=12.0	tvOS=15.0	visionOS=1.0	watchOS=8.0
fuelpump	iOS=15.0	macOS=12.0	tvOS=15.0	visionOS=1.0	watchOS=8.0
fuelpump.circle	iOS=15.0	macOS=12.0	tvOS=15.0	visionOS=1.0	watchOS=8.0
fuelpump.circle.fill	iOS=15.0	macOS=12.0	tvOS=15.0	visionOS=1.0	watchOS=8.0
fuelpump.fill	iOS=15.0	macOS=12.0	tvOS=15.0	visionOS=1.0	watchOS=8.0
gear.badge.checkmark	iOS=15.0	macOS=12.0	tvOS=15.0	visionOS=1.0	watchOS=8.0
gear.badge.questionmark	iOS=15.0	macOS=12.0	tvOS=15.0	visionOS=1.0	watchOS=8.0
gear.badge.xmark	iOS=15.0	macOS=12.0	tvOS=15.0	visionOS=1.0	watchOS=8.0
gear.circle	iOS=15.0	macOS=12.0	tvOS=15.0	visionOS=1.0	watchOS=8.0
gear.circle.fill	iOS=15.0	macOS=12.0	tvOS=15.0	visionOS=1.0	watchOS=8.0
gearshape.circle	iOS=15.0	macOS=12.0	tvOS=15.0	visionOS=1.0	watchOS=8.0
gearshape.circle.fill	iOS=15.0	macOS=12.0	tvOS=15.0	visionOS=1.0	watchOS=8.0
globe.americas	iOS=15.0	macOS=12.0	tvOS=15.0	visionOS=1.0	watchOS=8.0
globe.americas.fill	iOS=15.0	macOS=12.0	tvOS=15.0	visionOS=1.0	watchOS=8.0
globe.asia.australia	iOS=15.0	macOS=12.0	tvOS=15.0	visionOS=1.0	watchOS=8.0
globe.asia.australia.fill	iOS=15.0	macOS=12.0	tvOS=15.0	visionOS=1.0	watchOS=8.0
globe.badge.chevron.backward	iOS=15.0	macOS=12.0	tvOS=15.0	visionOS=1.0	watchOS=8.0
globe.europe.africa	iOS=15.0	macOS=12.0	tvOS=15.0	visionOS=1.0	watchOS=8.0
globe.europe.africa.fill	iOS=15.0	macOS=12.0	tvOS=15.0	visionOS=1.0	watchOS=8.0
gobackward.5	iOS=15.0	macOS=12.0	tvOS=15.0	visionOS=1.0	watchOS=8.0
gobackward.5.ar	iOS=15.0	macOS=12.0	tvOS=15.0	visionOS=1.0	watchOS=8.0
gobackward.5.hi	iOS=15.0	macOS=12.0	tvOS=15.0	visionOS=1.0	watchOS=8.0
goforward.5	iOS=15.0	macOS=12.0	tvOS=15.0	visionOS=1.0	watchOS=8.0
goforward.5.ar	iOS=15.0	macOS=12.0	tvOS=15.0	visionOS=1.0	watchOS=8.0
goforward.5.hi	iOS=15.0	macOS=12.0	tvOS=15.0	visionOS=1.0	watchOS=8.0
graduationcap.circle	iOS=15.0	macOS=12.0	tvOS=15.0	visionOS=1.0	watchOS=8.0
graduationcap.circle.fill	iOS=15.0	macOS=12.0	tvOS=15.0	visionOS=1.0	watchOS=8.0
h.square.on.square.fill	iOS=15.0	macOS=12.0	tvOS=15.0	visionOS=1.0	watchOS=8.0
hammer.circle	iOS=15.0	macOS=12.0	tvOS=15.0	visionOS=1.0	watchOS=8.0
hammer.circle.fill	iOS=15.0	macOS=12.0	tvOS=15.0	visionOS=1.0	watchOS=8.0
hand.raised.circle	iOS=15.0	macOS=12.0	tvOS=15.0	visionOS=1.0	watchOS=8.0
hand.raised.circle.fill	iOS=15.0	macOS=12.0	tvOS=15.0	visionOS=1.0	watchOS=8.0
hand.raised.square	iOS=15.0	macOS=12.0	tvOS=15.0	visionOS=1.0	watchOS=8.0
hand.raised.square.fill	iOS=15.0	macOS=12.0	tvOS=15.0	visionOS=1.0	watchOS=8.0
hand.raised.square.on.square	iOS=15.0	macOS=12.0	tvOS=15.0	visionOS=1.0	watchOS=8.0
hand.raised.square.on.square.fill	iOS=15.0	macOS=12.0	tvOS=15.0	visionOS=1.0	watchOS=8.0
hand.thumbsdown.circle	iOS=15.0	macOS=12.0	tvOS=15.0	visionOS=1.0	watchOS=8.0
hand.thumbsdown.circle.fill	iOS=15.0	macOS=12.0	tvOS=15.0	visionOS=1.0	watchOS=8.0
hand.thumbsup.circle	iOS=15.0	macOS=12.0	tvOS=15.0	visionOS=1.0	watchOS=8.0
hand.thumbsup.circle.fill	iOS=15.0	macOS=12.0	tvOS=15.0	visionOS=1.0	watchOS=8.0
hearingdevice.ear	iOS=15.0	macOS=12.0	tvOS=15.0	visionOS=1.0	watchOS=8.0
heart.rectangle	iOS=15.0	macOS=12.0	tvOS=15.0	visionOS=1.0	watchOS=8.0
heart.rectangle.fill	iOS=15.0	macOS=12.0	tvOS=15.0	visionOS=1.0	watchOS=8.0
heart.square	iOS=15.0	macOS=12.0	tvOS=15.0	visionOS=1.0	watchOS=8.0
heart.square.fill	iOS=15.0	macOS=12.0	tvOS=15.0	visionOS=1.0	watchOS=8.0
hexagon.bottomhalf.filled	iOS=15.0	macOS=12.0	tvOS=15.0	visionOS=1.0	watchOS=8.0
hexagon.lefthalf.filled	iOS=15.0	macOS=12.0	tvOS=15.0	visionOS=1.0	watchOS=8.0
hexagon.righthalf.filled	iOS=15.0	macOS=12.0	tvOS=15.0	visionOS=1.0	watchOS=8.0
hexagon.tophalf.filled	iOS=15.0	macOS=12.0	tvOS=15.0	visionOS=1.0	watchOS=8.0
hifispeaker.and.appletv	iOS=15.0	macOS=12.0	tvOS=15.0	visionOS=1.0	watchOS=8.0
hifispeaker.and.appletv.fill	iOS=15.0	macOS=12.0	tvOS=15.0	visionOS=1.0	watchOS=8.0
homepod.and.appletv	iOS=15.0	macOS=12.0	tvOS=15.0	visionOS=1.0	watchOS=8.0
homepod.and.appletv.fill	iOS=15.0	macOS=12.0	tvOS=15.0	visionOS=1.0	watchOS=8.0
homepodmini.and.appletv	iOS=15.0	macOS=12.0	tvOS=15.0	visionOS=1.0	watchOS=8.0
homepodmini.and.appletv.fill	iOS=15.0	macOS=12.0	tvOS=15.0	visionOS=1.0	watchOS=8.0
hourglass.bottomhalf.filled	iOS=15.0	macOS=12.0	tvOS=15.0	visionOS=1.0	watchOS=8.0
hourglass.circle	iOS=15.0	macOS=12.0	tvOS=15.0	visionOS=1.0	watchOS=8.0
hourglass.circle.fill	iOS=15.0	macOS=12.0	tvOS=15.0	visionOS=1.0	watchOS=8.0
hourglass.tophalf.filled	iOS=15.0	macOS=12.0	tvOS=15.0	visionOS=1.0	watchOS=8.0
humidity	iOS=15.0	macOS=12.0	tvOS=15.0	visionOS=1.0	watchOS=8.0
humidity.fill	iOS=15.0	macOS=12.0	tvOS=15.0	visionOS=1.0	watchOS=8.0
icloud.square	iOS=15.0	macOS=12.0	tvOS=15.0	visionOS=1.0	watchOS=8.0
icloud.square.fill	iOS=15.0	macOS=12.0	tvOS=15.0	visionOS=1.0	watchOS=8.0
ipad.and.arrow.forward	iOS=15.0	macOS=12.0	tvOS=15.0	visionOS=1.0	watchOS=8.0
ipad.and.iphone	iOS=15.0	macOS=12.0	tvOS=15.0	visionOS=1.0	watchOS=8.0
ipad.rear.camera	iOS=15.0	macOS=12.0	tvOS=15.0	visionOS=1.0	watchOS=8.0
iphone.and.arrow.forward	iOS=15.0	macOS=12.0	tvOS=15.0	visionOS=1.0	watchOS=8.0
iphone.circle	iOS=15.0	macOS=12.0	tvOS=15.0	visionOS=1.0	watchOS=8.0
iphone.circle.fill	iOS=15.0	macOS=12.0	tvOS=15.0	visionOS=1.0	watchOS=8.0
iphone.homebutton.circle	iOS=15.0	macOS=12.0	tvOS=15.0	visionOS=1.0	watchOS=8.0
iphone.homebutton.circle.fill	iOS=15.0	macOS=12.0	tvOS=15.0	visionOS=1.0	watchOS=8.0
iphone.homebutton.radiowaves.left.and.right.circle	iOS=15.0	macOS=12.0	tvOS=15.0	visionOS=1.0	watchOS=8.0
iphone.homebutton.radiowaves.left.and.right.circle.fill	iOS=15.0	macOS=12.0	tvOS=15.0	visionOS=1.0	watchOS=8.0
iphone.homebutton.slash.circle	iOS=15.0	macOS=12.0	tvOS=15.0	visionOS=1.0	watchOS=8.0
iphone.homebutton.slash.circle.fill	iOS=15.0	macOS=12.0	tvOS=15.0	visionOS=1.0	watchOS=8.0
iphone.radiowaves.left.and.right.circle	iOS=15.0	macOS=12.0	tvOS=15.0	visionOS=1.0	watchOS=8.0
iphone.radiowaves.left.and.right.circle.fill	iOS=15.0	macOS=12.0	tvOS=15.0	visionOS=1.0	watchOS=8.0
iphone.rear.camera	iOS=15.0	macOS=12.0	tvOS=15.0	visionOS=1.0	watchOS=8.0
iphone.slash.circle	iOS=15.0	macOS=12.0	tvOS=15.0	visionOS=1.0	watchOS=8.0
iphone.slash.circle.fill	iOS=15.0	macOS=12.0	tvOS=15.0	visionOS=1.0	watchOS=8.0
iphone.smartbatterycase.gen1	iOS=15.0	macOS=12.0	tvOS=15.0	visionOS=1.0	watchOS=8.0
iphone.smartbatterycase.gen2	iOS=15.0	macOS=12.0	tvOS=15.0	visionOS=1.0	watchOS=8.0
ipodtouch.slash	iOS=15.0	macOS=12.0	tvOS=15.0	visionOS=1.0	watchOS=8.0
ivfluid.bag	iOS=15.0	macOS=12.0	tvOS=15.0	visionOS=1.0	watchOS=8.0
ivfluid.bag.fill	iOS=15.0	macOS=12.0	tvOS=15.0	visionOS=1.0	watchOS=8.0
j.square.on.square.fill	iOS=15.0	macOS=12.0	tvOS=15.0	visionOS=1.0	watchOS=8.0
keyboard.fill	iOS=15.0	macOS=12.0	tvOS=15.0	visionOS=1.0	watchOS=8.0
l.joystick.press.down	iOS=15.0	macOS=12.0	tvOS=15.0	visionOS=1.0	watchOS=8.0
l.joystick.press.down.fill	iOS=15.0	macOS=12.0	tvOS=15.0	visionOS=1.0	watchOS=8.0
l.joystick.tilt.down	iOS=15.0	macOS=12.0	tvOS=15.0	visionOS=1.0	watchOS=8.0
l.joystick.tilt.down.fill	iOS=15.0	macOS=12.0	tvOS=15.0	visionOS=1.0	watchOS=8.0
l.joystick.tilt.left	iOS=15.0	macOS=12.0	tvOS=15.0	visionOS=1.0	watchOS=8.0
l.joystick.tilt.left.fill	iOS=15.0	macOS=12.0	tvOS=15.0	visionOS=1.0	watchOS=8.0
l.joystick.tilt.right	iOS=15.0	macOS=12.0	tvOS=15.0	visionOS=1.0	watchOS=8.0
l.joystick.tilt.right.fill	iOS=15.0	macOS=12.0	tvOS=15.0	visionOS=1.0	watchOS=8.0
l.joystick.tilt.up	iOS=15.0	macOS=12.0	tvOS=15.0	visionOS=1.0	watchOS=8.0
l.joystick.tilt.up.fill	iOS=15.0	macOS=12.0	tvOS=15.0	visionOS=1.0	watchOS=8.0
lanyardcard	iOS=15.0	macOS=12.0	tvOS=15.0	visionOS=1.0	watchOS=8.0
lanyardcard.fill	iOS=15.0	macOS=12.0	tvOS=15.0	visionOS=1.0	watchOS=8.0
laptopcomputer.and.arrow.down	iOS=15.0	macOS=12.0	tvOS=15.0	visionOS=1.0	watchOS=8.0
laptopcomputer.trianglebadge.exclamationmark	iOS=15.0	macOS=12.0	tvOS=15.0	visionOS=1.0	watchOS=8.0
lasso.and.sparkles	iOS=15.0	macOS=12.0	tvOS=15.0	visionOS=1.0	watchOS=8.0
leaf.circle	iOS=15.0	macOS=12.0	tvOS=15.0	visionOS=1.0	watchOS=8.0
leaf.circle.fill	iOS=15.0	macOS=12.0	tvOS=15.0	visionOS=1.0	watchOS=8.0
lightbulb.circle	iOS=15.0	macOS=12.0	tvOS=15.0	visionOS=1.0	watchOS=8.0
lightbulb.circle.fill	iOS=15.0	macOS=12.0	tvOS=15.0	visionOS=1.0	watchOS=8.0
line.2.horizontal.decrease.circle	iOS=15.0	macOS=12.0	tvOS=15.0	visionOS=1.0	watchOS=8.0
line.2.horizontal.decrease.circle.fill	iOS=15.0	macOS=12.0	tvOS=15.0	visionOS=1.0	watchOS=8.0
line.3.horizontal	iOS=15.0	macOS=12.0	tvOS=15.0	visionOS=1.0	watchOS=8.0
line.3.horizontal.circle	iOS=15.0	macOS=12.0	tvOS=15.0	visionOS=1.0	watchOS=8.0
line.3.horizontal.circle.fill	iOS=15.0	macOS=12.0	tvOS=15.0	visionOS=1.0	watchOS=8.0
line.3.horizontal.decrease	iOS=15.0	macOS=12.0	tvOS=15.0	visionOS=1.0	watchOS=8.0
line.3.horizontal.decrease.circle	iOS=15.0	macOS=12.0	tvOS=15.0	visionOS=1.0	watchOS=8.0
line.3.horizontal.decrease.circle.fill	iOS=15.0	macOS=12.0	tvOS=15.0	visionOS=1.0	watchOS=8.0
lines.measurement.horizontal	iOS=15.0	macOS=12.0	tvOS=15.0	visionOS=1.0	watchOS=8.0
list.bullet.circle	iOS=15.0	macOS=12.0	tvOS=15.0	visionOS=1.0	watchOS=8.0
list.bullet.circle.fill	iOS=15.0	macOS=12.0	tvOS=15.0	visionOS=1.0	watchOS=8.0
list.bullet.rectangle.fill	iOS=15.0	macOS=12.0	tvOS=15.0	visionOS=1.0	watchOS=8.0
list.bullet.rectangle.portrait	iOS=15.0	macOS=12.0	tvOS=15.0	visionOS=1.0	watchOS=8.0
list.bullet.rectangle.portrait.fill	iOS=15.0	macOS=12.0	tvOS=15.0	visionOS=1.0	watchOS=8.0
list.dash.header.rectangle	iOS=15.0	macOS=12.0	tvOS=15.0	visionOS=1.0	watchOS=8.0
list.number.hi	iOS=15.0	macOS=12.0	tvOS=15.0	visionOS=1.0	watchOS=8.0
location.magnifyingglass	iOS=15.0	macOS=12.0	tvOS=15.0	visionOS=1.0	watchOS=8.0
location.north.circle	iOS=15.0	macOS=12.0	tvOS=15.0	visionOS=1.0	watchOS=8.0
location.north.circle.fill	iOS=15.0	macOS=12.0	tvOS=15.0	visionOS=1.0	watchOS=8.0
location.square	iOS=15.0	macOS=12.0	tvOS=15.0	visionOS=1.0	watchOS=8.0
location.square.fill	iOS=15.0	macOS=12.0	tvOS=15.0	visionOS=1.0	watchOS=8.0
lock.desktopcomputer	iOS=15.0	macOS=12.0	tvOS=15.0	visionOS=1.0	watchOS=8.0
lock.display	iOS=15.0	macOS=12.0	tvOS=15.0	visionOS=1.0	watchOS=8.0
lock.ipad	iOS=15.0	macOS=12.0	tvOS=15.0	visionOS=1.0	watchOS=8.0
lock.iphone	iOS=15.0	macOS=12.0	tvOS=15.0	visionOS=1.0	watchOS=8.0
lock.laptopcomputer	iOS=15.0	macOS=12.0	tvOS=15.0	visionOS=1.0	watchOS=8.0
lock.open.applewatch	iOS=15.0	macOS=12.0	tvOS=15.0	visionOS=1.0	watchOS=8.0
lock.open.desktopcomputer	iOS=15.0	macOS=12.0	tvOS=15.0	visionOS=1.0	watchOS=8.0
lock.open.display	iOS=15.0	macOS=12.0	tvOS=15.0	visionOS=1.0	watchOS=8.0
lock.open.ipad	iOS=15.0	macOS=12.0	tvOS=15.0	visionOS=1.0	watchOS=8.0
lock.open.iphone	iOS=15.0	macOS=12.0	tvOS=15.0	visionOS=1.0	watchOS=8.0
lock.open.laptopcomputer	iOS=15.0	macOS=12.0	tvOS=15.0	visionOS=1.0	watchOS=8.0
logo.playstation	iOS=15.0	macOS=12.0	tvOS=15.0	visionOS=1.0	watchOS=8.0
logo.xbox	iOS=15.0	macOS=12.0	tvOS=15.0	visionOS=1.0	watchOS=8.0
macpro.gen1.fill	iOS=15.0	macOS=12.0	tvOS=15.0	visionOS=1.0	watchOS=8.0
macpro.gen3.fill	iOS=15.0	macOS=12.0	tvOS=15.0	visionOS=1.0	watchOS=8.0
magazine	iOS=15.0	macOS=12.0	tvOS=15.0	visionOS=1.0	watchOS=8.0
magazine.fill	iOS=15.0	macOS=12.0	tvOS=15.0	visionOS=1.0	watchOS=8.0
magicmouse	iOS=15.0	macOS=12.0	tvOS=15.0	visionOS=1.0	watchOS=8.0
magicmouse.fill	iOS=15.0	macOS=12.0	tvOS=15.0	visionOS=1.0	watchOS=8.0
magsafe.batterypack	iOS=15.0	macOS=12.0	tvOS=15.0	visionOS=1.0	watchOS=8.0
magsafe.batterypack.fill	iOS=15.0	macOS=12.0	tvOS=15.0	visionOS=1.0	watchOS=8.0
map.circle	iOS=15.0	macOS=12.0	tvOS=15.0	visionOS=1.0	watchOS=8.0
map.circle.fill	iOS=15.0	macOS=12.0	tvOS=15.0	visionOS=1.0	watchOS=8.0
mappin.slash.circle	iOS=15.0	macOS=12.0	tvOS=15.0	visionOS=1.0	watchOS=8.0
mappin.slash.circle.fill	iOS=15.0	macOS=12.0	tvOS=15.0	visionOS=1.0	watchOS=8.0
mappin.square	iOS=15.0	macOS=12.0	tvOS=15.0	visionOS=1.0	watchOS=8.0
mappin.square.fill	iOS=15.0	macOS=12.0	tvOS=15.0	visionOS=1.0	watchOS=8.0
mediastick	iOS=15.0	macOS=12.0	tvOS=15.0	visionOS=1.0	watchOS=8.0
memorychip.fill	iOS=15.0	macOS=12.0	tvOS=15.0	visionOS=1.0	watchOS=8.0
menucard	iOS=15.0	macOS=12.0	tvOS=15.0	visionOS=1.0	watchOS=8.0
menucard.fill	iOS=15.0	macOS=12.0	tvOS=15.0	visionOS=1.0	watchOS=8.0
message.and.waveform	iOS=15.0	macOS=12.0	tvOS=15.0	visionOS=1.0	watchOS=8.0
message.and.waveform.fill	iOS=15.0	macOS=12.0	tvOS=15.0	visionOS=1.0	watchOS=8.0
mic.badge.plus	iOS=15.0	macOS=12.0	tvOS=15.0	visionOS=1.0	watchOS=8.0
mic.fill.badge.plus	iOS=15.0	macOS=12.0	tvOS=15.0	visionOS=1.0	watchOS=8.0
mic.slash.circle	iOS=15.0	macOS=12.0	tvOS=15.0	visionOS=1.0	watchOS=8.0
mic.slash.circle.fill	iOS=15.0	macOS=12.0	tvOS=15.0	visionOS=1.0	watchOS=8.0
mic.square	iOS=15.0	macOS=12.0	tvOS=15.0	visionOS=1.0	watchOS=8.0
mic.square.fill	iOS=15.0	macOS=12.0	tvOS=15.0	visionOS=1.0	watchOS=8.0
minus.forwardslash.plus	iOS=15.0	macOS=12.0	tvOS=15.0	visionOS=1.0	watchOS=8.0
music.mic.circle	iOS=15.0	macOS=12.0	tvOS=15.0	visionOS=1.0	watchOS=8.0
music.mic.circle.fill	iOS=15.0	macOS=12.0	tvOS=15.0	visionOS=1.0	watchOS=8.0
music.note.tv	iOS=15.0	macOS=12.0	tvOS=15.0	visionOS=1.0	watchOS=8.0
music.note.tv.fill	iOS=15.0	macOS=12.0	tvOS=15.0	visionOS=1.0	watchOS=8.0
network.badge.shield.half.filled	iOS=15.0	macOS=12.0	tvOS=15.0	visionOS=1.0	watchOS=8.0
newspaper.circle	iOS=15.0	macOS=12.0	tvOS=15.0	visionOS=1.0	watchOS=8.0
newspaper.circle.fill	iOS=15.0	macOS=12.0	tvOS=15.0	visionOS=1.0	watchOS=8.0
octagon.bottomhalf.filled	iOS=15.0	macOS=12.0	tvOS=15.0	visionOS=1.0	watchOS=8.0
octagon.lefthalf.filled	iOS=15.0	macOS=12.0	tvOS=15.0	visionOS=1.0	watchOS=8.0
octagon.righthalf.filled	iOS=15.0	macOS=12.0	tvOS=15.0	visionOS=1.0	watchOS=8.0
octagon.tophalf.filled	iOS=15.0	macOS=12.0	tvOS=15.0	visionOS=1.0	watchOS=8.0
oval.bottomhalf.filled	iOS=15.0	macOS=12.0	tvOS=15.0	visionOS=1.0	watchOS=8.0
oval.inset.filled	iOS=15.0	macOS=12.0	tvOS=15.0	visionOS=1.0	watchOS=8.0
oval.lefthalf.filled	iOS=15.0	macOS=12.0	tvOS=15.0	visionOS=1.0	watchOS=8.0
oval.portrait.bottomhalf.filled	iOS=15.0	macOS=12.0	tvOS=15.0	visionOS=1.0	watchOS=8.0
oval.portrait.inset.filled	iOS=15.0	macOS=12.0	tvOS=15.0	visionOS=1.0	watchOS=8.0
oval.portrait.lefthalf.filled	iOS=15.0	macOS=12.0	tvOS=15.0	visionOS=1.0	watchOS=8.0
oval.portrait.righthalf.filled	iOS=15.0	macOS=12.0	tvOS=15.0	visionOS=1.0	watchOS=8.0
oval.portrait.tophalf.filled	iOS=15.0	macOS=12.0	tvOS=15.0	visionOS=1.0	watchOS=8.0
oval.righthalf.filled	iOS=15.0	macOS=12.0	tvOS=15.0	visionOS=1.0	watchOS=8.0
oval.tophalf.filled	iOS=15.0	macOS=12.0	tvOS=15.0	visionOS=1.0	watchOS=8.0
parentheses	iOS=15.0	macOS=12.0	tvOS=15.0	visionOS=1.0	watchOS=8.0
parkingsign	iOS=15.0	macOS=12.0	tvOS=15.0	visionOS=1.0	watchOS=8.0
parkingsign.circle	iOS=15.0	macOS=12.0	tvOS=15.0	visionOS=1.0	watchOS=8.0
parkingsign.circle.fill	iOS=15.0	macOS=12.0	tvOS=15.0	visionOS=1.0	watchOS=8.0
pawprint	iOS=15.0	macOS=12.0	tvOS=15.0	visionOS=1.0	watchOS=8.0
pawprint.circle	iOS=15.0	macOS=12.0	tvOS=15.0	visionOS=1.0	watchOS=8.0
pawprint.circle.fill	iOS=15.0	macOS=12.0	tvOS=15.0	visionOS=1.0	watchOS=8.0
pawprint.fill	iOS=15.0	macOS=12.0	tvOS=15.0	visionOS=1.0	watchOS=8.0
peacesign	iOS=15.0	macOS=12.0	tvOS=15.0	visionOS=1.0	watchOS=8.0
pentagon	iOS=15.0	macOS=12.0	tvOS=15.0	visionOS=1.0	watchOS=8.0
pentagon.bottomhalf.filled	iOS=15.0	macOS=12.0	tvOS=15.0	visionOS=1.0	watchOS=8.0
pentagon.fill	iOS=15.0	macOS=12.0	tvOS=15.0	visionOS=1.0	watchOS=8.0
pentagon.lefthalf.filled	iOS=15.0	macOS=12.0	tvOS=15.0	visionOS=1.0	watchOS=8.0
pentagon.righthalf.filled	iOS=15.0	macOS=12.0	tvOS=15.0	visionOS=1.0	watchOS=8.0
pentagon.tophalf.filled	iOS=15.0	macOS=12.0	tvOS=15.0	visionOS=1.0	watchOS=8.0
person.2.crop.square.stack	iOS=15.0	macOS=12.0	tvOS=15.0	visionOS=1.0	watchOS=8.0
person.2.crop.square.stack.fill	iOS=15.0	macOS=12.0	tvOS=15.0	visionOS=1.0	watchOS=8.0
person.2.wave.2	iOS=15.0	macOS=12.0	tvOS=15.0	visionOS=1.0	watchOS=8.0
person.2.wave.2.fill	iOS=15.0	macOS=12.0	tvOS=15.0	visionOS=1.0	watchOS=8.0
person.3.sequence	iOS=15.0	macOS=12.0	tvOS=15.0	visionOS=1.0	watchOS=8.0
person.3.sequence.fill	iOS=15.0	macOS=12.0	tvOS=15.0	visionOS=1.0	watchOS=8.0
person.badge.clock	iOS=15.0	macOS=12.0	tvOS=15.0	visionOS=1.0	watchOS=8.0
person.badge.clock.fill	iOS=15.0	macOS=12.0	tvOS=15.0	visionOS=1.0	watchOS=8.0
person.crop.artframe	iOS=15.0	macOS=12.0	tvOS=15.0	visionOS=1.0	watchOS=8.0
person.crop.circle.badge	iOS=15.0	macOS=12.0	tvOS=15.0	visionOS=1.0	watchOS=8.0
person.crop.circle.badge.clock	iOS=15.0	macOS=12.0	tvOS=15.0	visionOS=1.0	watchOS=8.0
person.crop.circle.badge.clock.fill	iOS=15.0	macOS=12.0	tvOS=15.0	visionOS=1.0	watchOS=8.0
person.crop.circle.badge.exclamationmark.fill	iOS=15.0	macOS=12.0	tvOS=15.0	visionOS=1.0	watchOS=8.0
person.crop.circle.badge.fill	iOS=15.0	macOS=12.0	tvOS=15.0	visionOS=1.0	watchOS=8.0
person.crop.circle.badge.moon	iOS=15.0	macOS=12.0	tvOS=15.0	visionOS=1.0	watchOS=8.0
person.crop.circle.badge.moon.fill	iOS=15.0	macOS=12.0	tvOS=15.0	visionOS=1.0	watchOS=8.0
person.crop.circle.badge.questionmark.fill	iOS=15.0	macOS=12.0	tvOS=15.0	visionOS=1.0	watchOS=8.0
person.crop.circle.badge.questionmark.fill.ar	iOS=15.0	macOS=12.0	tvOS=15.0	visionOS=1.0	watchOS=8.0
person.crop.rectangle.stack	iOS=15.0	macOS=12.0	tvOS=15.0	visionOS=1.0	watchOS=8.0
person.crop.rectangle.stack.fill	iOS=15.0	macOS=12.0	tvOS=15.0	visionOS=1.0	watchOS=8.0
person.crop.square.filled.and.at.rectangle	iOS=15.0	macOS=12.0	tvOS=15.0	visionOS=1.0	watchOS=8.0
person.crop.square.filled.and.at.rectangle.fill	iOS=15.0	macOS=12.0	tvOS=15.0	visionOS=1.0	watchOS=8.0
person.text.rectangle	iOS=15.0	macOS=12.0	tvOS=15.0	visionOS=1.0	watchOS=8.0
person.text.rectangle.fill	iOS=15.0	macOS=12.0	tvOS=15.0	visionOS=1.0	watchOS=8.0
person.wave.2	iOS=15.0	macOS=12.0	tvOS=15.0	visionOS=1.0	watchOS=8.0
person.wave.2.fill	iOS=15.0	macOS=12.0	tvOS=15.0	visionOS=1.0	watchOS=8.0
personalhotspot.circle	iOS=15.0	macOS=12.0	tvOS=15.0	visionOS=1.0	watchOS=8.0
personalhotspot.circle.fill	iOS=15.0	macOS=12.0	tvOS=15.0	visionOS=1.0	watchOS=8.0
phone.and.waveform	iOS=15.0	macOS=12.0	tvOS=15.0	visionOS=1.0	watchOS=8.0
phone.and.waveform.fill	iOS=15.0	macOS=12.0	tvOS=15.0	visionOS=1.0	watchOS=8.0
photo.artframe	iOS=15.0	macOS=12.0	tvOS=15.0	visionOS=1.0	watchOS=8.0
photo.circle	iOS=15.0	macOS=12.0	tvOS=15.0	visionOS=1.0	watchOS=8.0
photo.circle.fill	iOS=15.0	macOS=12.0	tvOS=15.0	visionOS=1.0	watchOS=8.0
pills.circle	iOS=15.0	macOS=12.0	tvOS=15.0	visionOS=1.0	watchOS=8.0
pills.circle.fill	iOS=15.0	macOS=12.0	tvOS=15.0	visionOS=1.0	watchOS=8.0
pin.square	iOS=15.0	macOS=12.0	tvOS=15.0	visionOS=1.0	watchOS=8.0
pin.square.fill	iOS=15.0	macOS=12.0	tvOS=15.0	visionOS=1.0	watchOS=8.0
platter.2.filled.ipad	iOS=15.0	macOS=12.0	tvOS=15.0	visionOS=1.0	watchOS=8.0
platter.2.filled.ipad.landscape	iOS=15.0	macOS=12.0	tvOS=15.0	visionOS=1.0	watchOS=8.0
platter.2.filled.iphone	iOS=15.0	macOS=12.0	tvOS=15.0	visionOS=1.0	watchOS=8.0
platter.2.filled.iphone.landscape	iOS=15.0	macOS=12.0	tvOS=15.0	visionOS=1.0	watchOS=8.0
platter.bottom.applewatch.case	iOS=15.0	macOS=12.0	tvOS=15.0	visionOS=1.0	watchOS=8.0
platter.filled.bottom.applewatch.case	iOS=15.0	macOS=12.0	tvOS=15.0	visionOS=1.0	watchOS=8.0
platter.filled.top.applewatch.case	iOS=15.0	macOS=12.0	tvOS=15.0	visionOS=1.0	watchOS=8.0
platter.top.applewatch.case	iOS=15.0	macOS=12.0	tvOS=15.0	visionOS=1.0	watchOS=8.0
play.rectangle.on.rectangle	iOS=15.0	macOS=12.0	tvOS=15.0	visionOS=1.0	watchOS=8.0
play.rectangle.on.rectangle.circle	iOS=15.0	macOS=12.0	tvOS=15.0	visionOS=1.0	watchOS=8.0
play.rectangle.on.rectangle.circle.fill	iOS=15.0	macOS=12.0	tvOS=15.0	visionOS=1.0	watchOS=8.0
play.rectangle.on.rectangle.fill	iOS=15.0	macOS=12.0	tvOS=15.0	visionOS=1.0	watchOS=8.0
play.square	iOS=15.0	macOS=12.0	tvOS=15.0	visionOS=1.0	watchOS=8.0
play.square.fill	iOS=15.0	macOS=12.0	tvOS=15.0	visionOS=1.0	watchOS=8.0
plus.forwardslash.minus	iOS=15.0	macOS=12.0	tvOS=15.0	visionOS=1.0	watchOS=8.0
plus.rectangle.on.folder.fill	iOS=15.0	macOS=12.0	tvOS=15.0	visionOS=1.0	watchOS=8.0
plus.square.dashed	iOS=15.0	macOS=12.0	tvOS=15.0	visionOS=1.0	watchOS=8.0
point.3.connected.trianglepath.dotted	iOS=15.0	macOS=12.0	tvOS=15.0	visionOS=1.0	watchOS=8.0
point.3.filled.connected.trianglepath.dotted	iOS=15.0	macOS=12.0	tvOS=15.0	visionOS=1.0	watchOS=8.0
point.filled.topleft.down.curvedto.point.bottomright.up	iOS=15.0	macOS=12.0	tvOS=15.0	visionOS=1.0	watchOS=8.0
point.topleft.down.curvedto.point.bottomright.up.fill	iOS=15.0	macOS=12.0	tvOS=15.0	visionOS=1.0	watchOS=8.0
point.topleft.down.curvedto.point.filled.bottomright.up	iOS=15.0	macOS=12.0	tvOS=15.0	visionOS=1.0	watchOS=8.0
power.circle	iOS=15.0	macOS=12.0	tvOS=15.0	visionOS=1.0	watchOS=8.0
power.circle.fill	iOS=15.0	macOS=12.0	tvOS=15.0	visionOS=1.0	watchOS=8.0
power.dotted	iOS=15.0	macOS=12.0	tvOS=15.0	visionOS=1.0	watchOS=8.0
powerplug	iOS=15.0	macOS=12.0	tvOS=15.0	visionOS=1.0	watchOS=8.0
powerplug.fill	iOS=15.0	macOS=12.0	tvOS=15.0	visionOS=1.0	watchOS=8.0
printer.dotmatrix.filled.and.paper	iOS=15.0	macOS=12.0	tvOS=15.0	visionOS=1.0	watchOS=8.0
printer.filled.and.paper	iOS=15.0	macOS=12.0	tvOS=15.0	visionOS=1.0	watchOS=8.0
puzzlepiece.extension	iOS=15.0	macOS=12.0	tvOS=15.0	visionOS=1.0	watchOS=8.0
puzzlepiece.extension.fill	iOS=15.0	macOS=12.0	tvOS=15.0	visionOS=1.0	watchOS=8.0
questionmark.app	iOS=15.0	macOS=12.0	tvOS=15.0	visionOS=1.0	watchOS=8.0
questionmark.app.ar	iOS=15.0	macOS=12.0	tvOS=15.0	visionOS=1.0	watchOS=8.0
questionmark.app.dashed	iOS=15.0	macOS=12.0	tvOS=15.0	visionOS=1.0	watchOS=8.0
questionmark.app.dashed.ar	iOS=15.0	macOS=12.0	tvOS=15.0	visionOS=1.0	watchOS=8.0
questionmark.app.fill	iOS=15.0	macOS=12.0	tvOS=15.0	visionOS=1.0	watchOS=8.0
questionmark.app.fill.ar	iOS=15.0	macOS=12.0	tvOS=15.0	visionOS=1.0	watchOS=8.0
quote.closing	iOS=15.0	macOS=12.0	tvOS=15.0	visionOS=1.0	watchOS=8.0
quote.opening	iOS=15.0	macOS=12.0	tvOS=15.0	visionOS=1.0	watchOS=8.0
r.joystick.press.down	iOS=15.0	macOS=12.0	tvOS=15.0	visionOS=1.0	watchOS=8.0
r.joystick.press.down.fill	iOS=15.0	macOS=12.0	tvOS=15.0	visionOS=1.0	watchOS=8.0
r.joystick.tilt.down	iOS=15.0	macOS=12.0	tvOS=15.0	visionOS=1.0	watchOS=8.0
r.joystick.tilt.down.fill	iOS=15.0	macOS=12.0	tvOS=15.0	visionOS=1.0	watchOS=8.0
r.joystick.tilt.left	iOS=15.0	macOS=12.0	tvOS=15.0	visionOS=1.0	watchOS=8.0
r.joystick.tilt.left.fill	iOS=15.0	macOS=12.0	tvOS=15.0	visionOS=1.0	watchOS=8.0
r.joystick.tilt.right	iOS=15.0	macOS=12.0	tvOS=15.0	visionOS=1.0	watchOS=8.0
r.joystick.tilt.right.fill	iOS=15.0	macOS=12.0	tvOS=15.0	visionOS=1.0	watchOS=8.0
r.joystick.tilt.up	iOS=15.0	macOS=12.0	tvOS=15.0	visionOS=1.0	watchOS=8.0
r.joystick.tilt.up.fill	iOS=15.0	macOS=12.0	tvOS=15.0	visionOS=1.0	watchOS=8.0
r.square.on.square.fill	iOS=15.0	macOS=12.0	tvOS=15.0	visionOS=1.0	watchOS=8.0
rectangle.2.swap	iOS=15.0	macOS=12.0	tvOS=15.0	visionOS=1.0	watchOS=8.0
rectangle.3.group	iOS=15.0	macOS=12.0	tvOS=15.0	visionOS=1.0	watchOS=8.0
rectangle.3.group.bubble.left	iOS=15.0	macOS=12.0	tvOS=15.0	visionOS=1.0	watchOS=8.0
rectangle.3.group.bubble.left.fill	iOS=15.0	macOS=12.0	tvOS=15.0	visionOS=1.0	watchOS=8.0
rectangle.3.group.fill	iOS=15.0	macOS=12.0	tvOS=15.0	visionOS=1.0	watchOS=8.0
rectangle.and.hand.point.up.left	iOS=15.0	macOS=12.0	tvOS=15.0	visionOS=1.0	watchOS=8.0
rectangle.and.hand.point.up.left.fill	iOS=15.0	macOS=12.0	tvOS=15.0	visionOS=1.0	watchOS=8.0
rectangle.and.hand.point.up.left.filled	iOS=15.0	macOS=12.0	tvOS=15.0	visionOS=1.0	watchOS=8.0
rectangle.bottomhalf.filled	iOS=15.0	macOS=12.0	tvOS=15.0	visionOS=1.0	watchOS=8.0
rectangle.bottomhalf.inset.filled	iOS=15.0	macOS=12.0	tvOS=15.0	visionOS=1.0	watchOS=8.0
rectangle.bottomthird.inset.filled	iOS=15.0	macOS=12.0	tvOS=15.0	visionOS=1.0	watchOS=8.0
rectangle.center.inset.filled	iOS=15.0	macOS=12.0	tvOS=15.0	visionOS=1.0	watchOS=8.0
rectangle.center.inset.filled.badge.plus	iOS=15.0	macOS=12.0	tvOS=15.0	visionOS=1.0	watchOS=8.0
rectangle.filled.and.hand.point.up.left	iOS=15.0	macOS=12.0	tvOS=15.0	visionOS=1.0	watchOS=8.0
rectangle.inset.bottomleading.filled	iOS=15.0	macOS=12.0	tvOS=15.0	visionOS=1.0	watchOS=8.0
rectangle.inset.bottomleft.filled	iOS=15.0	macOS=12.0	tvOS=15.0	visionOS=1.0	watchOS=8.0
rectangle.inset.bottomright.filled	iOS=15.0	macOS=12.0	tvOS=15.0	visionOS=1.0	watchOS=8.0
rectangle.inset.bottomtrailing.filled	iOS=15.0	macOS=12.0	tvOS=15.0	visionOS=1.0	watchOS=8.0
rectangle.inset.filled	iOS=15.0	macOS=12.0	tvOS=15.0	visionOS=1.0	watchOS=8.0
rectangle.inset.filled.and.person.filled	iOS=15.0	macOS=12.0	tvOS=15.0	visionOS=1.0	watchOS=8.0
rectangle.inset.filled.on.rectangle	iOS=15.0	macOS=12.0	tvOS=15.0	visionOS=1.0	watchOS=8.0
rectangle.inset.topleading.filled	iOS=15.0	macOS=12.0	tvOS=15.0	visionOS=1.0	watchOS=8.0
rectangle.inset.topleft.filled	iOS=15.0	macOS=12.0	tvOS=15.0	visionOS=1.0	watchOS=8.0
rectangle.inset.topright.filled	iOS=15.0	macOS=12.0	tvOS=15.0	visionOS=1.0	watchOS=8.0
rectangle.inset.toptrailing.filled	iOS=15.0	macOS=12.0	tvOS=15.0	visionOS=1.0	watchOS=8.0
rectangle.leadinghalf.inset.filled	iOS=15.0	macOS=12.0	tvOS=15.0	visionOS=1.0	watchOS=8.0
rectangle.leadinghalf.inset.filled.arrow.leading	iOS=15.0	macOS=12.0	tvOS=15.0	visionOS=1.0	watchOS=8.0
rectangle.leadingthird.inset.filled	iOS=15.0	macOS=12.0	tvOS=15.0	visionOS=1.0	watchOS=8.0
rectangle.lefthalf.filled	iOS=15.0	macOS=12.0	tvOS=15.0	visionOS=1.0	watchOS=8.0
rectangle.lefthalf.inset.filled	iOS=15.0	macOS=12.0	tvOS=15.0	visionOS=1.0	watchOS=8.0
rectangle.lefthalf.inset.filled.arrow.left	iOS=15.0	macOS=12.0	tvOS=15.0	visionOS=1.0	watchOS=8.0
rectangle.leftthird.inset.filled	iOS=15.0	macOS=12.0	tvOS=15.0	visionOS=1.0	watchOS=8.0
rectangle.on.rectangle.circle	iOS=15.0	macOS=12.0	tvOS=15.0	visionOS=1.0	watchOS=8.0
rectangle.on.rectangle.circle.fill	iOS=15.0	macOS=12.0	tvOS=15.0	visionOS=1.0	watchOS=8.0
rectangle.on.rectangle.slash.circle	iOS=15.0	macOS=12.0	tvOS=15.0	visionOS=1.0	watchOS=8.0
rectangle.on.rectangle.slash.circle.fill	iOS=15.0	macOS=12.0	tvOS=15.0	visionOS=1.0	watchOS=8.0
rectangle.on.rectangle.slash.fill	iOS=15.0	macOS=12.0	tvOS=15.0	visionOS=1.0	watchOS=8.0
rectangle.on.rectangle.square	iOS=15.0	macOS=12.0	tvOS=15.0	visionOS=1.0	watchOS=8.0
rectangle.on.rectangle.square.fill	iOS=15.0	macOS=12.0	tvOS=15.0	visionOS=1.0	watchOS=8.0
rectangle.portrait.and.arrow.right	iOS=15.0	macOS=12.0	tvOS=15.0	visionOS=1.0	watchOS=8.0
rectangle.portrait.and.arrow.right.fill	iOS=15.0	macOS=12.0	tvOS=15.0	visionOS=1.0	watchOS=8.0
rectangle.portrait.bottomhalf.filled	iOS=15.0	macOS=12.0	tvOS=15.0	visionOS=1.0	watchOS=8.0
rectangle.portrait.bottomhalf.inset.filled	iOS=15.0	macOS=12.0	tvOS=15.0	visionOS=1.0	watchOS=8.0
rectangle.portrait.bottomleading.inset.filled	iOS=15.0	macOS=12.0	tvOS=15.0	visionOS=1.0	watchOS=8.0
rectangle.portrait.bottomleft.inset.filled	iOS=15.0	macOS=12.0	tvOS=15.0	visionOS=1.0	watchOS=8.0
rectangle.portrait.bottomright.inset.filled	iOS=15.0	macOS=12.0	tvOS=15.0	visionOS=1.0	watchOS=8.0
rectangle.portrait.bottomthird.inset.filled	iOS=15.0	macOS=12.0	tvOS=15.0	visionOS=1.0	watchOS=8.0
rectangle.portrait.bottomtrailing.inset.filled	iOS=15.0	macOS=12.0	tvOS=15.0	visionOS=1.0	watchOS=8.0
rectangle.portrait.center.inset.filled	iOS=15.0	macOS=12.0	tvOS=15.0	visionOS=1.0	watchOS=8.0
rectangle.portrait.inset.filled	iOS=15.0	macOS=12.0	tvOS=15.0	visionOS=1.0	watchOS=8.0
rectangle.portrait.leadinghalf.inset.filled	iOS=15.0	macOS=12.0	tvOS=15.0	visionOS=1.0	watchOS=8.0
rectangle.portrait.leadingthird.inset.filled	iOS=15.0	macOS=12.0	tvOS=15.0	visionOS=1.0	watchOS=8.0
rectangle.portrait.lefthalf.filled	iOS=15.0	macOS=12.0	tvOS=15.0	visionOS=1.0	watchOS=8.0
rectangle.portrait.lefthalf.inset.filled	iOS=15.0	macOS=12.0	tvOS=15.0	visionOS=1.0	watchOS=8.0
rectangle.portrait.leftthird.inset.filled	iOS=15.0	macOS=12.0	tvOS=15.0	visionOS=1.0	watchOS=8.0
rectangle.portrait.on.rectangle.portrait	iOS=15.0	macOS=12.0	tvOS=15.0	visionOS=1.0	watchOS=8.0
rectangle.portrait.on.rectangle.portrait.fill	iOS=15.0	macOS=12.0	tvOS=15.0	visionOS=1.0	watchOS=8.0
rectangle.portrait.on.rectangle.portrait.slash	iOS=15.0	macOS=12.0	tvOS=15.0	visionOS=1.0	watchOS=8.0
rectangle.portrait.on.rectangle.portrait.slash.fill	iOS=15.0	macOS=12.0	tvOS=15.0	visionOS=1.0	watchOS=8.0
rectangle.portrait.righthalf.filled	iOS=15.0	macOS=12.0	tvOS=15.0	visionOS=1.0	watchOS=8.0
rectangle.portrait.righthalf.inset.filled	iOS=15.0	macOS=12.0	tvOS=15.0	visionOS=1.0	watchOS=8.0
rectangle.portrait.rightthird.inset.filled	iOS=15.0	macOS=12.0	tvOS=15.0	visionOS=1.0	watchOS=8.0
rectangle.portrait.slash	iOS=15.0	macOS=12.0	tvOS=15.0	visionOS=1.0	watchOS=8.0
rectangle.portrait.slash.fill	iOS=15.0	macOS=12.0	tvOS=15.0	visionOS=1.0	watchOS=8.0
rectangle.portrait.split.2x1	iOS=15.0	macOS=12.0	tvOS=15.0	visionOS=1.0	watchOS=8.0
rectangle.portrait.split.2x1.fill	iOS=15.0	macOS=12.0	tvOS=15.0	visionOS=1.0	watchOS=8.0
rectangle.portrait.split.2x1.slash	iOS=15.0	macOS=12.0	tvOS=15.0	visionOS=1.0	watchOS=8.0
rectangle.portrait.split.2x1.slash.fill	iOS=15.0	macOS=12.0	tvOS=15.0	visionOS=1.0	watchOS=8.0
rectangle.portrait.tophalf.filled	iOS=15.0	macOS=12.0	tvOS=15.0	visionOS=1.0	watchOS=8.0
rectangle.portrait.tophalf.inset.filled	iOS=15.0	macOS=12.0	tvOS=15.0	visionOS=1.0	watchOS=8.0
rectangle.portrait.topleading.inset.filled	iOS=15.0	macOS=12.0	tvOS=15.0	visionOS=1.0	watchOS=8.0
rectangle.portrait.topleft.inset.filled	iOS=15.0	macOS=12.0	tvOS=15.0	visionOS=1.0	watchOS=8.0
rectangle.portrait.topright.inset.filled	iOS=15.0	macOS=12.0	tvOS=15.0	visionOS=1.0	watchOS=8.0
rectangle.portrait.topthird.inset.filled	iOS=15.0	macOS=12.0	tvOS=15.0	visionOS=1.0	watchOS=8.0
rectangle.portrait.toptrailing.inset.filled	iOS=15.0	macOS=12.0	tvOS=15.0	visionOS=1.0	watchOS=8.0
rectangle.portrait.trailinghalf.inset.filled	iOS=15.0	macOS=12.0	tvOS=15.0	visionOS=1.0	watchOS=8.0
rectangle.portrait.trailingthird.inset.filled	iOS=15.0	macOS=12.0	tvOS=15.0	visionOS=1.0	watchOS=8.0
rectangle.righthalf.filled	iOS=15.0	macOS=12.0	tvOS=15.0	visionOS=1.0	watchOS=8.0
rectangle.righthalf.inset.filled	iOS=15.0	macOS=12.0	tvOS=15.0	visionOS=1.0	watchOS=8.0
rectangle.righthalf.inset.filled.arrow.right	iOS=15.0	macOS=12.0	tvOS=15.0	visionOS=1.0	watchOS=8.0
rectangle.rightthird.inset.filled	iOS=15.0	macOS=12.0	tvOS=15.0	visionOS=1.0	watchOS=8.0
rectangle.split.2x1.slash	iOS=15.0	macOS=12.0	tvOS=15.0	visionOS=1.0	watchOS=8.0
rectangle.split.2x1.slash.fill	iOS=15.0	macOS=12.0	tvOS=15.0	visionOS=1.0	watchOS=8.0
rectangle.stack.badge.person.crop.fill	iOS=15.0	macOS=12.0	tvOS=15.0	visionOS=1.0	watchOS=8.0
rectangle.stack.badge.play	iOS=15.0	macOS=12.0	tvOS=15.0	visionOS=1.0	watchOS=8.0
rectangle.stack.badge.play.fill	iOS=15.0	macOS=12.0	tvOS=15.0	visionOS=1.0	watchOS=8.0
rectangle.tophalf.filled	iOS=15.0	macOS=12.0	tvOS=15.0	visionOS=1.0	watchOS=8.0
rectangle.tophalf.inset.filled	iOS=15.0	macOS=12.0	tvOS=15.0	visionOS=1.0	watchOS=8.0
rectangle.topthird.inset.filled	iOS=15.0	macOS=12.0	tvOS=15.0	visionOS=1.0	watchOS=8.0
rectangle.trailinghalf.inset.filled	iOS=15.0	macOS=12.0	tvOS=15.0	visionOS=1.0	watchOS=8.0
rectangle.trailinghalf.inset.filled.arrow.trailing	iOS=15.0	macOS=12.0	tvOS=15.0	visionOS=1.0	watchOS=8.0
rectangle.trailingthird.inset.filled	iOS=15.0	macOS=12.0	tvOS=15.0	visionOS=1.0	watchOS=8.0
repeat.1.ar	iOS=15.0	macOS=12.0	tvOS=15.0	visionOS=1.0	watchOS=8.0
repeat.1.circle.ar	iOS=15.0	macOS=12.0	tvOS=15.0	visionOS=1.0	watchOS=8.0
repeat.1.circle.fill.ar	iOS=15.0	macOS=12.0	tvOS=15.0	visionOS=1.0	watchOS=8.0
repeat.1.circle.fill.hi	iOS=15.0	macOS=12.0	tvOS=15.0	visionOS=1.0	watchOS=8.0
repeat.1.circle.hi	iOS=15.0	macOS=12.0	tvOS=15.0	visionOS=1.0	watchOS=8.0
repeat.1.hi	iOS=15.0	macOS=12.0	tvOS=15.0	visionOS=1.0	watchOS=8.0
restart.circle.fill	iOS=15.0	macOS=12.0	tvOS=15.0	visionOS=1.0	watchOS=8.0
return.left	iOS=15.0	macOS=12.0	tvOS=15.0	visionOS=1.0	watchOS=8.0
return.right	iOS=15.0	macOS=12.0	tvOS=15.0	visionOS=1.0	watchOS=8.0
scissors.circle	iOS=15.0	macOS=12.0	tvOS=15.0	visionOS=1.0	watchOS=8.0
scissors.circle.fill	iOS=15.0	macOS=12.0	tvOS=15.0	visionOS=1.0	watchOS=8.0
scooter	iOS=15.0	macOS=12.0	tvOS=15.0	visionOS=1.0	watchOS=8.0
screwdriver	iOS=15.0	macOS=12.0	tvOS=15.0	visionOS=1.0	watchOS=8.0
screwdriver.fill	iOS=15.0	macOS=12.0	tvOS=15.0	visionOS=1.0	watchOS=8.0
sensor.tag.radiowaves.forward	iOS=15.0	macOS=12.0	tvOS=15.0	visionOS=1.0	watchOS=8.0
sensor.tag.radiowaves.forward.fill	iOS=15.0	macOS=12.0	tvOS=15.0	visionOS=1.0	watchOS=8.0
shareplay	iOS=15.0	macOS=12.0	tvOS=15.0	visionOS=1.0	watchOS=8.0
shareplay.slash	iOS=15.0	macOS=12.0	tvOS=15.0	visionOS=1.0	watchOS=8.0
shield.lefthalf.filled	iOS=15.0	macOS=12.0	tvOS=15.0	visionOS=1.0	watchOS=8.0
shield.lefthalf.filled.slash	iOS=15.0	macOS=12.0	tvOS=15.0	visionOS=1.0	watchOS=8.0
shield.righthalf.filled	iOS=15.0	macOS=12.0	tvOS=15.0	visionOS=1.0	watchOS=8.0
shippingbox.circle	iOS=15.0	macOS=12.0	tvOS=15.0	visionOS=1.0	watchOS=8.0
shippingbox.circle.fill	iOS=15.0	macOS=12.0	tvOS=15.0	visionOS=1.0	watchOS=8.0
signature.ja	iOS=15.0	macOS=12.0	tvOS=15.0	visionOS=1.0	watchOS=8.0
signature.th	iOS=15.0	macOS=12.0	tvOS=15.0	visionOS=1.0	watchOS=8.0
signature.zh	iOS=15.0	macOS=12.0	tvOS=15.0	visionOS=1.0	watchOS=8.0
sleep.circle	iOS=15.0	macOS=12.0	tvOS=15.0	visionOS=1.0	watchOS=8.0
sleep.circle.fill	iOS=15.0	macOS=12.0	tvOS=15.0	visionOS=1.0	watchOS=8.0
slider.horizontal.2.rectangle.and.arrow.triangle.2.circlepath	iOS=15.0	macOS=12.0	tvOS=15.0	visionOS=1.0	watchOS=8.0
slider.horizontal.below.square.filled.and.square	iOS=15.0	macOS=12.0	tvOS=15.0	visionOS=1.0	watchOS=8.0
smallcircle.filled.circle	iOS=15.0	macOS=12.0	tvOS=15.0	visionOS=1.0	watchOS=8.0
smallcircle.filled.circle.fill	iOS=15.0	macOS=12.0	tvOS=15.0	visionOS=1.0	watchOS=8.0
snowflake	iOS=15.0	macOS=12.0	tvOS=15.0	visionOS=1.0	watchOS=8.0
snowflake.circle	iOS=15.0	macOS=12.0	tvOS=15.0	visionOS=1.0	watchOS=8.0
snowflake.circle.fill	iOS=15.0	macOS=12.0	tvOS=15.0	visionOS=1.0	watchOS=8.0
sparkle.magnifyingglass	iOS=15.0	macOS=12.0	tvOS=15.0	visionOS=1.0	watchOS=8.0
sparkles.square.filled.on.square	iOS=15.0	macOS=12.0	tvOS=15.0	visionOS=1.0	watchOS=8.0
sparkles.tv	iOS=15.0	macOS=12.0	tvOS=15.0	visionOS=1.0	watchOS=8.0
sparkles.tv.fill	iOS=15.0	macOS=12.0	tvOS=15.0	visionOS=1.0	watchOS=8.0
speaker.badge.exclamationmark	iOS=15.0	macOS=12.0	tvOS=15.0	visionOS=1.0	watchOS=8.0
speaker.badge.exclamationmark.fill	iOS=15.0	macOS=12.0	tvOS=15.0	visionOS=1.0	watchOS=8.0
speaker.circle	iOS=15.0	macOS=12.0	tvOS=15.0	visionOS=1.0	watchOS=8.0
speaker.circle.fill	iOS=15.0	macOS=12.0	tvOS=15.0	visionOS=1.0	watchOS=8.0
square.2.stack.3d.bottom.filled	iOS=15.0	macOS=12.0	tvOS=15.0	visionOS=1.0	watchOS=8.0
square.2.stack.3d.top.filled	iOS=15.0	macOS=12.0	tvOS=15.0	visionOS=1.0	watchOS=8.0
square.3.stack.3d.bottom.filled	iOS=15.0	macOS=12.0	tvOS=15.0	visionOS=1.0	watchOS=8.0
square.3.stack.3d.middle.filled	iOS=15.0	macOS=12.0	tvOS=15.0	visionOS=1.0	watchOS=8.0
square.3.stack.3d.top.filled	iOS=15.0	macOS=12.0	tvOS=15.0	visionOS=1.0	watchOS=8.0
square.and.arrow.up.circle	iOS=15.0	macOS=12.0	tvOS=15.0	visionOS=1.0	watchOS=8.0
square.and.arrow.up.circle.fill	iOS=15.0	macOS=12.0	tvOS=15.0	visionOS=1.0	watchOS=8.0
square.and.arrow.up.trianglebadge.exclamationmark	iOS=15.0	macOS=12.0	tvOS=15.0	visionOS=1.0	watchOS=8.0
square.and.at.rectangle.fill	iOS=15.0	macOS=12.0	tvOS=15.0	visionOS=1.0	watchOS=8.0
square.and.line.vertical.and.square.filled	iOS=15.0	macOS=12.0	tvOS=15.0	visionOS=1.0	watchOS=8.0
square.bottomhalf.filled	iOS=15.0	macOS=12.0	tvOS=15.0	visionOS=1.0	watchOS=8.0
square.dashed.inset.filled	iOS=15.0	macOS=12.0	tvOS=15.0	visionOS=1.0	watchOS=8.0
square.fill.and.line.vertical.and.square.fill	iOS=15.0	macOS=12.0	tvOS=15.0	visionOS=1.0	watchOS=8.0
square.filled.and.line.vertical.and.square	iOS=15.0	macOS=12.0	tvOS=15.0	visionOS=1.0	watchOS=8.0
square.filled.on.square	iOS=15.0	macOS=12.0	tvOS=15.0	visionOS=1.0	watchOS=8.0
square.grid.3x1.below.line.grid.1x2.fill	iOS=15.0	macOS=12.0	tvOS=15.0	visionOS=1.0	watchOS=8.0
square.grid.3x3.bottomleft.filled	iOS=15.0	macOS=12.0	tvOS=15.0	visionOS=1.0	watchOS=8.0
square.grid.3x3.bottommiddle.filled	iOS=15.0	macOS=12.0	tvOS=15.0	visionOS=1.0	watchOS=8.0
square.grid.3x3.bottomright.filled	iOS=15.0	macOS=12.0	tvOS=15.0	visionOS=1.0	watchOS=8.0
square.grid.3x3.middle.filled	iOS=15.0	macOS=12.0	tvOS=15.0	visionOS=1.0	watchOS=8.0
square.grid.3x3.middleleft.filled	iOS=15.0	macOS=12.0	tvOS=15.0	visionOS=1.0	watchOS=8.0
square.grid.3x3.middleright.filled	iOS=15.0	macOS=12.0	tvOS=15.0	visionOS=1.0	watchOS=8.0
square.grid.3x3.square	iOS=15.0	macOS=12.0	tvOS=15.0	visionOS=1.0	watchOS=8.0
square.grid.3x3.topleft.filled	iOS=15.0	macOS=12.0	tvOS=15.0	visionOS=1.0	watchOS=8.0
square.grid.3x3.topmiddle.filled	iOS=15.0	macOS=12.0	tvOS=15.0	visionOS=1.0	watchOS=8.0
square.grid.3x3.topright.filled	iOS=15.0	macOS=12.0	tvOS=15.0	visionOS=1.0	watchOS=8.0
square.inset.filled	iOS=15.0	macOS=12.0	tvOS=15.0	visionOS=1.0	watchOS=8.0
square.lefthalf.filled	iOS=15.0	macOS=12.0	tvOS=15.0	visionOS=1.0	watchOS=8.0
square.righthalf.filled	iOS=15.0	macOS=12.0	tvOS=15.0	visionOS=1.0	watchOS=8.0
square.text.square	iOS=15.0	macOS=12.0	tvOS=15.0	visionOS=1.0	watchOS=8.0
square.text.square.fill	iOS=15.0	macOS=12.0	tvOS=15.0	visionOS=1.0	watchOS=8.0
square.tophalf.filled	iOS=15.0	macOS=12.0	tvOS=15.0	visionOS=1.0	watchOS=8.0
star.bubble	iOS=15.0	macOS=12.0	tvOS=15.0	visionOS=1.0	watchOS=8.0
star.bubble.fill	iOS=15.0	macOS=12.0	tvOS=15.0	visionOS=1.0	watchOS=8.0
star.leadinghalf.filled	iOS=15.0	macOS=12.0	tvOS=15.0	visionOS=1.0	watchOS=8.0
stethoscope.circle	iOS=15.0	macOS=12.0	tvOS=15.0	visionOS=1.0	watchOS=8.0
stethoscope.circle.fill	iOS=15.0	macOS=12.0	tvOS=15.0	visionOS=1.0	watchOS=8.0
suitcase	iOS=15.0	macOS=12.0	tvOS=15.0	visionOS=1.0	watchOS=8.0
suitcase.cart	iOS=15.0	macOS=12.0	tvOS=15.0	visionOS=1.0	watchOS=8.0
suitcase.cart.fill	iOS=15.0	macOS=12.0	tvOS=15.0	visionOS=1.0	watchOS=8.0
suitcase.fill	iOS=15.0	macOS=12.0	tvOS=15.0	visionOS=1.0	watchOS=8.0
sun.and.horizon	iOS=15.0	macOS=12.0	tvOS=15.0	visionOS=1.0	watchOS=8.0
sun.and.horizon.fill	iOS=15.0	macOS=12.0	tvOS=15.0	visionOS=1.0	watchOS=8.0
sun.max.circle	iOS=15.0	macOS=12.0	tvOS=15.0	visionOS=1.0	watchOS=8.0
sun.max.circle.fill	iOS=15.0	macOS=12.0	tvOS=15.0	visionOS=1.0	watchOS=8.0
tablecells.fill.badge.ellipsis	iOS=15.0	macOS=12.0	tvOS=15.0	visionOS=1.0	watchOS=8.0
tag.square	iOS=15.0	macOS=12.0	tvOS=15.0	visionOS=1.0	watchOS=8.0
tag.square.fill	iOS=15.0	macOS=12.0	tvOS=15.0	visionOS=1.0	watchOS=8.0
takeoutbag.and.cup.and.straw	iOS=15.0	macOS=12.0	tvOS=15.0	visionOS=1.0	watchOS=8.0
takeoutbag.and.cup.and.straw.fill	iOS=15.0	macOS=12.0	tvOS=15.0	visionOS=1.0	watchOS=8.0
teletype.answer.circle	iOS=15.0	macOS=12.0	tvOS=15.0	visionOS=1.0	watchOS=8.0
teletype.answer.circle.fill	iOS=15.0	macOS=12.0	tvOS=15.0	visionOS=1.0	watchOS=8.0
testtube.2	iOS=15.0	macOS=12.0	tvOS=15.0	visionOS=1.0	watchOS=8.0
text.viewfinder	iOS=15.0	macOS=12.0	tvOS=15.0	visionOS=1.0	watchOS=8.0
textformat.123.hi	iOS=15.0	macOS=12.0	tvOS=15.0	visionOS=1.0	watchOS=8.0
theatermasks	iOS=15.0	macOS=12.0	tvOS=15.0	visionOS=1.0	watchOS=8.0
theatermasks.circle	iOS=15.0	macOS=12.0	tvOS=15.0	visionOS=1.0	watchOS=8.0
theatermasks.circle.fill	iOS=15.0	macOS=12.0	tvOS=15.0	visionOS=1.0	watchOS=8.0
theatermasks.fill	iOS=15.0	macOS=12.0	tvOS=15.0	visionOS=1.0	watchOS=8.0
train.side.front.car	iOS=15.0	macOS=12.0	tvOS=15.0	visionOS=1.0	watchOS=8.0
train.side.middle.car	iOS=15.0	macOS=12.0	tvOS=15.0	visionOS=1.0	watchOS=8.0
train.side.rear.car	iOS=15.0	macOS=12.0	tvOS=15.0	visionOS=1.0	watchOS=8.0
tram.fill.tunnel	iOS=15.0	macOS=12.0	tvOS=15.0	visionOS=1.0	watchOS=8.0
trapezoid.and.line.horizontal	iOS=15.0	macOS=12.0	tvOS=15.0	visionOS=1.0	watchOS=8.0
trapezoid.and.line.horizontal.fill	iOS=15.0	macOS=12.0	tvOS=15.0	visionOS=1.0	watchOS=8.0
trapezoid.and.line.vertical	iOS=15.0	macOS=12.0	tvOS=15.0	visionOS=1.0	watchOS=8.0
trapezoid.and.line.vertical.fill	iOS=15.0	macOS=12.0	tvOS=15.0	visionOS=1.0	watchOS=8.0
trash.slash.circle	iOS=15.0	macOS=12.0	tvOS=15.0	visionOS=1.0	watchOS=8.0
trash.slash.circle.fill	iOS=15.0	macOS=12.0	tvOS=15.0	visionOS=1.0	watchOS=8.0
trash.slash.square	iOS=15.0	macOS=12.0	tvOS=15.0	visionOS=1.0	watchOS=8.0
trash.slash.square.fill	iOS=15.0	macOS=12.0	tvOS=15.0	visionOS=1.0	watchOS=8.0
trash.square	iOS=15.0	macOS=12.0	tvOS=15.0	visionOS=1.0	watchOS=8.0
trash.square.fill	iOS=15.0	macOS=12.0	tvOS=15.0	visionOS=1.0	watchOS=8.0
triangle.bottomhalf.filled	iOS=15.0	macOS=12.0	tvOS=15.0	visionOS=1.0	watchOS=8.0
triangle.inset.filled	iOS=15.0	macOS=12.0	tvOS=15.0	visionOS=1.0	watchOS=8.0
triangle.lefthalf.filled	iOS=15.0	macOS=12.0	tvOS=15.0	visionOS=1.0	watchOS=8.0
triangle.righthalf.filled	iOS=15.0	macOS=12.0	tvOS=15.0	visionOS=1.0	watchOS=8.0
triangle.tophalf.filled	iOS=15.0	macOS=12.0	tvOS=15.0	visionOS=1.0	watchOS=8.0
tshirt	iOS=15.0	macOS=12.0	tvOS=15.0	visionOS=1.0	watchOS=8.0
tshirt.fill	iOS=15.0	macOS=12.0	tvOS=15.0	visionOS=1.0	watchOS=8.0
tv.inset.filled	iOS=15.0	macOS=12.0	tvOS=15.0	visionOS=1.0	watchOS=8.0
video.and.waveform	iOS=15.0	macOS=12.0	tvOS=15.0	visionOS=1.0	watchOS=8.0
video.and.waveform.fill	iOS=15.0	macOS=12.0	tvOS=15.0	visionOS=1.0	watchOS=8.0
video.badge.ellipsis	iOS=15.0	macOS=12.0	tvOS=15.0	visionOS=1.0	watchOS=8.0
video.fill.badge.ellipsis	iOS=15.0	macOS=12.0	tvOS=15.0	visionOS=1.0	watchOS=8.0
video.square	iOS=15.0	macOS=12.0	tvOS=15.0	visionOS=1.0	watchOS=8.0
video.square.fill	iOS=15.0	macOS=12.0	tvOS=15.0	visionOS=1.0	watchOS=8.0
wake.circle	iOS=15.0	macOS=12.0	tvOS=15.0	visionOS=1.0	watchOS=8.0
wake.circle.fill	iOS=15.0	macOS=12.0	tvOS=15.0	visionOS=1.0	watchOS=8.0
watchface.applewatch.case	iOS=15.0	macOS=12.0	tvOS=15.0	visionOS=1.0	watchOS=8.0
waveform.and.magnifyingglass	iOS=15.0	macOS=12.0	tvOS=15.0	visionOS=1.0	watchOS=8.0
waveform.and.mic	iOS=15.0	macOS=12.0	tvOS=15.0	visionOS=1.0	watchOS=8.0
waveform.badge.exclamationmark	iOS=15.0	macOS=12.0	tvOS=15.0	visionOS=1.0	watchOS=8.0
waveform.badge.minus	iOS=15.0	macOS=12.0	tvOS=15.0	visionOS=1.0	watchOS=8.0
waveform.badge.plus	iOS=15.0	macOS=12.0	tvOS=15.0	visionOS=1.0	watchOS=8.0
wifi.circle	iOS=15.0	macOS=12.0	tvOS=15.0	visionOS=1.0	watchOS=8.0
wifi.circle.fill	iOS=15.0	macOS=12.0	tvOS=15.0	visionOS=1.0	watchOS=8.0
wifi.square	iOS=15.0	macOS=12.0	tvOS=15.0	visionOS=1.0	watchOS=8.0
wifi.square.fill	iOS=15.0	macOS=12.0	tvOS=15.0	visionOS=1.0	watchOS=8.0
xmark.app	iOS=15.0	macOS=12.0	tvOS=15.0	visionOS=1.0	watchOS=8.0
xmark.app.fill	iOS=15.0	macOS=12.0	tvOS=15.0	visionOS=1.0	watchOS=8.0
bolt.ring.closed	iOS=15.1	macOS=12.0	tvOS=15.1	visionOS=1.0	watchOS=8.1
platter.filled.bottom.and.arrow.down.iphone	iOS=15.1	macOS=12.0	tvOS=15.1	visionOS=1.0	watchOS=8.1
platter.filled.bottom.iphone	iOS=15.1	macOS=12.0	tvOS=15.1	visionOS=1.0	watchOS=8.1
platter.filled.top.and.arrow.up.iphone	iOS=15.1	macOS=12.0	tvOS=15.1	visionOS=1.0	watchOS=8.1
platter.filled.top.iphone	iOS=15.1	macOS=12.0	tvOS=15.1	visionOS=1.0	watchOS=8.1
square.3.layers.3d.down.backward	iOS=15.1	macOS=12.0	tvOS=15.1	visionOS=1.0	watchOS=8.1
square.3.layers.3d.down.forward	iOS=15.1	macOS=12.0	tvOS=15.1	visionOS=1.0	watchOS=8.1
square.3.layers.3d.down.left	iOS=15.1	macOS=12.0	tvOS=15.1	visionOS=1.0	watchOS=8.1
square.3.layers.3d.down.right	iOS=15.1	macOS=12.0	tvOS=15.1	visionOS=1.0	watchOS=8.1
text.justify.leading	iOS=15.1	macOS=12.0	tvOS=15.1	visionOS=1.0	watchOS=8.1
text.justify.left	iOS=15.1	macOS=12.0	tvOS=15.1	visionOS=1.0	watchOS=8.1
text.justify.right	iOS=15.1	macOS=12.0	tvOS=15.1	visionOS=1.0	watchOS=8.1
text.justify.trailing	iOS=15.1	macOS=12.0	tvOS=15.1	visionOS=1.0	watchOS=8.1
airpod.gen3.left	iOS=15.2	macOS=12.1	tvOS=15.2	visionOS=1.0	watchOS=8.3
airpod.gen3.right	iOS=15.2	macOS=12.1	tvOS=15.2	visionOS=1.0	watchOS=8.3
airpods.gen3	iOS=15.2	macOS=12.1	tvOS=15.2	visionOS=1.0	watchOS=8.3
airpods.gen3.chargingcase.wireless	iOS=15.2	macOS=12.1	tvOS=15.2	visionOS=1.0	watchOS=8.3
airpods.gen3.chargingcase.wireless.fill	iOS=15.2	macOS=12.1	tvOS=15.2	visionOS=1.0	watchOS=8.3
beats.fit.pro	iOS=15.2	macOS=12.1	tvOS=15.2	visionOS=1.0	watchOS=8.3
beats.fit.pro.chargingcase	iOS=15.2	macOS=12.1	tvOS=15.2	visionOS=1.0	watchOS=8.3
beats.fit.pro.chargingcase.fill	iOS=15.2	macOS=12.1	tvOS=15.2	visionOS=1.0	watchOS=8.3
beats.fit.pro.left	iOS=15.2	macOS=12.1	tvOS=15.2	visionOS=1.0	watchOS=8.3
beats.fit.pro.right	iOS=15.2	macOS=12.1	tvOS=15.2	visionOS=1.0	watchOS=8.3
rectangle.leadinghalf.filled	iOS=15.2	macOS=12.1	tvOS=15.2	visionOS=1.0	watchOS=8.3
rectangle.trailinghalf.filled	iOS=15.2	macOS=12.1	tvOS=15.2	visionOS=1.0	watchOS=8.3
square.3.layers.3d.down.left.slash	iOS=15.2	macOS=12.1	tvOS=15.2	visionOS=1.0	watchOS=8.3
square.3.layers.3d.down.right.slash	iOS=15.2	macOS=12.1	tvOS=15.2	visionOS=1.0	watchOS=8.3
square.3.stack.3d.slash	iOS=15.2	macOS=12.1	tvOS=15.2	visionOS=1.0	watchOS=8.3
camera.macro	iOS=15.4	macOS=12.3	tvOS=15.4	visionOS=1.0	watchOS=8.5
camera.macro.circle	iOS=15.4	macOS=12.3	tvOS=15.4	visionOS=1.0	watchOS=8.5
camera.macro.circle.fill	iOS=15.4	macOS=12.3	tvOS=15.4	visionOS=1.0	watchOS=8.5
dots.and.line.vertical.and.cursorarrow.rectangle	iOS=15.4	macOS=12.3	tvOS=15.4	visionOS=1.0	watchOS=8.5
key.viewfinder	iOS=15.4	macOS=12.3	tvOS=15.4	visionOS=1.0	watchOS=8.5
person.badge.key	iOS=15.4	macOS=12.3	tvOS=15.4	visionOS=1.0	watchOS=8.5
person.badge.key.fill	iOS=15.4	macOS=12.3	tvOS=15.4	visionOS=1.0	watchOS=8.5
abs.brakesignal	iOS=16.0	macOS=13.0	tvOS=16.0	visionOS=1.0	watchOS=9.0
air.conditioner.horizontal	iOS=16.0	macOS=13.0	tvOS=16.0	visionOS=1.0	watchOS=9.0
air.conditioner.horizontal.fill	iOS=16.0	macOS=13.0	tvOS=16.0	visionOS=1.0	watchOS=9.0
air.conditioner.vertical	iOS=16.0	macOS=13.0	tvOS=16.0	visionOS=1.0	watchOS=9.0
air.conditioner.vertical.fill	iOS=16.0	macOS=13.0	tvOS=16.0	visionOS=1.0	watchOS=9.0
air.purifier	iOS=16.0	macOS=13.0	tvOS=16.0	visionOS=1.0	watchOS=9.0
air.purifier.fill	iOS=16.0	macOS=13.0	tvOS=16.0	visionOS=1.0	watchOS=9.0
alarm.waves.left.and.right	iOS=16.0	macOS=13.0	tvOS=16.0	visionOS=1.0	watchOS=9.0
alarm.waves.left.and.right.fill	iOS=16.0	macOS=13.0	tvOS=16.0	visionOS=1.0	watchOS=9.0
allergens.fill	iOS=16.0	macOS=13.0	tvOS=16.0	visionOS=1.0	watchOS=9.0
angle	iOS=16.0	macOS=13.0	tvOS=16.0	visionOS=1.0	watchOS=9.0
apple.logo	iOS=16.0	macOS=13.0	tvOS=16.0	visionOS=1.0	watchOS=9.0
arrow.down.and.line.horizontal.and.arrow.up	iOS=16.0	macOS=13.0	tvOS=16.0	visionOS=1.0	watchOS=9.0
arrow.down.message	iOS=16.0	macOS=13.0	tvOS=16.0	visionOS=1.0	watchOS=9.0
arrow.down.message.fill	iOS=16.0	macOS=13.0	tvOS=16.0	visionOS=1.0	watchOS=9.0
arrow.left.and.line.vertical.and.arrow.right	iOS=16.0	macOS=13.0	tvOS=16.0	visionOS=1.0	watchOS=9.0
arrow.left.and.right.text.vertical	iOS=16.0	macOS=13.0	tvOS=16.0	visionOS=1.0	watchOS=9.0
arrow.right.and.line.vertical.and.arrow.left	iOS=16.0	macOS=13.0	tvOS=16.0	visionOS=1.0	watchOS=9.0
arrow.up.and.down.and.sparkles	iOS=16.0	macOS=13.0	tvOS=16.0	visionOS=1.0	watchOS=9.0
arrow.up.and.down.text.horizontal	iOS=16.0	macOS=13.0	tvOS=16.0	visionOS=1.0	watchOS=9.0
arrow.up.and.line.horizontal.and.arrow.down	iOS=16.0	macOS=13.0	tvOS=16.0	visionOS=1.0	watchOS=9.0
arrow.up.circle.badge.clock	iOS=16.0	macOS=13.0	tvOS=16.0	visionOS=1.0	watchOS=9.0
arrowshape.backward	iOS=16.0	macOS=13.0	tvOS=16.0	visionOS=1.0	watchOS=9.0
arrowshape.backward.fill	iOS=16.0	macOS=13.0	tvOS=16.0	visionOS=1.0	watchOS=9.0
arrowshape.forward	iOS=16.0	macOS=13.0	tvOS=16.0	visionOS=1.0	watchOS=9.0
arrowshape.forward.fill	iOS=16.0	macOS=13.0	tvOS=16.0	visionOS=1.0	watchOS=9.0
arrowshape.left	iOS=16.0	macOS=13.0	tvOS=16.0	visionOS=1.0	watchOS=9.0
arrowshape.left.fill	iOS=16.0	macOS=13.0	tvOS=16.0	visionOS=1.0	watchOS=9.0
arrowshape.right	iOS=16.0	macOS=13.0	tvOS=16.0	visionOS=1.0	watchOS=9.0
arrowshape.right.fill	iOS=16.0	macOS=13.0	tvOS=16.0	visionOS=1.0	watchOS=9.0
arrowshape.turn.up.backward.badge.clock	iOS=16.0	macOS=13.0	tvOS=16.0	visionOS=1.0	watchOS=9.0
arrowshape.turn.up.backward.badge.clock.fill	iOS=16.0	macOS=13.0	tvOS=16.0	visionOS=1.0	watchOS=9.0
arrowshape.turn.up.backward.badge.clock.fill.rtl	iOS=16.0	macOS=13.0	tvOS=16.0	visionOS=1.0	watchOS=9.0
arrowshape.turn.up.backward.badge.clock.rtl	iOS=16.0	macOS=13.0	tvOS=16.0	visionOS=1.0	watchOS=9.0
australsign	iOS=16.0	macOS=13.0	tvOS=16.0	visionOS=1.0	watchOS=9.0
av.remote	iOS=16.0	macOS=13.0	tvOS=16.0	visionOS=1.0	watchOS=9.0
av.remote.fill	iOS=16.0	macOS=13.0	tvOS=16.0	visionOS=1.0	watchOS=9.0
backpack	iOS=16.0	macOS=13.0	tvOS=16.0	visionOS=1.0	watchOS=9.0
backpack.fill	iOS=16.0	macOS=13.0	tvOS=16.0	visionOS=1.0	watchOS=9.0
backward.end.circle	iOS=16.0	macOS=13.0	tvOS=16.0	visionOS=1.0	watchOS=9.0
backward.end.circle.fill	iOS=16.0	macOS=13.0	tvOS=16.0	visionOS=1.0	watchOS=9.0
bag.badge.questionmark	iOS=16.0	macOS=13.0	tvOS=16.0	visionOS=1.0	watchOS=9.0
bag.badge.questionmark.ar	iOS=16.0	macOS=13.0	tvOS=16.0	visionOS=1.0	watchOS=9.0
bag.fill.badge.questionmark	iOS=16.0	macOS=13.0	tvOS=16.0	visionOS=1.0	watchOS=9.0
bag.fill.badge.questionmark.ar	iOS=16.0	macOS=13.0	tvOS=16.0	visionOS=1.0	watchOS=9.0
bahtsign	iOS=16.0	macOS=13.0	tvOS=16.0	visionOS=1.0	watchOS=9.0
balloon	iOS=16.0	macOS=13.0	tvOS=16.0	visionOS=1.0	watchOS=9.0
balloon.2	iOS=16.0	macOS=13.0	tvOS=16.0	visionOS=1.0	watchOS=9.0
balloon.2.fill	iOS=16.0	macOS=13.0	tvOS=16.0	visionOS=1.0	watchOS=9.0
balloon.fill	iOS=16.0	macOS=13.0	tvOS=16.0	visionOS=1.0	watchOS=9.0
baseball	iOS=16.0	macOS=13.0	tvOS=16.0	visionOS=1.0	watchOS=9.0
baseball.circle	iOS=16.0	macOS=13.0	tvOS=16.0	visionOS=1.0	watchOS=9.0
baseball.circle.fill	iOS=16.0	macOS=13.0	tvOS=16.0	visionOS=1.0	watchOS=9.0
baseball.diamond.bases	iOS=16.0	macOS=13.0	tvOS=16.0	visionOS=1.0	watchOS=9.0
baseball.fill	iOS=16.0	macOS=13.0	tvOS=16.0	visionOS=1.0	watchOS=9.0
basket	iOS=16.0	macOS=13.0	tvOS=16.0	visionOS=1.0	watchOS=9.0
basket.fill	iOS=16.0	macOS=13.0	tvOS=16.0	visionOS=1.0	watchOS=9.0
basketball	iOS=16.0	macOS=13.0	tvOS=16.0	visionOS=1.0	watchOS=9.0
basketball.circle	iOS=16.0	macOS=13.0	tvOS=16.0	visionOS=1.0	watchOS=9.0
basketball.circle.fill	iOS=16.0	macOS=13.0	tvOS=16.0	visionOS=1.0	watchOS=9.0
basketball.fill	iOS=16.0	macOS=13.0	tvOS=16.0	visionOS=1.0	watchOS=9.0
bathtub	iOS=16.0	macOS=13.0	tvOS=16.0	visionOS=1.0	watchOS=9.0
bathtub.fill	iOS=16.0	macOS=13.0	tvOS=16.0	visionOS=1.0	watchOS=9.0
battery.100.circle	iOS=16.0	macOS=13.0	tvOS=16.0	visionOS=1.0	watchOS=9.0
battery.100.circle.fill	iOS=16.0	macOS=13.0	tvOS=16.0	visionOS=1.0	watchOS=9.0
beach.umbrella	iOS=16.0	macOS=13.0	tvOS=16.0	visionOS=1.0	watchOS=9.0
beach.umbrella.fill	iOS=16.0	macOS=13.0	tvOS=16.0	visionOS=1.0	watchOS=9.0
bell.and.waves.left.and.right	iOS=16.0	macOS=13.0	tvOS=16.0	visionOS=1.0	watchOS=9.0
bell.and.waves.left.and.right.fill	iOS=16.0	macOS=13.0	tvOS=16.0	visionOS=1.0	watchOS=9.0
bird	iOS=16.0	macOS=13.0	tvOS=16.0	visionOS=1.0	watchOS=9.0
bird.fill	iOS=16.0	macOS=13.0	tvOS=16.0	visionOS=1.0	watchOS=9.0
birthday.cake	iOS=16.0	macOS=13.0	tvOS=16.0	visionOS=1.0	watchOS=9.0
birthday.cake.fill	iOS=16.0	macOS=13.0	tvOS=16.0	visionOS=1.0	watchOS=9.0
bitcoinsign	iOS=16.0	macOS=13.0	tvOS=16.0	visionOS=1.0	watchOS=9.0
blinds.horizontal.closed	iOS=16.0	macOS=13.0	tvOS=16.0	visionOS=1.0	watchOS=9.0
blinds.horizontal.open	iOS=16.0	macOS=13.0	tvOS=16.0	visionOS=1.0	watchOS=9.0
blinds.vertical.closed	iOS=16.0	macOS=13.0	tvOS=16.0	visionOS=1.0	watchOS=9.0
blinds.vertical.open	iOS=16.0	macOS=13.0	tvOS=16.0	visionOS=1.0	watchOS=9.0
bolt.badge.clock	iOS=16.0	macOS=13.0	tvOS=16.0	visionOS=1.0	watchOS=9.0
bolt.badge.clock.fill	iOS=16.0	macOS=13.0	tvOS=16.0	visionOS=1.0	watchOS=9.0
bolt.brakesignal	iOS=16.0	macOS=13.0	tvOS=16.0	visionOS=1.0	watchOS=9.0
box.truck	iOS=16.0	macOS=13.0	tvOS=16.0	visionOS=1.0	watchOS=9.0
box.truck.badge.clock	iOS=16.0	macOS=13.0	tvOS=16.0	visionOS=1.0	watchOS=9.0
box.truck.badge.clock.fill	iOS=16.0	macOS=13.0	tvOS=16.0	visionOS=1.0	watchOS=9.0
box.truck.badge.clock.fill.rtl	iOS=16.0	macOS=13.0	tvOS=16.0	visionOS=1.0	watchOS=9.0
box.truck.badge.clock.rtl	iOS=16.0	macOS=13.0	tvOS=16.0	visionOS=1.0	watchOS=9.0
box.truck.fill	iOS=16.0	macOS=13.0	tvOS=16.0	visionOS=1.0	watchOS=9.0
brakesignal	iOS=16.0	macOS=13.0	tvOS=16.0	visionOS=1.0	watchOS=9.0
brakesignal.dashed	iOS=16.0	macOS=13.0	tvOS=16.0	visionOS=1.0	watchOS=9.0
brazilianrealsign	iOS=16.0	macOS=13.0	tvOS=16.0	visionOS=1.0	watchOS=9.0
bubbles.and.sparkles	iOS=16.0	macOS=13.0	tvOS=16.0	visionOS=1.0	watchOS=9.0
bubbles.and.sparkles.fill	iOS=16.0	macOS=13.0	tvOS=16.0	visionOS=1.0	watchOS=9.0
button.programmable	iOS=16.0	macOS=13.0	tvOS=16.0	visionOS=1.0	watchOS=9.0
button.programmable.square	iOS=16.0	macOS=13.0	tvOS=16.0	visionOS=1.0	watchOS=9.0
button.programmable.square.fill	iOS=16.0	macOS=13.0	tvOS=16.0	visionOS=1.0	watchOS=9.0
cabinet	iOS=16.0	macOS=13.0	tvOS=16.0	visionOS=1.0	watchOS=9.0
cabinet.fill	iOS=16.0	macOS=13.0	tvOS=16.0	visionOS=1.0	watchOS=9.0
carbon.dioxide.cloud	iOS=16.0	macOS=13.0	tvOS=16.0	visionOS=1.0	watchOS=9.0
carbon.dioxide.cloud.fill	iOS=16.0	macOS=13.0	tvOS=16.0	visionOS=1.0	watchOS=9.0
carbon.monoxide.cloud	iOS=16.0	macOS=13.0	tvOS=16.0	visionOS=1.0	watchOS=9.0
carbon.monoxide.cloud.fill	iOS=16.0	macOS=13.0	tvOS=16.0	visionOS=1.0	watchOS=9.0
carrot	iOS=16.0	macOS=13.0	tvOS=16.0	visionOS=1.0	watchOS=9.0
carrot.fill	iOS=16.0	macOS=13.0	tvOS=16.0	visionOS=1.0	watchOS=9.0
cart.badge.questionmark	iOS=16.0	macOS=13.0	tvOS=16.0	visionOS=1.0	watchOS=9.0
cart.badge.questionmark.ar	iOS=16.0	macOS=13.0	tvOS=16.0	visionOS=1.0	watchOS=9.0
cart.badge.questionmark.rtl	iOS=16.0	macOS=13.0	tvOS=16.0	visionOS=1.0	watchOS=9.0
cart.fill.badge.questionmark	iOS=16.0	macOS=13.0	tvOS=16.0	visionOS=1.0	watchOS=9.0
cart.fill.badge.questionmark.ar	iOS=16.0	macOS=13.0	tvOS=16.0	visionOS=1.0	watchOS=9.0
cart.fill.badge.questionmark.rtl	iOS=16.0	macOS=13.0	tvOS=16.0	visionOS=1.0	watchOS=9.0
cedisign	iOS=16.0	macOS=13.0	tvOS=16.0	visionOS=1.0	watchOS=9.0
cellularbars	iOS=16.0	macOS=13.0	tvOS=16.0	visionOS=1.0	watchOS=9.0
centsign	iOS=16.0	macOS=13.0	tvOS=16.0	visionOS=1.0	watchOS=9.0
chair	iOS=16.0	macOS=13.0	tvOS=16.0	visionOS=1.0	watchOS=9.0
chair.fill	iOS=16.0	macOS=13.0	tvOS=16.0	visionOS=1.0	watchOS=9.0
chair.lounge	iOS=16.0	macOS=13.0	tvOS=16.0	visionOS=1.0	watchOS=9.0
chair.lounge.fill	iOS=16.0	macOS=13.0	tvOS=16.0	visionOS=1.0	watchOS=9.0
chandelier	iOS=16.0	macOS=13.0	tvOS=16.0	visionOS=1.0	watchOS=9.0
chandelier.fill	iOS=16.0	macOS=13.0	tvOS=16.0	visionOS=1.0	watchOS=9.0
character.duployan	iOS=16.0	macOS=13.0	tvOS=16.0	visionOS=1.0	watchOS=9.0
character.phonetic	iOS=16.0	macOS=13.0	tvOS=16.0	visionOS=1.0	watchOS=9.0
character.sutton	iOS=16.0	macOS=13.0	tvOS=16.0	visionOS=1.0	watchOS=9.0
chart.line.downtrend.xyaxis	iOS=16.0	macOS=13.0	tvOS=16.0	visionOS=1.0	watchOS=9.0
chart.line.downtrend.xyaxis.circle	iOS=16.0	macOS=13.0	tvOS=16.0	visionOS=1.0	watchOS=9.0
chart.line.downtrend.xyaxis.circle.fill	iOS=16.0	macOS=13.0	tvOS=16.0	visionOS=1.0	watchOS=9.0
chart.line.flattrend.xyaxis	iOS=16.0	macOS=13.0	tvOS=16.0	visionOS=1.0	watchOS=9.0
chart.line.flattrend.xyaxis.circle	iOS=16.0	macOS=13.0	tvOS=16.0	visionOS=1.0	watchOS=9.0
chart.line.flattrend.xyaxis.circle.fill	iOS=16.0	macOS=13.0	tvOS=16.0	visionOS=1.0	watchOS=9.0
checklist.checked	iOS=16.0	macOS=13.0	tvOS=16.0	visionOS=1.0	watchOS=9.0
checklist.checked.rtl	iOS=16.0	macOS=13.0	tvOS=16.0	visionOS=1.0	watchOS=9.0
checklist.unchecked	iOS=16.0	macOS=13.0	tvOS=16.0	visionOS=1.0	watchOS=9.0
checkmark.circle.badge.questionmark	iOS=16.0	macOS=13.0	tvOS=16.0	visionOS=1.0	watchOS=9.0
checkmark.circle.badge.questionmark.ar	iOS=16.0	macOS=13.0	tvOS=16.0	visionOS=1.0	watchOS=9.0
checkmark.circle.badge.questionmark.fill	iOS=16.0	macOS=13.0	tvOS=16.0	visionOS=1.0	watchOS=9.0
checkmark.circle.badge.questionmark.fill.ar	iOS=16.0	macOS=13.0	tvOS=16.0	visionOS=1.0	watchOS=9.0
checkmark.circle.badge.xmark	iOS=16.0	macOS=13.0	tvOS=16.0	visionOS=1.0	watchOS=9.0
checkmark.circle.badge.xmark.fill	iOS=16.0	macOS=13.0	tvOS=16.0	visionOS=1.0	watchOS=9.0
checkmark.message	iOS=16.0	macOS=13.0	tvOS=16.0	visionOS=1.0	watchOS=9.0
checkmark.message.fill	iOS=16.0	macOS=13.0	tvOS=16.0	visionOS=1.0	watchOS=9.0
chevron.backward.to.line	iOS=16.0	macOS=13.0	tvOS=16.0	visionOS=1.0	watchOS=9.0
chevron.forward.to.line	iOS=16.0	macOS=13.0	tvOS=16.0	visionOS=1.0	watchOS=9.0
chevron.left.to.line	iOS=16.0	macOS=13.0	tvOS=16.0	visionOS=1.0	watchOS=9.0
chevron.right.to.line	iOS=16.0	macOS=13.0	tvOS=16.0	visionOS=1.0	watchOS=9.0
circle.dashed.rectangle	iOS=16.0	macOS=13.0	tvOS=16.0	visionOS=1.0	watchOS=9.0
circle.filled.pattern.diagonalline.rectangle	iOS=16.0	macOS=13.0	tvOS=16.0	visionOS=1.0	watchOS=9.0
circle.rectangle.dashed	iOS=16.0	macOS=13.0	tvOS=16.0	visionOS=1.0	watchOS=9.0
circle.rectangle.filled.pattern.diagonalline	iOS=16.0	macOS=13.0	tvOS=16.0	visionOS=1.0	watchOS=9.0
clipboard	iOS=16.0	macOS=13.0	tvOS=16.0	visionOS=1.0	watchOS=9.0
clipboard.fill	iOS=16.0	macOS=13.0	tvOS=16.0	visionOS=1.0	watchOS=9.0
clock.badge	iOS=16.0	macOS=13.0	tvOS=16.0	visionOS=1.0	watchOS=9.0
clock.badge.fill	iOS=16.0	macOS=13.0	tvOS=16.0	visionOS=1.0	watchOS=9.0
clock.badge.questionmark	iOS=16.0	macOS=13.0	tvOS=16.0	visionOS=1.0	watchOS=9.0
clock.badge.questionmark.ar	iOS=16.0	macOS=13.0	tvOS=16.0	visionOS=1.0	watchOS=9.0
clock.badge.questionmark.fill	iOS=16.0	macOS=13.0	tvOS=16.0	visionOS=1.0	watchOS=9.0
clock.badge.questionmark.fill.ar	iOS=16.0	macOS=13.0	tvOS=16.0	visionOS=1.0	watchOS=9.0
clock.badge.xmark	iOS=16.0	macOS=13.0	tvOS=16.0	visionOS=1.0	watchOS=9.0
clock.badge.xmark.fill	iOS=16.0	macOS=13.0	tvOS=16.0	visionOS=1.0	watchOS=9.0
cloud.bolt.circle	iOS=16.0	macOS=13.0	tvOS=16.0	visionOS=1.0	watchOS=9.0
cloud.bolt.circle.fill	iOS=16.0	macOS=13.0	tvOS=16.0	visionOS=1.0	watchOS=9.0
cloud.bolt.rain.circle	iOS=16.0	macOS=13.0	tvOS=16.0	visionOS=1.0	watchOS=9.0
cloud.bolt.rain.circle.fill	iOS=16.0	macOS=13.0	tvOS=16.0	visionOS=1.0	watchOS=9.0
cloud.circle	iOS=16.0	macOS=13.0	tvOS=16.0	visionOS=1.0	watchOS=9.0
cloud.circle.fill	iOS=16.0	macOS=13.0	tvOS=16.0	visionOS=1.0	watchOS=9.0
cloud.drizzle.circle	iOS=16.0	macOS=13.0	tvOS=16.0	visionOS=1.0	watchOS=9.0
cloud.drizzle.circle.fill	iOS=16.0	macOS=13.0	tvOS=16.0	visionOS=1.0	watchOS=9.0
cloud.fog.circle	iOS=16.0	macOS=13.0	tvOS=16.0	visionOS=1.0	watchOS=9.0
cloud.fog.circle.fill	iOS=16.0	macOS=13.0	tvOS=16.0	visionOS=1.0	watchOS=9.0
cloud.hail.circle	iOS=16.0	macOS=13.0	tvOS=16.0	visionOS=1.0	watchOS=9.0
cloud.hail.circle.fill	iOS=16.0	macOS=13.0	tvOS=16.0	visionOS=1.0	watchOS=9.0
cloud.heavyrain.circle	iOS=16.0	macOS=13.0	tvOS=16.0	visionOS=1.0	watchOS=9.0
cloud.heavyrain.circle.fill	iOS=16.0	macOS=13.0	tvOS=16.0	visionOS=1.0	watchOS=9.0
cloud.moon.bolt.circle	iOS=16.0	macOS=13.0	tvOS=16.0	visionOS=1.0	watchOS=9.0
cloud.moon.bolt.circle.fill	iOS=16.0	macOS=13.0	tvOS=16.0	visionOS=1.0	watchOS=9.0
cloud.moon.circle	iOS=16.0	macOS=13.0	tvOS=16.0	visionOS=1.0	watchOS=9.0
cloud.moon.circle.fill	iOS=16.0	macOS=13.0	tvOS=16.0	visionOS=1.0	watchOS=9.0
cloud.moon.rain.circle	iOS=16.0	macOS=13.0	tvOS=16.0	visionOS=1.0	watchOS=9.0
cloud.moon.rain.circle.fill	iOS=16.0	macOS=13.0	tvOS=16.0	visionOS=1.0	watchOS=9.0
cloud.rain.circle	iOS=16.0	macOS=13.0	tvOS=16.0	visionOS=1.0	watchOS=9.0
cloud.rain.circle.fill	iOS=16.0	macOS=13.0	tvOS=16.0	visionOS=1.0	watchOS=9.0
cloud.sleet.circle	iOS=16.0	macOS=13.0	tvOS=16.0	visionOS=1.0	watchOS=9.0
cloud.sleet.circle.fill	iOS=16.0	macOS=13.0	tvOS=16.0	visionOS=1.0	watchOS=9.0
cloud.snow.circle	iOS=16.0	macOS=13.0	tvOS=16.0	visionOS=1.0	watchOS=9.0
cloud.snow.circle.fill	iOS=16.0	macOS=13.0	tvOS=16.0	visionOS=1.0	watchOS=9.0
cloud.sun.bolt.circle	iOS=16.0	macOS=13.0	tvOS=16.0	visionOS=1.0	watchOS=9.0
cloud.sun.bolt.circle.fill	iOS=16.0	macOS=13.0	tvOS=16.0	visionOS=1.0	watchOS=9.0
cloud.sun.circle	iOS=16.0	macOS=13.0	tvOS=16.0	visionOS=1.0	watchOS=9.0
cloud.sun.circle.fill	iOS=16.0	macOS=13.0	tvOS=16.0	visionOS=1.0	watchOS=9.0
cloud.sun.rain.circle	iOS=16.0	macOS=13.0	tvOS=16.0	visionOS=1.0	watchOS=9.0
cloud.sun.rain.circle.fill	iOS=16.0	macOS=13.0	tvOS=16.0	visionOS=1.0	watchOS=9.0
coloncurrencysign	iOS=16.0	macOS=13.0	tvOS=16.0	visionOS=1.0	watchOS=9.0
compass.drawing	iOS=16.0	macOS=13.0	tvOS=16.0	visionOS=1.0	watchOS=9.0
contact.sensor	iOS=16.0	macOS=13.0	tvOS=16.0	visionOS=1.0	watchOS=9.0
contact.sensor.fill	iOS=16.0	macOS=13.0	tvOS=16.0	visionOS=1.0	watchOS=9.0
cooktop	iOS=16.0	macOS=13.0	tvOS=16.0	visionOS=1.0	watchOS=9.0
cooktop.fill	iOS=16.0	macOS=13.0	tvOS=16.0	visionOS=1.0	watchOS=9.0
creditcard.viewfinder	iOS=16.0	macOS=13.0	tvOS=16.0	visionOS=1.0	watchOS=9.0
cricket.ball	iOS=16.0	macOS=13.0	tvOS=16.0	visionOS=1.0	watchOS=9.0
cricket.ball.circle	iOS=16.0	macOS=13.0	tvOS=16.0	visionOS=1.0	watchOS=9.0
cricket.ball.circle.fill	iOS=16.0	macOS=13.0	tvOS=16.0	visionOS=1.0	watchOS=9.0
cricket.ball.fill	iOS=16.0	macOS=13.0	tvOS=16.0	visionOS=1.0	watchOS=9.0
cruzeirosign	iOS=16.0	macOS=13.0	tvOS=16.0	visionOS=1.0	watchOS=9.0
cursorarrow.square.fill	iOS=16.0	macOS=13.0	tvOS=16.0	visionOS=1.0	watchOS=9.0
curtains.closed	iOS=16.0	macOS=13.0	tvOS=16.0	visionOS=1.0	watchOS=9.0
curtains.open	iOS=16.0	macOS=13.0	tvOS=16.0	visionOS=1.0	watchOS=9.0
dehumidifier	iOS=16.0	macOS=13.0	tvOS=16.0	visionOS=1.0	watchOS=9.0
dehumidifier.fill	iOS=16.0	macOS=13.0	tvOS=16.0	visionOS=1.0	watchOS=9.0
deskview	iOS=16.0	macOS=13.0	tvOS=16.0	visionOS=1.0	watchOS=9.0
deskview.fill	iOS=16.0	macOS=13.0	tvOS=16.0	visionOS=1.0	watchOS=9.0
dial.high	iOS=16.0	macOS=13.0	tvOS=16.0	visionOS=1.0	watchOS=9.0
dial.high.fill	iOS=16.0	macOS=13.0	tvOS=16.0	visionOS=1.0	watchOS=9.0
dial.low	iOS=16.0	macOS=13.0	tvOS=16.0	visionOS=1.0	watchOS=9.0
dial.low.fill	iOS=16.0	macOS=13.0	tvOS=16.0	visionOS=1.0	watchOS=9.0
dial.medium	iOS=16.0	macOS=13.0	tvOS=16.0	visionOS=1.0	watchOS=9.0
dial.medium.fill	iOS=16.0	macOS=13.0	tvOS=16.0	visionOS=1.0	watchOS=9.0
dishwasher	iOS=16.0	macOS=13.0	tvOS=16.0	visionOS=1.0	watchOS=9.0
dishwasher.fill	iOS=16.0	macOS=13.0	tvOS=16.0	visionOS=1.0	watchOS=9.0
distribute.horizontal.center	iOS=16.0	macOS=13.0	tvOS=16.0	visionOS=1.0	watchOS=9.0
distribute.horizontal.center.fill	iOS=16.0	macOS=13.0	tvOS=16.0	visionOS=1.0	watchOS=9.0
distribute.horizontal.left	iOS=16.0	macOS=13.0	tvOS=16.0	visionOS=1.0	watchOS=9.0
distribute.horizontal.left.fill	iOS=16.0	macOS=13.0	tvOS=16.0	visionOS=1.0	watchOS=9.0
distribute.horizontal.right	iOS=16.0	macOS=13.0	tvOS=16.0	visionOS=1.0	watchOS=9.0
distribute.horizontal.right.fill	iOS=16.0	macOS=13.0	tvOS=16.0	visionOS=1.0	watchOS=9.0
distribute.vertical.bottom	iOS=16.0	macOS=13.0	tvOS=16.0	visionOS=1.0	watchOS=9.0
distribute.vertical.bottom.fill	iOS=16.0	macOS=13.0	tvOS=16.0	visionOS=1.0	watchOS=9.0
distribute.vertical.center	iOS=16.0	macOS=13.0	tvOS=16.0	visionOS=1.0	watchOS=9.0
distribute.vertical.center.fill	iOS=16.0	macOS=13.0	tvOS=16.0	visionOS=1.0	watchOS=9.0
distribute.vertical.top	iOS=16.0	macOS=13.0	tvOS=16.0	visionOS=1.0	watchOS=9.0
distribute.vertical.top.fill	iOS=16.0	macOS=13.0	tvOS=16.0	visionOS=1.0	watchOS=9.0
doc.badge.arrow.up	iOS=16.0	macOS=13.0	tvOS=16.0	visionOS=1.0	watchOS=9.0
doc.badge.arrow.up.fill	iOS=16.0	macOS=13.0	tvOS=16.0	visionOS=1.0	watchOS=9.0
dollarsign	iOS=16.0	macOS=13.0	tvOS=16.0	visionOS=1.0	watchOS=9.0
dollarsign.arrow.circlepath	iOS=16.0	macOS=13.0	tvOS=16.0	visionOS=1.0	watchOS=9.0
dongsign	iOS=16.0	macOS=13.0	tvOS=16.0	visionOS=1.0	watchOS=9.0
door.french.closed	iOS=16.0	macOS=13.0	tvOS=16.0	visionOS=1.0	watchOS=9.0
door.french.open	iOS=16.0	macOS=13.0	tvOS=16.0	visionOS=1.0	watchOS=9.0
door.garage.closed	iOS=16.0	macOS=13.0	tvOS=16.0	visionOS=1.0	watchOS=9.0
door.garage.closed.trianglebadge.exclamationmark	iOS=16.0	macOS=13.0	tvOS=16.0	visionOS=1.0	watchOS=9.0
door.garage.double.bay.closed	iOS=16.0	macOS=13.0	tvOS=16.0	visionOS=1.0	watchOS=9.0
door.garage.double.bay.closed.trianglebadge.exclamationmark	iOS=16.0	macOS=13.0	tvOS=16.0	visionOS=1.0	watchOS=9.0
door.garage.double.bay.open	iOS=16.0	macOS=13.0	tvOS=16.0	visionOS=1.0	watchOS=9.0
door.garage.double.bay.open.trianglebadge.exclamationmark	iOS=16.0	macOS=13.0	tvOS=16.0	visionOS=1.0	watchOS=9.0
door.garage.open	iOS=16.0	macOS=13.0	tvOS=16.0	visionOS=1.0	watchOS=9.0
door.garage.open.trianglebadge.exclamationmark	iOS=16.0	macOS=13.0	tvOS=16.0	visionOS=1.0	watchOS=9.0
door.left.hand.closed	iOS=16.0	macOS=13.0	tvOS=16.0	visionOS=1.0	watchOS=9.0
door.left.hand.open	iOS=16.0	macOS=13.0	tvOS=16.0	visionOS=1.0	watchOS=9.0
door.right.hand.closed	iOS=16.0	macOS=13.0	tvOS=16.0	visionOS=1.0	watchOS=9.0
door.right.hand.open	iOS=16.0	macOS=13.0	tvOS=16.0	visionOS=1.0	watchOS=9.0
door.sliding.left.hand.closed	iOS=16.0	macOS=13.0	tvOS=16.0	visionOS=1.0	watchOS=9.0
door.sliding.left.hand.open	iOS=16.0	macOS=13.0	tvOS=16.0	visionOS=1.0	watchOS=9.0
door.sliding.right.hand.closed	iOS=16.0	macOS=13.0	tvOS=16.0	visionOS=1.0	watchOS=9.0
door.sliding.right.hand.open	iOS=16.0	macOS=13.0	tvOS=16.0	visionOS=1.0	watchOS=9.0
drop.degreesign	iOS=16.0	macOS=13.0	tvOS=16.0	visionOS=1.0	watchOS=9.0
drop.degreesign.fill	iOS=16.0	macOS=13.0	tvOS=16.0	visionOS=1.0	watchOS=9.0
drop.degreesign.slash	iOS=16.0	macOS=13.0	tvOS=16.0	visionOS=1.0	watchOS=9.0
drop.degreesign.slash.fill	iOS=16.0	macOS=13.0	tvOS=16.0	visionOS=1.0	watchOS=9.0
drop.degreesign.slash.fill.rtl	iOS=16.0	macOS=13.0	tvOS=16.0	visionOS=1.0	watchOS=9.0
drop.degreesign.slash.rtl	iOS=16.0	macOS=13.0	tvOS=16.0	visionOS=1.0	watchOS=9.0
drop.keypad.rectangle	iOS=16.0	macOS=13.0	tvOS=16.0	visionOS=1.0	watchOS=9.0
drop.keypad.rectangle.fill	iOS=16.0	macOS=13.0	tvOS=16.0	visionOS=1.0	watchOS=9.0
dryer	iOS=16.0	macOS=13.0	tvOS=16.0	visionOS=1.0	watchOS=9.0
dryer.fill	iOS=16.0	macOS=13.0	tvOS=16.0	visionOS=1.0	watchOS=9.0
dumbbell	iOS=16.0	macOS=13.0	tvOS=16.0	visionOS=1.0	watchOS=9.0
dumbbell.fill	iOS=16.0	macOS=13.0	tvOS=16.0	visionOS=1.0	watchOS=9.0
ellipsis.message	iOS=16.0	macOS=13.0	tvOS=16.0	visionOS=1.0	watchOS=9.0
ellipsis.message.fill	iOS=16.0	macOS=13.0	tvOS=16.0	visionOS=1.0	watchOS=9.0
entry.lever.keypad	iOS=16.0	macOS=13.0	tvOS=16.0	visionOS=1.0	watchOS=9.0
entry.lever.keypad.fill	iOS=16.0	macOS=13.0	tvOS=16.0	visionOS=1.0	watchOS=9.0
entry.lever.keypad.trianglebadge.exclamationmark	iOS=16.0	macOS=13.0	tvOS=16.0	visionOS=1.0	watchOS=9.0
entry.lever.keypad.trianglebadge.exclamationmark.fill	iOS=16.0	macOS=13.0	tvOS=16.0	visionOS=1.0	watchOS=9.0
envelope.open.badge.clock	iOS=16.0	macOS=13.0	tvOS=16.0	visionOS=1.0	watchOS=9.0
eraser	iOS=16.0	macOS=13.0	tvOS=16.0	visionOS=1.0	watchOS=9.0
eraser.fill	iOS=16.0	macOS=13.0	tvOS=16.0	visionOS=1.0	watchOS=9.0
eraser.line.dashed	iOS=16.0	macOS=13.0	tvOS=16.0	visionOS=1.0	watchOS=9.0
eraser.line.dashed.fill	iOS=16.0	macOS=13.0	tvOS=16.0	visionOS=1.0	watchOS=9.0
eurosign	iOS=16.0	macOS=13.0	tvOS=16.0	visionOS=1.0	watchOS=9.0
exclamationmark.brakesignal	iOS=16.0	macOS=13.0	tvOS=16.0	visionOS=1.0	watchOS=9.0
exclamationmark.lock	iOS=16.0	macOS=13.0	tvOS=16.0	visionOS=1.0	watchOS=9.0
exclamationmark.lock.fill	iOS=16.0	macOS=13.0	tvOS=16.0	visionOS=1.0	watchOS=9.0
exclamationmark.questionmark	iOS=16.0	macOS=13.0	tvOS=16.0	visionOS=1.0	watchOS=9.0
exclamationmark.questionmark.ar	iOS=16.0	macOS=13.0	tvOS=16.0	visionOS=1.0	watchOS=9.0
externaldrive.badge.exclamationmark	iOS=16.0	macOS=13.0	tvOS=16.0	visionOS=1.0	watchOS=9.0
externaldrive.badge.questionmark	iOS=16.0	macOS=13.0	tvOS=16.0	visionOS=1.0	watchOS=9.0
externaldrive.badge.questionmark.ar	iOS=16.0	macOS=13.0	tvOS=16.0	visionOS=1.0	watchOS=9.0
externaldrive.fill.badge.exclamationmark	iOS=16.0	macOS=13.0	tvOS=16.0	visionOS=1.0	watchOS=9.0
externaldrive.fill.badge.questionmark	iOS=16.0	macOS=13.0	tvOS=16.0	visionOS=1.0	watchOS=9.0
externaldrive.fill.badge.questionmark.ar	iOS=16.0	macOS=13.0	tvOS=16.0	visionOS=1.0	watchOS=9.0
externaldrive.fill.trianglebadge.exclamationmark	iOS=16.0	macOS=13.0	tvOS=16.0	visionOS=1.0	watchOS=9.0
externaldrive.trianglebadge.exclamationmark	iOS=16.0	macOS=13.0	tvOS=16.0	visionOS=1.0	watchOS=9.0
face.smiling.inverse	iOS=16.0	macOS=13.0	tvOS=16.0	visionOS=1.0	watchOS=9.0
fan.and.light.ceiling	iOS=16.0	macOS=13.0	tvOS=16.0	visionOS=1.0	watchOS=9.0
fan.and.light.ceiling.fill	iOS=16.0	macOS=13.0	tvOS=16.0	visionOS=1.0	watchOS=9.0
fan.ceiling	iOS=16.0	macOS=13.0	tvOS=16.0	visionOS=1.0	watchOS=9.0
fan.ceiling.fill	iOS=16.0	macOS=13.0	tvOS=16.0	visionOS=1.0	watchOS=9.0
fan.desk	iOS=16.0	macOS=13.0	tvOS=16.0	visionOS=1.0	watchOS=9.0
fan.desk.fill	iOS=16.0	macOS=13.0	tvOS=16.0	visionOS=1.0	watchOS=9.0
fan.floor	iOS=16.0	macOS=13.0	tvOS=16.0	visionOS=1.0	watchOS=9.0
fan.floor.fill	iOS=16.0	macOS=13.0	tvOS=16.0	visionOS=1.0	watchOS=9.0
fan.oscillation	iOS=16.0	macOS=13.0	tvOS=16.0	visionOS=1.0	watchOS=9.0
fan.oscillation.fill	iOS=16.0	macOS=13.0	tvOS=16.0	visionOS=1.0	watchOS=9.0
fanblades.slash	iOS=16.0	macOS=13.0	tvOS=16.0	visionOS=1.0	watchOS=9.0
fanblades.slash.fill	iOS=16.0	macOS=13.0	tvOS=16.0	visionOS=1.0	watchOS=9.0
faxmachine.fill	iOS=16.0	macOS=13.0	tvOS=16.0	visionOS=1.0	watchOS=9.0
figure.2.and.child.holdinghands	iOS=16.0	macOS=13.0	tvOS=16.0	visionOS=1.0	watchOS=9.0
figure.2.arms.open	iOS=16.0	macOS=13.0	tvOS=16.0	visionOS=1.0	watchOS=9.0
figure.american.football	iOS=16.0	macOS=13.0	tvOS=16.0	visionOS=1.0	watchOS=9.0
figure.and.child.holdinghands	iOS=16.0	macOS=13.0	tvOS=16.0	visionOS=1.0	watchOS=9.0
figure.archery	iOS=16.0	macOS=13.0	tvOS=16.0	visionOS=1.0	watchOS=9.0
figure.arms.open	iOS=16.0	macOS=13.0	tvOS=16.0	visionOS=1.0	watchOS=9.0
figure.australian.football	iOS=16.0	macOS=13.0	tvOS=16.0	visionOS=1.0	watchOS=9.0
figure.badminton	iOS=16.0	macOS=13.0	tvOS=16.0	visionOS=1.0	watchOS=9.0
figure.barre	iOS=16.0	macOS=13.0	tvOS=16.0	visionOS=1.0	watchOS=9.0
figure.baseball	iOS=16.0	macOS=13.0	tvOS=16.0	visionOS=1.0	watchOS=9.0
figure.basketball	iOS=16.0	macOS=13.0	tvOS=16.0	visionOS=1.0	watchOS=9.0
figure.bowling	iOS=16.0	macOS=13.0	tvOS=16.0	visionOS=1.0	watchOS=9.0
figure.boxing	iOS=16.0	macOS=13.0	tvOS=16.0	visionOS=1.0	watchOS=9.0
figure.climbing	iOS=16.0	macOS=13.0	tvOS=16.0	visionOS=1.0	watchOS=9.0
figure.cooldown	iOS=16.0	macOS=13.0	tvOS=16.0	visionOS=1.0	watchOS=9.0
figure.core.training	iOS=16.0	macOS=13.0	tvOS=16.0	visionOS=1.0	watchOS=9.0
figure.cricket	iOS=16.0	macOS=13.0	tvOS=16.0	visionOS=1.0	watchOS=9.0
figure.cross.training	iOS=16.0	macOS=13.0	tvOS=16.0	visionOS=1.0	watchOS=9.0
figure.curling	iOS=16.0	macOS=13.0	tvOS=16.0	visionOS=1.0	watchOS=9.0
figure.dance	iOS=16.0	macOS=13.0	tvOS=16.0	visionOS=1.0	watchOS=9.0
figure.disc.sports	iOS=16.0	macOS=13.0	tvOS=16.0	visionOS=1.0	watchOS=9.0
figure.dress.line.vertical.figure	iOS=16.0	macOS=13.0	tvOS=16.0	visionOS=1.0	watchOS=9.0
figure.elliptical	iOS=16.0	macOS=13.0	tvOS=16.0	visionOS=1.0	watchOS=9.0
figure.equestrian.sports	iOS=16.0	macOS=13.0	tvOS=16.0	visionOS=1.0	watchOS=9.0
figure.fall	iOS=16.0	macOS=13.0	tvOS=16.0	visionOS=1.0	watchOS=9.0
figure.fall.circle	iOS=16.0	macOS=13.0	tvOS=16.0	visionOS=1.0	watchOS=9.0
figure.fall.circle.fill	iOS=16.0	macOS=13.0	tvOS=16.0	visionOS=1.0	watchOS=9.0
figure.fencing	iOS=16.0	macOS=13.0	tvOS=16.0	visionOS=1.0	watchOS=9.0
figure.fishing	iOS=16.0	macOS=13.0	tvOS=16.0	visionOS=1.0	watchOS=9.0
figure.flexibility	iOS=16.0	macOS=13.0	tvOS=16.0	visionOS=1.0	watchOS=9.0
figure.golf	iOS=16.0	macOS=13.0	tvOS=16.0	visionOS=1.0	watchOS=9.0
figure.gymnastics	iOS=16.0	macOS=13.0	tvOS=16.0	visionOS=1.0	watchOS=9.0
figure.hand.cycling	iOS=16.0	macOS=13.0	tvOS=16.0	visionOS=1.0	watchOS=9.0
figure.handball	iOS=16.0	macOS=13.0	tvOS=16.0	visionOS=1.0	watchOS=9.0
figure.highintensity.intervaltraining	iOS=16.0	macOS=13.0	tvOS=16.0	visionOS=1.0	watchOS=9.0
figure.hiking	iOS=16.0	macOS=13.0	tvOS=16.0	visionOS=1.0	watchOS=9.0
figure.hockey	iOS=16.0	macOS=13.0	tvOS=16.0	visionOS=1.0	watchOS=9.0
figure.hunting	iOS=16.0	macOS=13.0	tvOS=16.0	visionOS=1.0	watchOS=9.0
figure.indoor.cycle	iOS=16.0	macOS=13.0	tvOS=16.0	visionOS=1.0	watchOS=9.0
figure.jumprope	iOS=16.0	macOS=13.0	tvOS=16.0	visionOS=1.0	watchOS=9.0
figure.kickboxing	iOS=16.0	macOS=13.0	tvOS=16.0	visionOS=1.0	watchOS=9.0
figure.lacrosse	iOS=16.0	macOS=13.0	tvOS=16.0	visionOS=1.0	watchOS=9.0
figure.martial.arts	iOS=16.0	macOS=13.0	tvOS=16.0	visionOS=1.0	watchOS=9.0
figure.mind.and.body	iOS=16.0	macOS=13.0	tvOS=16.0	visionOS=1.0	watchOS=9.0
figure.mixed.cardio	iOS=16.0	macOS=13.0	tvOS=16.0	visionOS=1.0	watchOS=9.0
figure.open.water.swim	iOS=16.0	macOS=13.0	tvOS=16.0	visionOS=1.0	watchOS=9.0
figure.outdoor.cycle	iOS=16.0	macOS=13.0	tvOS=16.0	visionOS=1.0	watchOS=9.0
figure.pickleball	iOS=16.0	macOS=13.0	tvOS=16.0	visionOS=1.0	watchOS=9.0
figure.pilates	iOS=16.0	macOS=13.0	tvOS=16.0	visionOS=1.0	watchOS=9.0
figure.play	iOS=16.0	macOS=13.0	tvOS=16.0	visionOS=1.0	watchOS=9.0
figure.pool.swim	iOS=16.0	macOS=13.0	tvOS=16.0	visionOS=1.0	watchOS=9.0
figure.racquetball	iOS=16.0	macOS=13.0	tvOS=16.0	visionOS=1.0	watchOS=9.0
figure.roll.runningpace	iOS=16.0	macOS=13.0	tvOS=16.0	visionOS=1.0	watchOS=9.0
figure.rolling	iOS=16.0	macOS=13.0	tvOS=16.0	visionOS=1.0	watchOS=9.0
figure.rower	iOS=16.0	macOS=13.0	tvOS=16.0	visionOS=1.0	watchOS=9.0
figure.rugby	iOS=16.0	macOS=13.0	tvOS=16.0	visionOS=1.0	watchOS=9.0
figure.run	iOS=16.0	macOS=13.0	tvOS=16.0	visionOS=1.0	watchOS=9.0
figure.run.circle	iOS=16.0	macOS=13.0	tvOS=16.0	visionOS=1.0	watchOS=9.0
figure.run.circle.fill	iOS=16.0	macOS=13.0	tvOS=16.0	visionOS=1.0	watchOS=9.0
figure.sailing	iOS=16.0	macOS=13.0	tvOS=16.0	visionOS=1.0	watchOS=9.0
figure.skating	iOS=16.0	macOS=13.0	tvOS=16.0	visionOS=1.0	watchOS=9.0
figure.skiing.crosscountry	iOS=16.0	macOS=13.0	tvOS=16.0	visionOS=1.0	watchOS=9.0
figure.skiing.downhill	iOS=16.0	macOS=13.0	tvOS=16.0	visionOS=1.0	watchOS=9.0
figure.snowboarding	iOS=16.0	macOS=13.0	tvOS=16.0	visionOS=1.0	watchOS=9.0
figure.soccer	iOS=16.0	macOS=13.0	tvOS=16.0	visionOS=1.0	watchOS=9.0
figure.socialdance	iOS=16.0	macOS=13.0	tvOS=16.0	visionOS=1.0	watchOS=9.0
figure.softball	iOS=16.0	macOS=13.0	tvOS=16.0	visionOS=1.0	watchOS=9.0
figure.squash	iOS=16.0	macOS=13.0	tvOS=16.0	visionOS=1.0	watchOS=9.0
figure.stair.stepper	iOS=16.0	macOS=13.0	tvOS=16.0	visionOS=1.0	watchOS=9.0
figure.stairs	iOS=16.0	macOS=13.0	tvOS=16.0	visionOS=1.0	watchOS=9.0
figure.step.training	iOS=16.0	macOS=13.0	tvOS=16.0	visionOS=1.0	watchOS=9.0
figure.strengthtraining.functional	iOS=16.0	macOS=13.0	tvOS=16.0	visionOS=1.0	watchOS=9.0
figure.strengthtraining.traditional	iOS=16.0	macOS=13.0	tvOS=16.0	visionOS=1.0	watchOS=9.0
figure.surfing	iOS=16.0	macOS=13.0	tvOS=16.0	visionOS=1.0	watchOS=9.0
figure.table.tennis	iOS=16.0	macOS=13.0	tvOS=16.0	visionOS=1.0	watchOS=9.0
figure.taichi	iOS=16.0	macOS=13.0	tvOS=16.0	visionOS=1.0	watchOS=9.0
figure.tennis	iOS=16.0	macOS=13.0	tvOS=16.0	visionOS=1.0	watchOS=9.0
figure.track.and.field	iOS=16.0	macOS=13.0	tvOS=16.0	visionOS=1.0	watchOS=9.0
figure.volleyball	iOS=16.0	macOS=13.0	tvOS=16.0	visionOS=1.0	watchOS=9.0
figure.walk.arrival	iOS=16.0	macOS=13.0	tvOS=16.0	visionOS=1.0	watchOS=9.0
figure.walk.departure	iOS=16.0	macOS=13.0	tvOS=16.0	visionOS=1.0	watchOS=9.0
figure.walk.motion	iOS=16.0	macOS=13.0	tvOS=16.0	visionOS=1.0	watchOS=9.0
figure.water.fitness	iOS=16.0	macOS=13.0	tvOS=16.0	visionOS=1.0	watchOS=9.0
figure.waterpolo	iOS=16.0	macOS=13.0	tvOS=16.0	visionOS=1.0	watchOS=9.0
figure.wrestling	iOS=16.0	macOS=13.0	tvOS=16.0	visionOS=1.0	watchOS=9.0
figure.yoga	iOS=16.0	macOS=13.0	tvOS=16.0	visionOS=1.0	watchOS=9.0
film.stack	iOS=16.0	macOS=13.0	tvOS=16.0	visionOS=1.0	watchOS=9.0
film.stack.fill	iOS=16.0	macOS=13.0	tvOS=16.0	visionOS=1.0	watchOS=9.0
fireplace	iOS=16.0	macOS=13.0	tvOS=16.0	visionOS=1.0	watchOS=9.0
fireplace.fill	iOS=16.0	macOS=13.0	tvOS=16.0	visionOS=1.0	watchOS=9.0
firewall	iOS=16.0	macOS=13.0	tvOS=16.0	visionOS=1.0	watchOS=9.0
firewall.fill	iOS=16.0	macOS=13.0	tvOS=16.0	visionOS=1.0	watchOS=9.0
fish	iOS=16.0	macOS=13.0	tvOS=16.0	visionOS=1.0	watchOS=9.0
fish.fill	iOS=16.0	macOS=13.0	tvOS=16.0	visionOS=1.0	watchOS=9.0
flag.2.crossed.circle	iOS=16.0	macOS=13.0	tvOS=16.0	visionOS=1.0	watchOS=9.0
flag.2.crossed.circle.fill	iOS=16.0	macOS=13.0	tvOS=16.0	visionOS=1.0	watchOS=9.0
flag.checkered	iOS=16.0	macOS=13.0	tvOS=16.0	visionOS=1.0	watchOS=9.0
flag.checkered.2.crossed	iOS=16.0	macOS=13.0	tvOS=16.0	visionOS=1.0	watchOS=9.0
fleuron	iOS=16.0	macOS=13.0	tvOS=16.0	visionOS=1.0	watchOS=9.0
fleuron.fill	iOS=16.0	macOS=13.0	tvOS=16.0	visionOS=1.0	watchOS=9.0
florinsign	iOS=16.0	macOS=13.0	tvOS=16.0	visionOS=1.0	watchOS=9.0
fluid.brakesignal	iOS=16.0	macOS=13.0	tvOS=16.0	visionOS=1.0	watchOS=9.0
football	iOS=16.0	macOS=13.0	tvOS=16.0	visionOS=1.0	watchOS=9.0
football.circle	iOS=16.0	macOS=13.0	tvOS=16.0	visionOS=1.0	watchOS=9.0
football.circle.fill	iOS=16.0	macOS=13.0	tvOS=16.0	visionOS=1.0	watchOS=9.0
football.fill	iOS=16.0	macOS=13.0	tvOS=16.0	visionOS=1.0	watchOS=9.0
forward.end.circle	iOS=16.0	macOS=13.0	tvOS=16.0	visionOS=1.0	watchOS=9.0
forward.end.circle.fill	iOS=16.0	macOS=13.0	tvOS=16.0	visionOS=1.0	watchOS=9.0
fossil.shell	iOS=16.0	macOS=13.0	tvOS=16.0	visionOS=1.0	watchOS=9.0
fossil.shell.fill	iOS=16.0	macOS=13.0	tvOS=16.0	visionOS=1.0	watchOS=9.0
francsign	iOS=16.0	macOS=13.0	tvOS=16.0	visionOS=1.0	watchOS=9.0
frying.pan	iOS=16.0	macOS=13.0	tvOS=16.0	visionOS=1.0	watchOS=9.0
frying.pan.fill	iOS=16.0	macOS=13.0	tvOS=16.0	visionOS=1.0	watchOS=9.0
gauge.high	iOS=16.0	macOS=13.0	tvOS=16.0	visionOS=1.0	watchOS=9.0
gauge.low	iOS=16.0	macOS=13.0	tvOS=16.0	visionOS=1.0	watchOS=9.0
gauge.medium	iOS=16.0	macOS=13.0	tvOS=16.0	visionOS=1.0	watchOS=9.0
gauge.medium.badge.minus	iOS=16.0	macOS=13.0	tvOS=16.0	visionOS=1.0	watchOS=9.0
gauge.medium.badge.plus	iOS=16.0	macOS=13.0	tvOS=16.0	visionOS=1.0	watchOS=9.0
gear.badge	iOS=16.0	macOS=13.0	tvOS=16.0	visionOS=1.0	watchOS=9.0
gear.badge.rtl	iOS=16.0	macOS=13.0	tvOS=16.0	visionOS=1.0	watchOS=9.0
gearshape.arrow.triangle.2.circlepath	iOS=16.0	macOS=13.0	tvOS=16.0	visionOS=1.0	watchOS=9.0
globe.central.south.asia	iOS=16.0	macOS=13.0	tvOS=16.0	visionOS=1.0	watchOS=9.0
globe.central.south.asia.fill	iOS=16.0	macOS=13.0	tvOS=16.0	visionOS=1.0	watchOS=9.0
globe.desk	iOS=16.0	macOS=13.0	tvOS=16.0	visionOS=1.0	watchOS=9.0
globe.desk.fill	iOS=16.0	macOS=13.0	tvOS=16.0	visionOS=1.0	watchOS=9.0
guaranisign	iOS=16.0	macOS=13.0	tvOS=16.0	visionOS=1.0	watchOS=9.0
hand.app	iOS=16.0	macOS=13.0	tvOS=16.0	visionOS=1.0	watchOS=9.0
hand.app.fill	iOS=16.0	macOS=13.0	tvOS=16.0	visionOS=1.0	watchOS=9.0
hand.raised.fingers.spread	iOS=16.0	macOS=13.0	tvOS=16.0	visionOS=1.0	watchOS=9.0
hand.raised.fingers.spread.fill	iOS=16.0	macOS=13.0	tvOS=16.0	visionOS=1.0	watchOS=9.0
headlight.high.beam	iOS=16.0	macOS=13.0	tvOS=16.0	visionOS=1.0	watchOS=9.0
headlight.high.beam.fill	iOS=16.0	macOS=13.0	tvOS=16.0	visionOS=1.0	watchOS=9.0
headlight.low.beam	iOS=16.0	macOS=13.0	tvOS=16.0	visionOS=1.0	watchOS=9.0
headlight.low.beam.fill	iOS=16.0	macOS=13.0	tvOS=16.0	visionOS=1.0	watchOS=9.0
hearingdevice.and.signal.meter	iOS=16.0	macOS=13.0	tvOS=16.0	visionOS=1.0	watchOS=9.0
hearingdevice.and.signal.meter.fill	iOS=16.0	macOS=13.0	tvOS=16.0	visionOS=1.0	watchOS=9.0
hearingdevice.ear.fill	iOS=16.0	macOS=13.0	tvOS=16.0	visionOS=1.0	watchOS=9.0
heater.vertical	iOS=16.0	macOS=13.0	tvOS=16.0	visionOS=1.0	watchOS=9.0
heater.vertical.fill	iOS=16.0	macOS=13.0	tvOS=16.0	visionOS=1.0	watchOS=9.0
hifireceiver	iOS=16.0	macOS=13.0	tvOS=16.0	visionOS=1.0	watchOS=9.0
hifireceiver.fill	iOS=16.0	macOS=13.0	tvOS=16.0	visionOS=1.0	watchOS=9.0
hifispeaker.and.appletv.fill.rtl	iOS=16.0	macOS=13.0	tvOS=16.0	visionOS=1.0	watchOS=9.0
hifispeaker.and.appletv.rtl	iOS=16.0	macOS=13.0	tvOS=16.0	visionOS=1.0	watchOS=9.0
hockey.puck	iOS=16.0	macOS=13.0	tvOS=16.0	visionOS=1.0	watchOS=9.0
hockey.puck.circle	iOS=16.0	macOS=13.0	tvOS=16.0	visionOS=1.0	watchOS=9.0
hockey.puck.circle.fill	iOS=16.0	macOS=13.0	tvOS=16.0	visionOS=1.0	watchOS=9.0
hockey.puck.fill	iOS=16.0	macOS=13.0	tvOS=16.0	visionOS=1.0	watchOS=9.0
hold.brakesignal	iOS=16.0	macOS=13.0	tvOS=16.0	visionOS=1.0	watchOS=9.0
homepod.and.appletv.fill.rtl	iOS=16.0	macOS=13.0	tvOS=16.0	visionOS=1.0	watchOS=9.0
homepod.and.appletv.rtl	iOS=16.0	macOS=13.0	tvOS=16.0	visionOS=1.0	watchOS=9.0
homepodmini.and.appletv.fill.rtl	iOS=16.0	macOS=13.0	tvOS=16.0	visionOS=1.0	watchOS=9.0
homepodmini.and.appletv.rtl	iOS=16.0	macOS=13.0	tvOS=16.0	visionOS=1.0	watchOS=9.0
hryvniasign	iOS=16.0	macOS=13.0	tvOS=16.0	visionOS=1.0	watchOS=9.0
humidifier	iOS=16.0	macOS=13.0	tvOS=16.0	visionOS=1.0	watchOS=9.0
humidifier.and.droplets	iOS=16.0	macOS=13.0	tvOS=16.0	visionOS=1.0	watchOS=9.0
humidifier.and.droplets.fill	iOS=16.0	macOS=13.0	tvOS=16.0	visionOS=1.0	watchOS=9.0
humidifier.fill	iOS=16.0	macOS=13.0	tvOS=16.0	visionOS=1.0	watchOS=9.0
hurricane.circle	iOS=16.0	macOS=13.0	tvOS=16.0	visionOS=1.0	watchOS=9.0
hurricane.circle.fill	iOS=16.0	macOS=13.0	tvOS=16.0	visionOS=1.0	watchOS=9.0
indianrupeesign	iOS=16.0	macOS=13.0	tvOS=16.0	visionOS=1.0	watchOS=9.0
info.bubble	iOS=16.0	macOS=13.0	tvOS=16.0	visionOS=1.0	watchOS=9.0
info.bubble.fill	iOS=16.0	macOS=13.0	tvOS=16.0	visionOS=1.0	watchOS=9.0
info.square	iOS=16.0	macOS=13.0	tvOS=16.0	visionOS=1.0	watchOS=9.0
info.square.fill	iOS=16.0	macOS=13.0	tvOS=16.0	visionOS=1.0	watchOS=9.0
keyboard.badge.ellipsis.fill	iOS=16.0	macOS=13.0	tvOS=16.0	visionOS=1.0	watchOS=9.0
keyboard.badge.eye	iOS=16.0	macOS=13.0	tvOS=16.0	visionOS=1.0	watchOS=9.0
keyboard.badge.eye.fill	iOS=16.0	macOS=13.0	tvOS=16.0	visionOS=1.0	watchOS=9.0
keyboard.chevron.compact.down.fill	iOS=16.0	macOS=13.0	tvOS=16.0	visionOS=1.0	watchOS=9.0
keyboard.chevron.compact.left.fill	iOS=16.0	macOS=13.0	tvOS=16.0	visionOS=1.0	watchOS=9.0
keyboard.onehanded.left.fill	iOS=16.0	macOS=13.0	tvOS=16.0	visionOS=1.0	watchOS=9.0
keyboard.onehanded.right.fill	iOS=16.0	macOS=13.0	tvOS=16.0	visionOS=1.0	watchOS=9.0
kipsign	iOS=16.0	macOS=13.0	tvOS=16.0	visionOS=1.0	watchOS=9.0
lamp.ceiling	iOS=16.0	macOS=13.0	tvOS=16.0	visionOS=1.0	watchOS=9.0
lamp.ceiling.fill	iOS=16.0	macOS=13.0	tvOS=16.0	visionOS=1.0	watchOS=9.0
lamp.ceiling.inverse	iOS=16.0	macOS=13.0	tvOS=16.0	visionOS=1.0	watchOS=9.0
lamp.desk	iOS=16.0	macOS=13.0	tvOS=16.0	visionOS=1.0	watchOS=9.0
lamp.desk.fill	iOS=16.0	macOS=13.0	tvOS=16.0	visionOS=1.0	watchOS=9.0
lamp.floor	iOS=16.0	macOS=13.0	tvOS=16.0	visionOS=1.0	watchOS=9.0
lamp.floor.fill	iOS=16.0	macOS=13.0	tvOS=16.0	visionOS=1.0	watchOS=9.0
lamp.table	iOS=16.0	macOS=13.0	tvOS=16.0	visionOS=1.0	watchOS=9.0
lamp.table.fill	iOS=16.0	macOS=13.0	tvOS=16.0	visionOS=1.0	watchOS=9.0
laptopcomputer.and.ipad	iOS=16.0	macOS=13.0	tvOS=16.0	visionOS=1.0	watchOS=9.0
larisign	iOS=16.0	macOS=13.0	tvOS=16.0	visionOS=1.0	watchOS=9.0
laurel.leading	iOS=16.0	macOS=13.0	tvOS=16.0	visionOS=1.0	watchOS=9.0
laurel.trailing	iOS=16.0	macOS=13.0	tvOS=16.0	visionOS=1.0	watchOS=9.0
light.beacon.max	iOS=16.0	macOS=13.0	tvOS=16.0	visionOS=1.0	watchOS=9.0
light.beacon.max.fill	iOS=16.0	macOS=13.0	tvOS=16.0	visionOS=1.0	watchOS=9.0
light.beacon.min	iOS=16.0	macOS=13.0	tvOS=16.0	visionOS=1.0	watchOS=9.0
light.beacon.min.fill	iOS=16.0	macOS=13.0	tvOS=16.0	visionOS=1.0	watchOS=9.0
light.cylindrical.ceiling	iOS=16.0	macOS=13.0	tvOS=16.0	visionOS=1.0	watchOS=9.0
light.cylindrical.ceiling.fill	iOS=16.0	macOS=13.0	tvOS=16.0	visionOS=1.0	watchOS=9.0
light.cylindrical.ceiling.inverse	iOS=16.0	macOS=13.0	tvOS=16.0	visionOS=1.0	watchOS=9.0
light.panel	iOS=16.0	macOS=13.0	tvOS=16.0	visionOS=1.0	watchOS=9.0
light.panel.fill	iOS=16.0	macOS=13.0	tvOS=16.0	visionOS=1.0	watchOS=9.0
light.recessed	iOS=16.0	macOS=13.0	tvOS=16.0	visionOS=1.0	watchOS=9.0
light.recessed.3	iOS=16.0	macOS=13.0	tvOS=16.0	visionOS=1.0	watchOS=9.0
light.recessed.3.fill	iOS=16.0	macOS=13.0	tvOS=16.0	visionOS=1.0	watchOS=9.0
light.recessed.3.inverse	iOS=16.0	macOS=13.0	tvOS=16.0	visionOS=1.0	watchOS=9.0
light.recessed.fill	iOS=16.0	macOS=13.0	tvOS=16.0	visionOS=1.0	watchOS=9.0
light.recessed.inverse	iOS=16.0	macOS=13.0	tvOS=16.0	visionOS=1.0	watchOS=9.0
light.ribbon	iOS=16.0	macOS=13.0	tvOS=16.0	visionOS=1.0	watchOS=9.0
light.ribbon.fill	iOS=16.0	macOS=13.0	tvOS=16.0	visionOS=1.0	watchOS=9.0
light.strip.2	iOS=16.0	macOS=13.0	tvOS=16.0	visionOS=1.0	watchOS=9.0
light.strip.2.fill	iOS=16.0	macOS=13.0	tvOS=16.0	visionOS=1.0	watchOS=9.0
lightbulb.2	iOS=16.0	macOS=13.0	tvOS=16.0	visionOS=1.0	watchOS=9.0
lightbulb.2.fill	iOS=16.0	macOS=13.0	tvOS=16.0	visionOS=1.0	watchOS=9.0
lightbulb.led	iOS=16.0	macOS=13.0	tvOS=16.0	visionOS=1.0	watchOS=9.0
lightbulb.led.fill	iOS=16.0	macOS=13.0	tvOS=16.0	visionOS=1.0	watchOS=9.0
lightbulb.led.wide	iOS=16.0	macOS=13.0	tvOS=16.0	visionOS=1.0	watchOS=9.0
lightbulb.led.wide.fill	iOS=16.0	macOS=13.0	tvOS=16.0	visionOS=1.0	watchOS=9.0
lightswitch.off	iOS=16.0	macOS=13.0	tvOS=16.0	visionOS=1.0	watchOS=9.0
lightswitch.off.fill	iOS=16.0	macOS=13.0	tvOS=16.0	visionOS=1.0	watchOS=9.0
lightswitch.off.square	iOS=16.0	macOS=13.0	tvOS=16.0	visionOS=1.0	watchOS=9.0
lightswitch.off.square.fill	iOS=16.0	macOS=13.0	tvOS=16.0	visionOS=1.0	watchOS=9.0
lightswitch.on	iOS=16.0	macOS=13.0	tvOS=16.0	visionOS=1.0	watchOS=9.0
lightswitch.on.fill	iOS=16.0	macOS=13.0	tvOS=16.0	visionOS=1.0	watchOS=9.0
lightswitch.on.square	iOS=16.0	macOS=13.0	tvOS=16.0	visionOS=1.0	watchOS=9.0
lightswitch.on.square.fill	iOS=16.0	macOS=13.0	tvOS=16.0	visionOS=1.0	watchOS=9.0
lirasign	iOS=16.0	macOS=13.0	tvOS=16.0	visionOS=1.0	watchOS=9.0
list.bullet.clipboard	iOS=16.0	macOS=13.0	tvOS=16.0	visionOS=1.0	watchOS=9.0
list.bullet.clipboard.fill	iOS=16.0	macOS=13.0	tvOS=16.0	visionOS=1.0	watchOS=9.0
list.clipboard	iOS=16.0	macOS=13.0	tvOS=16.0	visionOS=1.0	watchOS=9.0
list.clipboard.fill	iOS=16.0	macOS=13.0	tvOS=16.0	visionOS=1.0	watchOS=9.0
lizard	iOS=16.0	macOS=13.0	tvOS=16.0	visionOS=1.0	watchOS=9.0
lizard.fill	iOS=16.0	macOS=13.0	tvOS=16.0	visionOS=1.0	watchOS=9.0
location.slash.circle	iOS=16.0	macOS=13.0	tvOS=16.0	visionOS=1.0	watchOS=9.0
location.slash.circle.fill	iOS=16.0	macOS=13.0	tvOS=16.0	visionOS=1.0	watchOS=9.0
lock.open.trianglebadge.exclamationmark	iOS=16.0	macOS=13.0	tvOS=16.0	visionOS=1.0	watchOS=9.0
lock.open.trianglebadge.exclamationmark.fill	iOS=16.0	macOS=13.0	tvOS=16.0	visionOS=1.0	watchOS=9.0
lock.trianglebadge.exclamationmark	iOS=16.0	macOS=13.0	tvOS=16.0	visionOS=1.0	watchOS=9.0
lock.trianglebadge.exclamationmark.fill	iOS=16.0	macOS=13.0	tvOS=16.0	visionOS=1.0	watchOS=9.0
macstudio	iOS=16.0	macOS=13.0	tvOS=16.0	visionOS=1.0	watchOS=9.0
macstudio.fill	iOS=16.0	macOS=13.0	tvOS=16.0	visionOS=1.0	watchOS=9.0
manatsign	iOS=16.0	macOS=13.0	tvOS=16.0	visionOS=1.0	watchOS=9.0
medal	iOS=16.0	macOS=13.0	tvOS=16.0	visionOS=1.0	watchOS=9.0
medal.fill	iOS=16.0	macOS=13.0	tvOS=16.0	visionOS=1.0	watchOS=9.0
medical.thermometer	iOS=16.0	macOS=13.0	tvOS=16.0	visionOS=1.0	watchOS=9.0
medical.thermometer.fill	iOS=16.0	macOS=13.0	tvOS=16.0	visionOS=1.0	watchOS=9.0
message.badge	iOS=16.0	macOS=13.0	tvOS=16.0	visionOS=1.0	watchOS=9.0
message.badge.circle	iOS=16.0	macOS=13.0	tvOS=16.0	visionOS=1.0	watchOS=9.0
message.badge.circle.fill	iOS=16.0	macOS=13.0	tvOS=16.0	visionOS=1.0	watchOS=9.0
message.badge.circle.fill.rtl	iOS=16.0	macOS=13.0	tvOS=16.0	visionOS=1.0	watchOS=9.0
message.badge.circle.rtl	iOS=16.0	macOS=13.0	tvOS=16.0	visionOS=1.0	watchOS=9.0
message.badge.fill	iOS=16.0	macOS=13.0	tvOS=16.0	visionOS=1.0	watchOS=9.0
message.badge.fill.rtl	iOS=16.0	macOS=13.0	tvOS=16.0	visionOS=1.0	watchOS=9.0
message.badge.filled.fill	iOS=16.0	macOS=13.0	tvOS=16.0	visionOS=1.0	watchOS=9.0
message.badge.filled.fill.rtl	iOS=16.0	macOS=13.0	tvOS=16.0	visionOS=1.0	watchOS=9.0
message.badge.rtl	iOS=16.0	macOS=13.0	tvOS=16.0	visionOS=1.0	watchOS=9.0
mic.and.signal.meter	iOS=16.0	macOS=13.0	tvOS=16.0	visionOS=1.0	watchOS=9.0
mic.and.signal.meter.fill	iOS=16.0	macOS=13.0	tvOS=16.0	visionOS=1.0	watchOS=9.0
mic.badge.xmark	iOS=16.0	macOS=13.0	tvOS=16.0	visionOS=1.0	watchOS=9.0
mic.fill.badge.xmark	iOS=16.0	macOS=13.0	tvOS=16.0	visionOS=1.0	watchOS=9.0
microbe	iOS=16.0	macOS=13.0	tvOS=16.0	visionOS=1.0	watchOS=9.0
microbe.circle	iOS=16.0	macOS=13.0	tvOS=16.0	visionOS=1.0	watchOS=9.0
microbe.circle.fill	iOS=16.0	macOS=13.0	tvOS=16.0	visionOS=1.0	watchOS=9.0
microbe.fill	iOS=16.0	macOS=13.0	tvOS=16.0	visionOS=1.0	watchOS=9.0
microwave	iOS=16.0	macOS=13.0	tvOS=16.0	visionOS=1.0	watchOS=9.0
microwave.fill	iOS=16.0	macOS=13.0	tvOS=16.0	visionOS=1.0	watchOS=9.0
millsign	iOS=16.0	macOS=13.0	tvOS=16.0	visionOS=1.0	watchOS=9.0
mirror.side.left	iOS=16.0	macOS=13.0	tvOS=16.0	visionOS=1.0	watchOS=9.0
mirror.side.right	iOS=16.0	macOS=13.0	tvOS=16.0	visionOS=1.0	watchOS=9.0
moon.haze	iOS=16.0	macOS=13.0	tvOS=16.0	visionOS=1.0	watchOS=9.0
moon.haze.circle	iOS=16.0	macOS=13.0	tvOS=16.0	visionOS=1.0	watchOS=9.0
moon.haze.circle.fill	iOS=16.0	macOS=13.0	tvOS=16.0	visionOS=1.0	watchOS=9.0
moon.haze.fill	iOS=16.0	macOS=13.0	tvOS=16.0	visionOS=1.0	watchOS=9.0
moon.stars.circle	iOS=16.0	macOS=13.0	tvOS=16.0	visionOS=1.0	watchOS=9.0
moon.stars.circle.fill	iOS=16.0	macOS=13.0	tvOS=16.0	visionOS=1.0	watchOS=9.0
moonphase.first.quarter	iOS=16.0	macOS=13.0	tvOS=16.0	visionOS=1.0	watchOS=9.0
moonphase.first.quarter.inverse	iOS=16.0	macOS=13.0	tvOS=16.0	visionOS=1.0	watchOS=9.0
moonphase.full.moon	iOS=16.0	macOS=13.0	tvOS=16.0	visionOS=1.0	watchOS=9.0
moonphase.full.moon.inverse	iOS=16.0	macOS=13.0	tvOS=16.0	visionOS=1.0	watchOS=9.0
moonphase.last.quarter	iOS=16.0	macOS=13.0	tvOS=16.0	visionOS=1.0	watchOS=9.0
moonphase.last.quarter.inverse	iOS=16.0	macOS=13.0	tvOS=16.0	visionOS=1.0	watchOS=9.0
moonphase.new.moon	iOS=16.0	macOS=13.0	tvOS=16.0	visionOS=1.0	watchOS=9.0
moonphase.new.moon.inverse	iOS=16.0	macOS=13.0	tvOS=16.0	visionOS=1.0	watchOS=9.0
moonphase.waning.crescent	iOS=16.0	macOS=13.0	tvOS=16.0	visionOS=1.0	watchOS=9.0
moonphase.waning.crescent.inverse	iOS=16.0	macOS=13.0	tvOS=16.0	visionOS=1.0	watchOS=9.0
moonphase.waning.gibbous	iOS=16.0	macOS=13.0	tvOS=16.0	visionOS=1.0	watchOS=9.0
moonphase.waning.gibbous.inverse	iOS=16.0	macOS=13.0	tvOS=16.0	visionOS=1.0	watchOS=9.0
moonphase.waxing.crescent	iOS=16.0	macOS=13.0	tvOS=16.0	visionOS=1.0	watchOS=9.0
moonphase.waxing.crescent.inverse	iOS=16.0	macOS=13.0	tvOS=16.0	visionOS=1.0	watchOS=9.0
moonphase.waxing.gibbous	iOS=16.0	macOS=13.0	tvOS=16.0	visionOS=1.0	watchOS=9.0
moonphase.waxing.gibbous.inverse	iOS=16.0	macOS=13.0	tvOS=16.0	visionOS=1.0	watchOS=9.0
nairasign	iOS=16.0	macOS=13.0	tvOS=16.0	visionOS=1.0	watchOS=9.0
nosign.app	iOS=16.0	macOS=13.0	tvOS=16.0	visionOS=1.0	watchOS=9.0
nosign.app.fill	iOS=16.0	macOS=13.0	tvOS=16.0	visionOS=1.0	watchOS=9.0
numbersign	iOS=16.0	macOS=13.0	tvOS=16.0	visionOS=1.0	watchOS=9.0
oar.2.crossed	iOS=16.0	macOS=13.0	tvOS=16.0	visionOS=1.0	watchOS=9.0
opticaldisc.fill	iOS=16.0	macOS=13.0	tvOS=16.0	visionOS=1.0	watchOS=9.0
oven	iOS=16.0	macOS=13.0	tvOS=16.0	visionOS=1.0	watchOS=9.0
oven.fill	iOS=16.0	macOS=13.0	tvOS=16.0	visionOS=1.0	watchOS=9.0
parkinglight	iOS=16.0	macOS=13.0	tvOS=16.0	visionOS=1.0	watchOS=9.0
parkinglight.fill	iOS=16.0	macOS=13.0	tvOS=16.0	visionOS=1.0	watchOS=9.0
parkingsign.brakesignal	iOS=16.0	macOS=13.0	tvOS=16.0	visionOS=1.0	watchOS=9.0
parkingsign.brakesignal.slash	iOS=16.0	macOS=13.0	tvOS=16.0	visionOS=1.0	watchOS=9.0
party.popper	iOS=16.0	macOS=13.0	tvOS=16.0	visionOS=1.0	watchOS=9.0
party.popper.fill	iOS=16.0	macOS=13.0	tvOS=16.0	visionOS=1.0	watchOS=9.0
pedestrian.gate.closed	iOS=16.0	macOS=13.0	tvOS=16.0	visionOS=1.0	watchOS=9.0
pedestrian.gate.open	iOS=16.0	macOS=13.0	tvOS=16.0	visionOS=1.0	watchOS=9.0
pencil.and.ruler	iOS=16.0	macOS=13.0	tvOS=16.0	visionOS=1.0	watchOS=9.0
pencil.and.ruler.fill	iOS=16.0	macOS=13.0	tvOS=16.0	visionOS=1.0	watchOS=9.0
pencil.line	iOS=16.0	macOS=13.0	tvOS=16.0	visionOS=1.0	watchOS=9.0
person.2.badge.gearshape	iOS=16.0	macOS=13.0	tvOS=16.0	visionOS=1.0	watchOS=9.0
person.2.badge.gearshape.fill	iOS=16.0	macOS=13.0	tvOS=16.0	visionOS=1.0	watchOS=9.0
person.2.gobackward	iOS=16.0	macOS=13.0	tvOS=16.0	visionOS=1.0	watchOS=9.0
person.2.slash	iOS=16.0	macOS=13.0	tvOS=16.0	visionOS=1.0	watchOS=9.0
person.2.slash.fill	iOS=16.0	macOS=13.0	tvOS=16.0	visionOS=1.0	watchOS=9.0
person.and.background.dotted	iOS=16.0	macOS=13.0	tvOS=16.0	visionOS=1.0	watchOS=9.0
person.badge.shield.checkmark	iOS=16.0	macOS=13.0	tvOS=16.0	visionOS=1.0	watchOS=9.0
person.badge.shield.checkmark.fill	iOS=16.0	macOS=13.0	tvOS=16.0	visionOS=1.0	watchOS=9.0
person.bust	iOS=16.0	macOS=13.0	tvOS=16.0	visionOS=1.0	watchOS=9.0
person.bust.fill	iOS=16.0	macOS=13.0	tvOS=16.0	visionOS=1.0	watchOS=9.0
person.crop.rectangle.badge.plus	iOS=16.0	macOS=13.0	tvOS=16.0	visionOS=1.0	watchOS=9.0
person.crop.rectangle.badge.plus.fill	iOS=16.0	macOS=13.0	tvOS=16.0	visionOS=1.0	watchOS=9.0
person.line.dotted.person	iOS=16.0	macOS=13.0	tvOS=16.0	visionOS=1.0	watchOS=9.0
person.line.dotted.person.fill	iOS=16.0	macOS=13.0	tvOS=16.0	visionOS=1.0	watchOS=9.0
pesetasign	iOS=16.0	macOS=13.0	tvOS=16.0	visionOS=1.0	watchOS=9.0
pesosign	iOS=16.0	macOS=13.0	tvOS=16.0	visionOS=1.0	watchOS=9.0
phone.arrow.down.left.fill	iOS=16.0	macOS=13.0	tvOS=16.0	visionOS=1.0	watchOS=9.0
phone.arrow.right.fill	iOS=16.0	macOS=13.0	tvOS=16.0	visionOS=1.0	watchOS=9.0
phone.arrow.up.right.circle	iOS=16.0	macOS=13.0	tvOS=16.0	visionOS=1.0	watchOS=9.0
phone.arrow.up.right.circle.fill	iOS=16.0	macOS=13.0	tvOS=16.0	visionOS=1.0	watchOS=9.0
phone.arrow.up.right.fill	iOS=16.0	macOS=13.0	tvOS=16.0	visionOS=1.0	watchOS=9.0
phone.badge.checkmark	iOS=16.0	macOS=13.0	tvOS=16.0	visionOS=1.0	watchOS=9.0
phone.connection.fill	iOS=16.0	macOS=13.0	tvOS=16.0	visionOS=1.0	watchOS=9.0
phone.down.waves.left.and.right	iOS=16.0	macOS=13.0	tvOS=16.0	visionOS=1.0	watchOS=9.0
phone.fill.badge.checkmark	iOS=16.0	macOS=13.0	tvOS=16.0	visionOS=1.0	watchOS=9.0
photo.stack	iOS=16.0	macOS=13.0	tvOS=16.0	visionOS=1.0	watchOS=9.0
photo.stack.fill	iOS=16.0	macOS=13.0	tvOS=16.0	visionOS=1.0	watchOS=9.0
pill	iOS=16.0	macOS=13.0	tvOS=16.0	visionOS=1.0	watchOS=9.0
pill.circle	iOS=16.0	macOS=13.0	tvOS=16.0	visionOS=1.0	watchOS=9.0
pill.circle.fill	iOS=16.0	macOS=13.0	tvOS=16.0	visionOS=1.0	watchOS=9.0
pill.fill	iOS=16.0	macOS=13.0	tvOS=16.0	visionOS=1.0	watchOS=9.0
pipe.and.drop	iOS=16.0	macOS=13.0	tvOS=16.0	visionOS=1.0	watchOS=9.0
pipe.and.drop.fill	iOS=16.0	macOS=13.0	tvOS=16.0	visionOS=1.0	watchOS=9.0
play.desktopcomputer	iOS=16.0	macOS=13.0	tvOS=16.0	visionOS=1.0	watchOS=9.0
play.display	iOS=16.0	macOS=13.0	tvOS=16.0	visionOS=1.0	watchOS=9.0
play.laptopcomputer	iOS=16.0	macOS=13.0	tvOS=16.0	visionOS=1.0	watchOS=9.0
playpause.circle	iOS=16.0	macOS=13.0	tvOS=16.0	visionOS=1.0	watchOS=9.0
playpause.circle.fill	iOS=16.0	macOS=13.0	tvOS=16.0	visionOS=1.0	watchOS=9.0
playstation.logo	iOS=16.0	macOS=13.0	tvOS=16.0	visionOS=1.0	watchOS=9.0
popcorn	iOS=16.0	macOS=13.0	tvOS=16.0	visionOS=1.0	watchOS=9.0
popcorn.circle	iOS=16.0	macOS=13.0	tvOS=16.0	visionOS=1.0	watchOS=9.0
popcorn.circle.fill	iOS=16.0	macOS=13.0	tvOS=16.0	visionOS=1.0	watchOS=9.0
popcorn.fill	iOS=16.0	macOS=13.0	tvOS=16.0	visionOS=1.0	watchOS=9.0
poweroutlet.strip	iOS=16.0	macOS=13.0	tvOS=16.0	visionOS=1.0	watchOS=9.0
poweroutlet.strip.fill	iOS=16.0	macOS=13.0	tvOS=16.0	visionOS=1.0	watchOS=9.0
poweroutlet.type.a	iOS=16.0	macOS=13.0	tvOS=16.0	visionOS=1.0	watchOS=9.0
poweroutlet.type.a.fill	iOS=16.0	macOS=13.0	tvOS=16.0	visionOS=1.0	watchOS=9.0
poweroutlet.type.a.square	iOS=16.0	macOS=13.0	tvOS=16.0	visionOS=1.0	watchOS=9.0
poweroutlet.type.a.square.fill	iOS=16.0	macOS=13.0	tvOS=16.0	visionOS=1.0	watchOS=9.0
poweroutlet.type.b	iOS=16.0	macOS=13.0	tvOS=16.0	visionOS=1.0	watchOS=9.0
poweroutlet.type.b.fill	iOS=16.0	macOS=13.0	tvOS=16.0	visionOS=1.0	watchOS=9.0
poweroutlet.type.b.square	iOS=16.0	macOS=13.0	tvOS=16.0	visionOS=1.0	watchOS=9.0
poweroutlet.type.b.square.fill	iOS=16.0	macOS=13.0	tvOS=16.0	visionOS=1.0	watchOS=9.0
poweroutlet.type.c	iOS=16.0	macOS=13.0	tvOS=16.0	visionOS=1.0	watchOS=9.0
poweroutlet.type.c.fill	iOS=16.0	macOS=13.0	tvOS=16.0	visionOS=1.0	watchOS=9.0
poweroutlet.type.c.square	iOS=16.0	macOS=13.0	tvOS=16.0	visionOS=1.0	watchOS=9.0
poweroutlet.type.c.square.fill	iOS=16.0	macOS=13.0	tvOS=16.0	visionOS=1.0	watchOS=9.0
poweroutlet.type.d	iOS=16.0	macOS=13.0	tvOS=16.0	visionOS=1.0	watchOS=9.0
poweroutlet.type.d.fill	iOS=16.0	macOS=13.0	tvOS=16.0	visionOS=1.0	watchOS=9.0
poweroutlet.type.d.square	iOS=16.0	macOS=13.0	tvOS=16.0	visionOS=1.0	watchOS=9.0
poweroutlet.type.d.square.fill	iOS=16.0	macOS=13.0	tvOS=16.0	visionOS=1.0	watchOS=9.0
poweroutlet.type.e	iOS=16.0	macOS=13.0	tvOS=16.0	visionOS=1.0	watchOS=9.0
poweroutlet.type.e.fill	iOS=16.0	macOS=13.0	tvOS=16.0	visionOS=1.0	watchOS=9.0
poweroutlet.type.e.square	iOS=16.0	macOS=13.0	tvOS=16.0	visionOS=1.0	watchOS=9.0
poweroutlet.type.e.square.fill	iOS=16.0	macOS=13.0	tvOS=16.0	visionOS=1.0	watchOS=9.0
poweroutlet.type.f	iOS=16.0	macOS=13.0	tvOS=16.0	visionOS=1.0	watchOS=9.0
poweroutlet.type.f.fill	iOS=16.0	macOS=13.0	tvOS=16.0	visionOS=1.0	watchOS=9.0
poweroutlet.type.f.square	iOS=16.0	macOS=13.0	tvOS=16.0	visionOS=1.0	watchOS=9.0
poweroutlet.type.f.square.fill	iOS=16.0	macOS=13.0	tvOS=16.0	visionOS=1.0	watchOS=9.0
poweroutlet.type.g	iOS=16.0	macOS=13.0	tvOS=16.0	visionOS=1.0	watchOS=9.0
poweroutlet.type.g.fill	iOS=16.0	macOS=13.0	tvOS=16.0	visionOS=1.0	watchOS=9.0
poweroutlet.type.g.square	iOS=16.0	macOS=13.0	tvOS=16.0	visionOS=1.0	watchOS=9.0
poweroutlet.type.g.square.fill	iOS=16.0	macOS=13.0	tvOS=16.0	visionOS=1.0	watchOS=9.0
poweroutlet.type.h	iOS=16.0	macOS=13.0	tvOS=16.0	visionOS=1.0	watchOS=9.0
poweroutlet.type.h.fill	iOS=16.0	macOS=13.0	tvOS=16.0	visionOS=1.0	watchOS=9.0
poweroutlet.type.h.square	iOS=16.0	macOS=13.0	tvOS=16.0	visionOS=1.0	watchOS=9.0
poweroutlet.type.h.square.fill	iOS=16.0	macOS=13.0	tvOS=16.0	visionOS=1.0	watchOS=9.0
poweroutlet.type.i	iOS=16.0	macOS=13.0	tvOS=16.0	visionOS=1.0	watchOS=9.0
poweroutlet.type.i.fill	iOS=16.0	macOS=13.0	tvOS=16.0	visionOS=1.0	watchOS=9.0
poweroutlet.type.i.square	iOS=16.0	macOS=13.0	tvOS=16.0	visionOS=1.0	watchOS=9.0
poweroutlet.type.i.square.fill	iOS=16.0	macOS=13.0	tvOS=16.0	visionOS=1.0	watchOS=9.0
poweroutlet.type.j	iOS=16.0	macOS=13.0	tvOS=16.0	visionOS=1.0	watchOS=9.0
poweroutlet.type.j.fill	iOS=16.0	macOS=13.0	tvOS=16.0	visionOS=1.0	watchOS=9.0
poweroutlet.type.j.square	iOS=16.0	macOS=13.0	tvOS=16.0	visionOS=1.0	watchOS=9.0
poweroutlet.type.j.square.fill	iOS=16.0	macOS=13.0	tvOS=16.0	visionOS=1.0	watchOS=9.0
poweroutlet.type.k	iOS=16.0	macOS=13.0	tvOS=16.0	visionOS=1.0	watchOS=9.0
poweroutlet.type.k.fill	iOS=16.0	macOS=13.0	tvOS=16.0	visionOS=1.0	watchOS=9.0
poweroutlet.type.k.square	iOS=16.0	macOS=13.0	tvOS=16.0	visionOS=1.0	watchOS=9.0
poweroutlet.type.k.square.fill	iOS=16.0	macOS=13.0	tvOS=16.0	visionOS=1.0	watchOS=9.0
poweroutlet.type.l	iOS=16.0	macOS=13.0	tvOS=16.0	visionOS=1.0	watchOS=9.0
poweroutlet.type.l.fill	iOS=16.0	macOS=13.0	tvOS=16.0	visionOS=1.0	watchOS=9.0
poweroutlet.type.l.square	iOS=16.0	macOS=13.0	tvOS=16.0	visionOS=1.0	watchOS=9.0
poweroutlet.type.l.square.fill	iOS=16.0	macOS=13.0	tvOS=16.0	visionOS=1.0	watchOS=9.0
poweroutlet.type.m	iOS=16.0	macOS=13.0	tvOS=16.0	visionOS=1.0	watchOS=9.0
poweroutlet.type.m.fill	iOS=16.0	macOS=13.0	tvOS=16.0	visionOS=1.0	watchOS=9.0
poweroutlet.type.m.square	iOS=16.0	macOS=13.0	tvOS=16.0	visionOS=1.0	watchOS=9.0
poweroutlet.type.m.square.fill	iOS=16.0	macOS=13.0	tvOS=16.0	visionOS=1.0	watchOS=9.0
poweroutlet.type.n	iOS=16.0	macOS=13.0	tvOS=16.0	visionOS=1.0	watchOS=9.0
poweroutlet.type.n.fill	iOS=16.0	macOS=13.0	tvOS=16.0	visionOS=1.0	watchOS=9.0
poweroutlet.type.n.square	iOS=16.0	macOS=13.0	tvOS=16.0	visionOS=1.0	watchOS=9.0
poweroutlet.type.n.square.fill	iOS=16.0	macOS=13.0	tvOS=16.0	visionOS=1.0	watchOS=9.0
poweroutlet.type.o	iOS=16.0	macOS=13.0	tvOS=16.0	visionOS=1.0	watchOS=9.0
poweroutlet.type.o.fill	iOS=16.0	macOS=13.0	tvOS=16.0	visionOS=1.0	watchOS=9.0
poweroutlet.type.o.square	iOS=16.0	macOS=13.0	tvOS=16.0	visionOS=1.0	watchOS=9.0
poweroutlet.type.o.square.fill	iOS=16.0	macOS=13.0	tvOS=16.0	visionOS=1.0	watchOS=9.0
questionmark.bubble	iOS=16.0	macOS=13.0	tvOS=16.0	visionOS=1.0	watchOS=9.0
questionmark.bubble.ar	iOS=16.0	macOS=13.0	tvOS=16.0	visionOS=1.0	watchOS=9.0
questionmark.bubble.fill	iOS=16.0	macOS=13.0	tvOS=16.0	visionOS=1.0	watchOS=9.0
questionmark.bubble.fill.ar	iOS=16.0	macOS=13.0	tvOS=16.0	visionOS=1.0	watchOS=9.0
quotelevel	iOS=16.0	macOS=13.0	tvOS=16.0	visionOS=1.0	watchOS=9.0
recordingtape.circle	iOS=16.0	macOS=13.0	tvOS=16.0	visionOS=1.0	watchOS=9.0
recordingtape.circle.fill	iOS=16.0	macOS=13.0	tvOS=16.0	visionOS=1.0	watchOS=9.0
rectangle.portrait.and.arrow.forward	iOS=16.0	macOS=13.0	tvOS=16.0	visionOS=1.0	watchOS=9.0
rectangle.portrait.and.arrow.forward.fill	iOS=16.0	macOS=13.0	tvOS=16.0	visionOS=1.0	watchOS=9.0
rectangle.portrait.on.rectangle.portrait.angled	iOS=16.0	macOS=13.0	tvOS=16.0	visionOS=1.0	watchOS=9.0
rectangle.portrait.on.rectangle.portrait.angled.fill	iOS=16.0	macOS=13.0	tvOS=16.0	visionOS=1.0	watchOS=9.0
refrigerator	iOS=16.0	macOS=13.0	tvOS=16.0	visionOS=1.0	watchOS=9.0
refrigerator.fill	iOS=16.0	macOS=13.0	tvOS=16.0	visionOS=1.0	watchOS=9.0
road.lanes	iOS=16.0	macOS=13.0	tvOS=16.0	visionOS=1.0	watchOS=9.0
road.lanes.curved.left	iOS=16.0	macOS=13.0	tvOS=16.0	visionOS=1.0	watchOS=9.0
road.lanes.curved.right	iOS=16.0	macOS=13.0	tvOS=16.0	visionOS=1.0	watchOS=9.0
roller.shade.closed	iOS=16.0	macOS=13.0	tvOS=16.0	visionOS=1.0	watchOS=9.0
roller.shade.open	iOS=16.0	macOS=13.0	tvOS=16.0	visionOS=1.0	watchOS=9.0
roman.shade.closed	iOS=16.0	macOS=13.0	tvOS=16.0	visionOS=1.0	watchOS=9.0
roman.shade.open	iOS=16.0	macOS=13.0	tvOS=16.0	visionOS=1.0	watchOS=9.0
rublesign	iOS=16.0	macOS=13.0	tvOS=16.0	visionOS=1.0	watchOS=9.0
rupeesign	iOS=16.0	macOS=13.0	tvOS=16.0	visionOS=1.0	watchOS=9.0
sailboat	iOS=16.0	macOS=13.0	tvOS=16.0	visionOS=1.0	watchOS=9.0
sailboat.fill	iOS=16.0	macOS=13.0	tvOS=16.0	visionOS=1.0	watchOS=9.0
sensor	iOS=16.0	macOS=13.0	tvOS=16.0	visionOS=1.0	watchOS=9.0
sensor.fill	iOS=16.0	macOS=13.0	tvOS=16.0	visionOS=1.0	watchOS=9.0
shared.with.you	iOS=16.0	macOS=13.0	tvOS=16.0	visionOS=1.0	watchOS=9.0
shared.with.you.slash	iOS=16.0	macOS=13.0	tvOS=16.0	visionOS=1.0	watchOS=9.0
shazam.logo	iOS=16.0	macOS=13.0	tvOS=16.0	visionOS=1.0	watchOS=9.0
shazam.logo.fill	iOS=16.0	macOS=13.0	tvOS=16.0	visionOS=1.0	watchOS=9.0
shekelsign	iOS=16.0	macOS=13.0	tvOS=16.0	visionOS=1.0	watchOS=9.0
shippingbox.and.arrow.backward	iOS=16.0	macOS=13.0	tvOS=16.0	visionOS=1.0	watchOS=9.0
shippingbox.and.arrow.backward.fill	iOS=16.0	macOS=13.0	tvOS=16.0	visionOS=1.0	watchOS=9.0
shoeprints.fill	iOS=16.0	macOS=13.0	tvOS=16.0	visionOS=1.0	watchOS=9.0
shower	iOS=16.0	macOS=13.0	tvOS=16.0	visionOS=1.0	watchOS=9.0
shower.fill	iOS=16.0	macOS=13.0	tvOS=16.0	visionOS=1.0	watchOS=9.0
shower.handheld	iOS=16.0	macOS=13.0	tvOS=16.0	visionOS=1.0	watchOS=9.0
shower.handheld.fill	iOS=16.0	macOS=13.0	tvOS=16.0	visionOS=1.0	watchOS=9.0
shower.sidejet	iOS=16.0	macOS=13.0	tvOS=16.0	visionOS=1.0	watchOS=9.0
shower.sidejet.fill	iOS=16.0	macOS=13.0	tvOS=16.0	visionOS=1.0	watchOS=9.0
sink	iOS=16.0	macOS=13.0	tvOS=16.0	visionOS=1.0	watchOS=9.0
sink.fill	iOS=16.0	macOS=13.0	tvOS=16.0	visionOS=1.0	watchOS=9.0
slider.horizontal.2.gobackward	iOS=16.0	macOS=13.0	tvOS=16.0	visionOS=1.0	watchOS=9.0
slider.horizontal.2.square.badge.arrow.down	iOS=16.0	macOS=13.0	tvOS=16.0	visionOS=1.0	watchOS=9.0
slider.horizontal.2.square.on.square	iOS=16.0	macOS=13.0	tvOS=16.0	visionOS=1.0	watchOS=9.0
slider.horizontal.below.square.and.square.filled	iOS=16.0	macOS=13.0	tvOS=16.0	visionOS=1.0	watchOS=9.0
smoke.circle	iOS=16.0	macOS=13.0	tvOS=16.0	visionOS=1.0	watchOS=9.0
smoke.circle.fill	iOS=16.0	macOS=13.0	tvOS=16.0	visionOS=1.0	watchOS=9.0
soccerball	iOS=16.0	macOS=13.0	tvOS=16.0	visionOS=1.0	watchOS=9.0
soccerball.circle	iOS=16.0	macOS=13.0	tvOS=16.0	visionOS=1.0	watchOS=9.0
soccerball.circle.fill	iOS=16.0	macOS=13.0	tvOS=16.0	visionOS=1.0	watchOS=9.0
soccerball.circle.fill.inverse	iOS=16.0	macOS=13.0	tvOS=16.0	visionOS=1.0	watchOS=9.0
soccerball.circle.inverse	iOS=16.0	macOS=13.0	tvOS=16.0	visionOS=1.0	watchOS=9.0
soccerball.inverse	iOS=16.0	macOS=13.0	tvOS=16.0	visionOS=1.0	watchOS=9.0
sofa	iOS=16.0	macOS=13.0	tvOS=16.0	visionOS=1.0	watchOS=9.0
sofa.fill	iOS=16.0	macOS=13.0	tvOS=16.0	visionOS=1.0	watchOS=9.0
space	iOS=16.0	macOS=13.0	tvOS=16.0	visionOS=1.0	watchOS=9.0
speaker.minus	iOS=16.0	macOS=13.0	tvOS=16.0	visionOS=1.0	watchOS=9.0
speaker.minus.fill	iOS=16.0	macOS=13.0	tvOS=16.0	visionOS=1.0	watchOS=9.0
speaker.plus	iOS=16.0	macOS=13.0	tvOS=16.0	visionOS=1.0	watchOS=9.0
speaker.plus.fill	iOS=16.0	macOS=13.0	tvOS=16.0	visionOS=1.0	watchOS=9.0
speaker.square	iOS=16.0	macOS=13.0	tvOS=16.0	visionOS=1.0	watchOS=9.0
speaker.square.fill	iOS=16.0	macOS=13.0	tvOS=16.0	visionOS=1.0	watchOS=9.0
speaker.wave.2.bubble.left	iOS=16.0	macOS=13.0	tvOS=16.0	visionOS=1.0	watchOS=9.0
speaker.wave.2.bubble.left.fill	iOS=16.0	macOS=13.0	tvOS=16.0	visionOS=1.0	watchOS=9.0
speaker.wave.2.bubble.left.fill.rtl	iOS=16.0	macOS=13.0	tvOS=16.0	visionOS=1.0	watchOS=9.0
speaker.wave.2.bubble.left.rtl	iOS=16.0	macOS=13.0	tvOS=16.0	visionOS=1.0	watchOS=9.0
spigot	iOS=16.0	macOS=13.0	tvOS=16.0	visionOS=1.0	watchOS=9.0
spigot.fill	iOS=16.0	macOS=13.0	tvOS=16.0	visionOS=1.0	watchOS=9.0
sportscourt.circle	iOS=16.0	macOS=13.0	tvOS=16.0	visionOS=1.0	watchOS=9.0
sportscourt.circle.fill	iOS=16.0	macOS=13.0	tvOS=16.0	visionOS=1.0	watchOS=9.0
sprinkler	iOS=16.0	macOS=13.0	tvOS=16.0	visionOS=1.0	watchOS=9.0
sprinkler.and.droplets	iOS=16.0	macOS=13.0	tvOS=16.0	visionOS=1.0	watchOS=9.0
sprinkler.and.droplets.fill	iOS=16.0	macOS=13.0	tvOS=16.0	visionOS=1.0	watchOS=9.0
sprinkler.fill	iOS=16.0	macOS=13.0	tvOS=16.0	visionOS=1.0	watchOS=9.0
square.2.layers.3d	iOS=16.0	macOS=13.0	tvOS=16.0	visionOS=1.0	watchOS=9.0
square.2.layers.3d.bottom.filled	iOS=16.0	macOS=13.0	tvOS=16.0	visionOS=1.0	watchOS=9.0
square.2.layers.3d.top.filled	iOS=16.0	macOS=13.0	tvOS=16.0	visionOS=1.0	watchOS=9.0
square.3.layers.3d	iOS=16.0	macOS=13.0	tvOS=16.0	visionOS=1.0	watchOS=9.0
square.3.layers.3d.bottom.filled	iOS=16.0	macOS=13.0	tvOS=16.0	visionOS=1.0	watchOS=9.0
square.3.layers.3d.down.backward.slash.rtl	iOS=16.0	macOS=13.0	tvOS=16.0	visionOS=1.0	watchOS=9.0
square.3.layers.3d.down.forward.slash.rtl	iOS=16.0	macOS=13.0	tvOS=16.0	visionOS=1.0	watchOS=9.0
square.3.layers.3d.middle.filled	iOS=16.0	macOS=13.0	tvOS=16.0	visionOS=1.0	watchOS=9.0
square.3.layers.3d.slash	iOS=16.0	macOS=13.0	tvOS=16.0	visionOS=1.0	watchOS=9.0
square.3.layers.3d.top.filled	iOS=16.0	macOS=13.0	tvOS=16.0	visionOS=1.0	watchOS=9.0
square.and.pencil.circle	iOS=16.0	macOS=13.0	tvOS=16.0	visionOS=1.0	watchOS=9.0
square.and.pencil.circle.fill	iOS=16.0	macOS=13.0	tvOS=16.0	visionOS=1.0	watchOS=9.0
square.bottomthird.inset.filled	iOS=16.0	macOS=13.0	tvOS=16.0	visionOS=1.0	watchOS=9.0
square.dotted	iOS=16.0	macOS=13.0	tvOS=16.0	visionOS=1.0	watchOS=9.0
square.leadingthird.inset.filled	iOS=16.0	macOS=13.0	tvOS=16.0	visionOS=1.0	watchOS=9.0
square.leftthird.inset.filled	iOS=16.0	macOS=13.0	tvOS=16.0	visionOS=1.0	watchOS=9.0
square.on.square.badge.person.crop	iOS=16.0	macOS=13.0	tvOS=16.0	visionOS=1.0	watchOS=9.0
square.on.square.badge.person.crop.fill	iOS=16.0	macOS=13.0	tvOS=16.0	visionOS=1.0	watchOS=9.0
square.on.square.intersection.dashed	iOS=16.0	macOS=13.0	tvOS=16.0	visionOS=1.0	watchOS=9.0
square.rightthird.inset.filled	iOS=16.0	macOS=13.0	tvOS=16.0	visionOS=1.0	watchOS=9.0
square.topthird.inset.filled	iOS=16.0	macOS=13.0	tvOS=16.0	visionOS=1.0	watchOS=9.0
square.trailingthird.inset.filled	iOS=16.0	macOS=13.0	tvOS=16.0	visionOS=1.0	watchOS=9.0
squares.leading.rectangle	iOS=16.0	macOS=13.0	tvOS=16.0	visionOS=1.0	watchOS=9.0
squareshape.dotted.split.2x2	iOS=16.0	macOS=13.0	tvOS=16.0	visionOS=1.0	watchOS=9.0
stairs	iOS=16.0	macOS=13.0	tvOS=16.0	visionOS=1.0	watchOS=9.0
star.square.on.square	iOS=16.0	macOS=13.0	tvOS=16.0	visionOS=1.0	watchOS=9.0
star.square.on.square.fill	iOS=16.0	macOS=13.0	tvOS=16.0	visionOS=1.0	watchOS=9.0
sterlingsign	iOS=16.0	macOS=13.0	tvOS=16.0	visionOS=1.0	watchOS=9.0
stove	iOS=16.0	macOS=13.0	tvOS=16.0	visionOS=1.0	watchOS=9.0
stove.fill	iOS=16.0	macOS=13.0	tvOS=16.0	visionOS=1.0	watchOS=9.0
sun.and.horizon.circle	iOS=16.0	macOS=13.0	tvOS=16.0	visionOS=1.0	watchOS=9.0
sun.and.horizon.circle.fill	iOS=16.0	macOS=13.0	tvOS=16.0	visionOS=1.0	watchOS=9.0
sun.dust.circle	iOS=16.0	macOS=13.0	tvOS=16.0	visionOS=1.0	watchOS=9.0
sun.dust.circle.fill	iOS=16.0	macOS=13.0	tvOS=16.0	visionOS=1.0	watchOS=9.0
sun.haze.circle	iOS=16.0	macOS=13.0	tvOS=16.0	visionOS=1.0	watchOS=9.0
sun.haze.circle.fill	iOS=16.0	macOS=13.0	tvOS=16.0	visionOS=1.0	watchOS=9.0
sun.max.trianglebadge.exclamationmark	iOS=16.0	macOS=13.0	tvOS=16.0	visionOS=1.0	watchOS=9.0
sun.max.trianglebadge.exclamationmark.fill	iOS=16.0	macOS=13.0	tvOS=16.0	visionOS=1.0	watchOS=9.0
sunrise.circle	iOS=16.0	macOS=13.0	tvOS=16.0	visionOS=1.0	watchOS=9.0
sunrise.circle.fill	iOS=16.0	macOS=13.0	tvOS=16.0	visionOS=1.0	watchOS=9.0
sunset.circle	iOS=16.0	macOS=13.0	tvOS=16.0	visionOS=1.0	watchOS=9.0
sunset.circle.fill	iOS=16.0	macOS=13.0	tvOS=16.0	visionOS=1.0	watchOS=9.0
swatchpalette	iOS=16.0	macOS=13.0	tvOS=16.0	visionOS=1.0	watchOS=9.0
swatchpalette.fill	iOS=16.0	macOS=13.0	tvOS=16.0	visionOS=1.0	watchOS=9.0
switch.programmable	iOS=16.0	macOS=13.0	tvOS=16.0	visionOS=1.0	watchOS=9.0
switch.programmable.fill	iOS=16.0	macOS=13.0	tvOS=16.0	visionOS=1.0	watchOS=9.0
switch.programmable.square	iOS=16.0	macOS=13.0	tvOS=16.0	visionOS=1.0	watchOS=9.0
switch.programmable.square.fill	iOS=16.0	macOS=13.0	tvOS=16.0	visionOS=1.0	watchOS=9.0
syringe	iOS=16.0	macOS=13.0	tvOS=16.0	visionOS=1.0	watchOS=9.0
syringe.fill	iOS=16.0	macOS=13.0	tvOS=16.0	visionOS=1.0	watchOS=9.0
table.furniture	iOS=16.0	macOS=13.0	tvOS=16.0	visionOS=1.0	watchOS=9.0
table.furniture.fill	iOS=16.0	macOS=13.0	tvOS=16.0	visionOS=1.0	watchOS=9.0
teddybear	iOS=16.0	macOS=13.0	tvOS=16.0	visionOS=1.0	watchOS=9.0
teddybear.fill	iOS=16.0	macOS=13.0	tvOS=16.0	visionOS=1.0	watchOS=9.0
tengesign	iOS=16.0	macOS=13.0	tvOS=16.0	visionOS=1.0	watchOS=9.0
tennis.racket	iOS=16.0	macOS=13.0	tvOS=16.0	visionOS=1.0	watchOS=9.0
tennis.racket.circle	iOS=16.0	macOS=13.0	tvOS=16.0	visionOS=1.0	watchOS=9.0
tennis.racket.circle.fill	iOS=16.0	macOS=13.0	tvOS=16.0	visionOS=1.0	watchOS=9.0
tennisball	iOS=16.0	macOS=13.0	tvOS=16.0	visionOS=1.0	watchOS=9.0
tennisball.circle	iOS=16.0	macOS=13.0	tvOS=16.0	visionOS=1.0	watchOS=9.0
tennisball.circle.fill	iOS=16.0	macOS=13.0	tvOS=16.0	visionOS=1.0	watchOS=9.0
tennisball.fill	iOS=16.0	macOS=13.0	tvOS=16.0	visionOS=1.0	watchOS=9.0
tent	iOS=16.0	macOS=13.0	tvOS=16.0	visionOS=1.0	watchOS=9.0
tent.fill	iOS=16.0	macOS=13.0	tvOS=16.0	visionOS=1.0	watchOS=9.0
text.line.first.and.arrowtriangle.forward	iOS=16.0	macOS=13.0	tvOS=16.0	visionOS=1.0	watchOS=9.0
text.line.last.and.arrowtriangle.forward	iOS=16.0	macOS=13.0	tvOS=16.0	visionOS=1.0	watchOS=9.0
text.word.spacing	iOS=16.0	macOS=13.0	tvOS=16.0	visionOS=1.0	watchOS=9.0
textformat.12	iOS=16.0	macOS=13.0	tvOS=16.0	visionOS=1.0	watchOS=9.0
textformat.12.ar	iOS=16.0	macOS=13.0	tvOS=16.0	visionOS=1.0	watchOS=9.0
textformat.12.hi	iOS=16.0	macOS=13.0	tvOS=16.0	visionOS=1.0	watchOS=9.0
theatermask.and.paintbrush	iOS=16.0	macOS=13.0	tvOS=16.0	visionOS=1.0	watchOS=9.0
theatermask.and.paintbrush.fill	iOS=16.0	macOS=13.0	tvOS=16.0	visionOS=1.0	watchOS=9.0
thermometer.brakesignal	iOS=16.0	macOS=13.0	tvOS=16.0	visionOS=1.0	watchOS=9.0
thermometer.high	iOS=16.0	macOS=13.0	tvOS=16.0	visionOS=1.0	watchOS=9.0
thermometer.low	iOS=16.0	macOS=13.0	tvOS=16.0	visionOS=1.0	watchOS=9.0
thermometer.medium	iOS=16.0	macOS=13.0	tvOS=16.0	visionOS=1.0	watchOS=9.0
thermometer.medium.slash	iOS=16.0	macOS=13.0	tvOS=16.0	visionOS=1.0	watchOS=9.0
thermometer.snowflake.circle	iOS=16.0	macOS=13.0	tvOS=16.0	visionOS=1.0	watchOS=9.0
thermometer.snowflake.circle.fill	iOS=16.0	macOS=13.0	tvOS=16.0	visionOS=1.0	watchOS=9.0
thermometer.sun.circle	iOS=16.0	macOS=13.0	tvOS=16.0	visionOS=1.0	watchOS=9.0
thermometer.sun.circle.fill	iOS=16.0	macOS=13.0	tvOS=16.0	visionOS=1.0	watchOS=9.0
timer.circle	iOS=16.0	macOS=13.0	tvOS=16.0	visionOS=1.0	watchOS=9.0
timer.circle.fill	iOS=16.0	macOS=13.0	tvOS=16.0	visionOS=1.0	watchOS=9.0
toilet	iOS=16.0	macOS=13.0	tvOS=16.0	visionOS=1.0	watchOS=9.0
toilet.fill	iOS=16.0	macOS=13.0	tvOS=16.0	visionOS=1.0	watchOS=9.0
tornado.circle	iOS=16.0	macOS=13.0	tvOS=16.0	visionOS=1.0	watchOS=9.0
tornado.circle.fill	iOS=16.0	macOS=13.0	tvOS=16.0	visionOS=1.0	watchOS=9.0
trophy	iOS=16.0	macOS=13.0	tvOS=16.0	visionOS=1.0	watchOS=9.0
trophy.circle	iOS=16.0	macOS=13.0	tvOS=16.0	visionOS=1.0	watchOS=9.0
trophy.circle.fill	iOS=16.0	macOS=13.0	tvOS=16.0	visionOS=1.0	watchOS=9.0
trophy.fill	iOS=16.0	macOS=13.0	tvOS=16.0	visionOS=1.0	watchOS=9.0
tropicalstorm.circle	iOS=16.0	macOS=13.0	tvOS=16.0	visionOS=1.0	watchOS=9.0
tropicalstorm.circle.fill	iOS=16.0	macOS=13.0	tvOS=16.0	visionOS=1.0	watchOS=9.0
tugriksign	iOS=16.0	macOS=13.0	tvOS=16.0	visionOS=1.0	watchOS=9.0
turkishlirasign	iOS=16.0	macOS=13.0	tvOS=16.0	visionOS=1.0	watchOS=9.0
tv.and.mediabox.fill	iOS=16.0	macOS=13.0	tvOS=16.0	visionOS=1.0	watchOS=9.0
umbrella.percent	iOS=16.0	macOS=13.0	tvOS=16.0	visionOS=1.0	watchOS=9.0
umbrella.percent.ar	iOS=16.0	macOS=13.0	tvOS=16.0	visionOS=1.0	watchOS=9.0
umbrella.percent.fill	iOS=16.0	macOS=13.0	tvOS=16.0	visionOS=1.0	watchOS=9.0
umbrella.percent.fill.ar	iOS=16.0	macOS=13.0	tvOS=16.0	visionOS=1.0	watchOS=9.0
vial.viewfinder	iOS=16.0	macOS=13.0	tvOS=16.0	visionOS=1.0	watchOS=9.0
video.doorbell	iOS=16.0	macOS=13.0	tvOS=16.0	visionOS=1.0	watchOS=9.0
video.doorbell.fill	iOS=16.0	macOS=13.0	tvOS=16.0	visionOS=1.0	watchOS=9.0
videoprojector	iOS=16.0	macOS=13.0	tvOS=16.0	visionOS=1.0	watchOS=9.0
videoprojector.fill	iOS=16.0	macOS=13.0	tvOS=16.0	visionOS=1.0	watchOS=9.0
volleyball	iOS=16.0	macOS=13.0	tvOS=16.0	visionOS=1.0	watchOS=9.0
volleyball.circle	iOS=16.0	macOS=13.0	tvOS=16.0	visionOS=1.0	watchOS=9.0
volleyball.circle.fill	iOS=16.0	macOS=13.0	tvOS=16.0	visionOS=1.0	watchOS=9.0
volleyball.fill	iOS=16.0	macOS=13.0	tvOS=16.0	visionOS=1.0	watchOS=9.0
washer	iOS=16.0	macOS=13.0	tvOS=16.0	visionOS=1.0	watchOS=9.0
washer.fill	iOS=16.0	macOS=13.0	tvOS=16.0	visionOS=1.0	watchOS=9.0
water.waves	iOS=16.0	macOS=13.0	tvOS=16.0	visionOS=1.0	watchOS=9.0
water.waves.and.arrow.down	iOS=16.0	macOS=13.0	tvOS=16.0	visionOS=1.0	watchOS=9.0
water.waves.and.arrow.down.trianglebadge.exclamationmark	iOS=16.0	macOS=13.0	tvOS=16.0	visionOS=1.0	watchOS=9.0
water.waves.and.arrow.up	iOS=16.0	macOS=13.0	tvOS=16.0	visionOS=1.0	watchOS=9.0
water.waves.slash	iOS=16.0	macOS=13.0	tvOS=16.0	visionOS=1.0	watchOS=9.0
waveform.slash	iOS=16.0	macOS=13.0	tvOS=16.0	visionOS=1.0	watchOS=9.0
web.camera	iOS=16.0	macOS=13.0	tvOS=16.0	visionOS=1.0	watchOS=9.0
web.camera.fill	iOS=16.0	macOS=13.0	tvOS=16.0	visionOS=1.0	watchOS=9.0
wifi.router	iOS=16.0	macOS=13.0	tvOS=16.0	visionOS=1.0	watchOS=9.0
wifi.router.fill	iOS=16.0	macOS=13.0	tvOS=16.0	visionOS=1.0	watchOS=9.0
wind.circle	iOS=16.0	macOS=13.0	tvOS=16.0	visionOS=1.0	watchOS=9.0
wind.circle.fill	iOS=16.0	macOS=13.0	tvOS=16.0	visionOS=1.0	watchOS=9.0
wind.snow.circle	iOS=16.0	macOS=13.0	tvOS=16.0	visionOS=1.0	watchOS=9.0
wind.snow.circle.fill	iOS=16.0	macOS=13.0	tvOS=16.0	visionOS=1.0	watchOS=9.0
window.awning	iOS=16.0	macOS=13.0	tvOS=16.0	visionOS=1.0	watchOS=9.0
window.awning.closed	iOS=16.0	macOS=13.0	tvOS=16.0	visionOS=1.0	watchOS=9.0
window.casement	iOS=16.0	macOS=13.0	tvOS=16.0	visionOS=1.0	watchOS=9.0
window.casement.closed	iOS=16.0	macOS=13.0	tvOS=16.0	visionOS=1.0	watchOS=9.0
window.ceiling	iOS=16.0	macOS=13.0	tvOS=16.0	visionOS=1.0	watchOS=9.0
window.ceiling.closed	iOS=16.0	macOS=13.0	tvOS=16.0	visionOS=1.0	watchOS=9.0
window.horizontal	iOS=16.0	macOS=13.0	tvOS=16.0	visionOS=1.0	watchOS=9.0
window.horizontal.closed	iOS=16.0	macOS=13.0	tvOS=16.0	visionOS=1.0	watchOS=9.0
window.shade.closed	iOS=16.0	macOS=13.0	tvOS=16.0	visionOS=1.0	watchOS=9.0
window.shade.open	iOS=16.0	macOS=13.0	tvOS=16.0	visionOS=1.0	watchOS=9.0
window.vertical.closed	iOS=16.0	macOS=13.0	tvOS=16.0	visionOS=1.0	watchOS=9.0
window.vertical.open	iOS=16.0	macOS=13.0	tvOS=16.0	visionOS=1.0	watchOS=9.0
windshield.front.and.fluid	iOS=16.0	macOS=13.0	tvOS=16.0	visionOS=1.0	watchOS=9.0
windshield.front.and.wiper	iOS=16.0	macOS=13.0	tvOS=16.0	visionOS=1.0	watchOS=9.0
windshield.front.and.wiper.and.drop	iOS=16.0	macOS=13.0	tvOS=16.0	visionOS=1.0	watchOS=9.0
windshield.rear.and.fluid	iOS=16.0	macOS=13.0	tvOS=16.0	visionOS=1.0	watchOS=9.0
windshield.rear.and.wiper	iOS=16.0	macOS=13.0	tvOS=16.0	visionOS=1.0	watchOS=9.0
wineglass	iOS=16.0	macOS=13.0	tvOS=16.0	visionOS=1.0	watchOS=9.0
wineglass.fill	iOS=16.0	macOS=13.0	tvOS=16.0	visionOS=1.0	watchOS=9.0
wonsign	iOS=16.0	macOS=13.0	tvOS=16.0	visionOS=1.0	watchOS=9.0
wrench.adjustable	iOS=16.0	macOS=13.0	tvOS=16.0	visionOS=1.0	watchOS=9.0
wrench.adjustable.fill	iOS=16.0	macOS=13.0	tvOS=16.0	visionOS=1.0	watchOS=9.0
xbox.logo	iOS=16.0	macOS=13.0	tvOS=16.0	visionOS=1.0	watchOS=9.0
yensign	iOS=16.0	macOS=13.0	tvOS=16.0	visionOS=1.0	watchOS=9.0
0.circle.ar	iOS=16.1	macOS=13.0	tvOS=16.1	visionOS=1.0	watchOS=9.1
0.circle.fill.ar	iOS=16.1	macOS=13.0	tvOS=16.1	visionOS=1.0	watchOS=9.1
0.square.ar	iOS=16.1	macOS=13.0	tvOS=16.1	visionOS=1.0	watchOS=9.1
0.square.fill.ar	iOS=16.1	macOS=13.0	tvOS=16.1	visionOS=1.0	watchOS=9.1
1.brakesignal	iOS=16.1	macOS=13.0	tvOS=16.1	visionOS=1.0	watchOS=9.1
1.circle.ar	iOS=16.1	macOS=13.0	tvOS=16.1	visionOS=1.0	watchOS=9.1
1.circle.fill.ar	iOS=16.1	macOS=13.0	tvOS=16.1	visionOS=1.0	watchOS=9.1
1.lane	iOS=16.1	macOS=13.0	tvOS=16.1	visionOS=1.0	watchOS=9.1
1.square.ar	iOS=16.1	macOS=13.0	tvOS=16.1	visionOS=1.0	watchOS=9.1
1.square.fill.ar	iOS=16.1	macOS=13.0	tvOS=16.1	visionOS=1.0	watchOS=9.1
10.lane	iOS=16.1	macOS=13.0	tvOS=16.1	visionOS=1.0	watchOS=9.1
11.lane	iOS=16.1	macOS=13.0	tvOS=16.1	visionOS=1.0	watchOS=9.1
12.lane	iOS=16.1	macOS=13.0	tvOS=16.1	visionOS=1.0	watchOS=9.1
2.brakesignal	iOS=16.1	macOS=13.0	tvOS=16.1	visionOS=1.0	watchOS=9.1
2.circle.ar	iOS=16.1	macOS=13.0	tvOS=16.1	visionOS=1.0	watchOS=9.1
2.circle.fill.ar	iOS=16.1	macOS=13.0	tvOS=16.1	visionOS=1.0	watchOS=9.1
2.lane	iOS=16.1	macOS=13.0	tvOS=16.1	visionOS=1.0	watchOS=9.1
2.square.ar	iOS=16.1	macOS=13.0	tvOS=16.1	visionOS=1.0	watchOS=9.1
2.square.fill.ar	iOS=16.1	macOS=13.0	tvOS=16.1	visionOS=1.0	watchOS=9.1
3.circle.ar	iOS=16.1	macOS=13.0	tvOS=16.1	visionOS=1.0	watchOS=9.1
3.circle.fill.ar	iOS=16.1	macOS=13.0	tvOS=16.1	visionOS=1.0	watchOS=9.1
3.lane	iOS=16.1	macOS=13.0	tvOS=16.1	visionOS=1.0	watchOS=9.1
3.square.ar	iOS=16.1	macOS=13.0	tvOS=16.1	visionOS=1.0	watchOS=9.1
3.square.fill.ar	iOS=16.1	macOS=13.0	tvOS=16.1	visionOS=1.0	watchOS=9.1
4.circle.ar	iOS=16.1	macOS=13.0	tvOS=16.1	visionOS=1.0	watchOS=9.1
4.circle.fill.ar	iOS=16.1	macOS=13.0	tvOS=16.1	visionOS=1.0	watchOS=9.1
4.lane	iOS=16.1	macOS=13.0	tvOS=16.1	visionOS=1.0	watchOS=9.1
4.square.ar	iOS=16.1	macOS=13.0	tvOS=16.1	visionOS=1.0	watchOS=9.1
4.square.fill.ar	iOS=16.1	macOS=13.0	tvOS=16.1	visionOS=1.0	watchOS=9.1
5.circle.ar	iOS=16.1	macOS=13.0	tvOS=16.1	visionOS=1.0	watchOS=9.1
5.circle.fill.ar	iOS=16.1	macOS=13.0	tvOS=16.1	visionOS=1.0	watchOS=9.1
5.lane	iOS=16.1	macOS=13.0	tvOS=16.1	visionOS=1.0	watchOS=9.1
5.square.ar	iOS=16.1	macOS=13.0	tvOS=16.1	visionOS=1.0	watchOS=9.1
5.square.fill.ar	iOS=16.1	macOS=13.0	tvOS=16.1	visionOS=1.0	watchOS=9.1
6.circle.ar	iOS=16.1	macOS=13.0	tvOS=16.1	visionOS=1.0	watchOS=9.1
6.circle.fill.ar	iOS=16.1	macOS=13.0	tvOS=16.1	visionOS=1.0	watchOS=9.1
6.lane	iOS=16.1	macOS=13.0	tvOS=16.1	visionOS=1.0	watchOS=9.1
6.square.ar	iOS=16.1	macOS=13.0	tvOS=16.1	visionOS=1.0	watchOS=9.1
6.square.fill.ar	iOS=16.1	macOS=13.0	tvOS=16.1	visionOS=1.0	watchOS=9.1
7.circle.ar	iOS=16.1	macOS=13.0	tvOS=16.1	visionOS=1.0	watchOS=9.1
7.circle.fill.ar	iOS=16.1	macOS=13.0	tvOS=16.1	visionOS=1.0	watchOS=9.1
7.lane	iOS=16.1	macOS=13.0	tvOS=16.1	visionOS=1.0	watchOS=9.1
7.square.ar	iOS=16.1	macOS=13.0	tvOS=16.1	visionOS=1.0	watchOS=9.1
7.square.fill.ar	iOS=16.1	macOS=13.0	tvOS=16.1	visionOS=1.0	watchOS=9.1
8.circle.ar	iOS=16.1	macOS=13.0	tvOS=16.1	visionOS=1.0	watchOS=9.1
8.circle.fill.ar	iOS=16.1	macOS=13.0	tvOS=16.1	visionOS=1.0	watchOS=9.1
8.lane	iOS=16.1	macOS=13.0	tvOS=16.1	visionOS=1.0	watchOS=9.1
8.square.ar	iOS=16.1	macOS=13.0	tvOS=16.1	visionOS=1.0	watchOS=9.1
8.square.fill.ar	iOS=16.1	macOS=13.0	tvOS=16.1	visionOS=1.0	watchOS=9.1
9.circle.ar	iOS=16.1	macOS=13.0	tvOS=16.1	visionOS=1.0	watchOS=9.1
9.circle.fill.ar	iOS=16.1	macOS=13.0	tvOS=16.1	visionOS=1.0	watchOS=9.1
9.lane	iOS=16.1	macOS=13.0	tvOS=16.1	visionOS=1.0	watchOS=9.1
9.square.ar	iOS=16.1	macOS=13.0	tvOS=16.1	visionOS=1.0	watchOS=9.1
9.square.fill.ar	iOS=16.1	macOS=13.0	tvOS=16.1	visionOS=1.0	watchOS=9.1
abs	iOS=16.1	macOS=13.0	tvOS=16.1	visionOS=1.0	watchOS=9.1
abs.brakesignal.slash	iOS=16.1	macOS=13.0	tvOS=16.1	visionOS=1.0	watchOS=9.1
abs.circle	iOS=16.1	macOS=13.0	tvOS=16.1	visionOS=1.0	watchOS=9.1
abs.circle.fill	iOS=16.1	macOS=13.0	tvOS=16.1	visionOS=1.0	watchOS=9.1
auto.brakesignal	iOS=16.1	macOS=13.0	tvOS=16.1	visionOS=1.0	watchOS=9.1
auto.headlight.high.beam	iOS=16.1	macOS=13.0	tvOS=16.1	visionOS=1.0	watchOS=9.1
auto.headlight.high.beam.fill	iOS=16.1	macOS=13.0	tvOS=16.1	visionOS=1.0	watchOS=9.1
auto.headlight.low.beam	iOS=16.1	macOS=13.0	tvOS=16.1	visionOS=1.0	watchOS=9.1
auto.headlight.low.beam.fill	iOS=16.1	macOS=13.0	tvOS=16.1	visionOS=1.0	watchOS=9.1
autostartstop	iOS=16.1	macOS=13.0	tvOS=16.1	visionOS=1.0	watchOS=9.1
autostartstop.slash	iOS=16.1	macOS=13.0	tvOS=16.1	visionOS=1.0	watchOS=9.1
autostartstop.trianglebadge.exclamationmark	iOS=16.1	macOS=13.0	tvOS=16.1	visionOS=1.0	watchOS=9.1
axel.2	iOS=16.1	macOS=13.0	tvOS=16.1	visionOS=1.0	watchOS=9.1
axel.2.front.and.rear.engaged	iOS=16.1	macOS=13.0	tvOS=16.1	visionOS=1.0	watchOS=9.1
axel.2.front.engaged	iOS=16.1	macOS=13.0	tvOS=16.1	visionOS=1.0	watchOS=9.1
axel.2.rear.engaged	iOS=16.1	macOS=13.0	tvOS=16.1	visionOS=1.0	watchOS=9.1
backpack.circle	iOS=16.1	macOS=13.0	tvOS=16.1	visionOS=1.0	watchOS=9.1
backpack.circle.fill	iOS=16.1	macOS=13.0	tvOS=16.1	visionOS=1.0	watchOS=9.1
batteryblock	iOS=16.1	macOS=13.0	tvOS=16.1	visionOS=1.0	watchOS=9.1
batteryblock.fill	iOS=16.1	macOS=13.0	tvOS=16.1	visionOS=1.0	watchOS=9.1
batteryblock.slash	iOS=16.1	macOS=13.0	tvOS=16.1	visionOS=1.0	watchOS=9.1
batteryblock.slash.fill	iOS=16.1	macOS=13.0	tvOS=16.1	visionOS=1.0	watchOS=9.1
bolt.trianglebadge.exclamationmark	iOS=16.1	macOS=13.0	tvOS=16.1	visionOS=1.0	watchOS=9.1
bolt.trianglebadge.exclamationmark.fill	iOS=16.1	macOS=13.0	tvOS=16.1	visionOS=1.0	watchOS=9.1
car.front.waves.up	iOS=16.1	macOS=13.0	tvOS=16.1	visionOS=1.0	watchOS=9.1
car.front.waves.up.fill	iOS=16.1	macOS=13.0	tvOS=16.1	visionOS=1.0	watchOS=9.1
car.rear	iOS=16.1	macOS=13.0	tvOS=16.1	visionOS=1.0	watchOS=9.1
car.rear.and.tire.marks	iOS=16.1	macOS=13.0	tvOS=16.1	visionOS=1.0	watchOS=9.1
car.rear.and.tire.marks.slash	iOS=16.1	macOS=13.0	tvOS=16.1	visionOS=1.0	watchOS=9.1
car.rear.fill	iOS=16.1	macOS=13.0	tvOS=16.1	visionOS=1.0	watchOS=9.1
car.rear.road.lane	iOS=16.1	macOS=13.0	tvOS=16.1	visionOS=1.0	watchOS=9.1
car.rear.road.lane.dashed	iOS=16.1	macOS=13.0	tvOS=16.1	visionOS=1.0	watchOS=9.1
car.rear.waves.up	iOS=16.1	macOS=13.0	tvOS=16.1	visionOS=1.0	watchOS=9.1
car.rear.waves.up.fill	iOS=16.1	macOS=13.0	tvOS=16.1	visionOS=1.0	watchOS=9.1
car.side	iOS=16.1	macOS=13.0	tvOS=16.1	visionOS=1.0	watchOS=9.1
car.side.air.circulate	iOS=16.1	macOS=13.0	tvOS=16.1	visionOS=1.0	watchOS=9.1
car.side.air.circulate.fill	iOS=16.1	macOS=13.0	tvOS=16.1	visionOS=1.0	watchOS=9.1
car.side.air.fresh	iOS=16.1	macOS=13.0	tvOS=16.1	visionOS=1.0	watchOS=9.1
car.side.air.fresh.fill	iOS=16.1	macOS=13.0	tvOS=16.1	visionOS=1.0	watchOS=9.1
car.side.and.exclamationmark	iOS=16.1	macOS=13.0	tvOS=16.1	visionOS=1.0	watchOS=9.1
car.side.and.exclamationmark.fill	iOS=16.1	macOS=13.0	tvOS=16.1	visionOS=1.0	watchOS=9.1
car.side.arrowtriangle.down	iOS=16.1	macOS=13.0	tvOS=16.1	visionOS=1.0	watchOS=9.1
car.side.arrowtriangle.down.fill	iOS=16.1	macOS=13.0	tvOS=16.1	visionOS=1.0	watchOS=9.1
car.side.arrowtriangle.up	iOS=16.1	macOS=13.0	tvOS=16.1	visionOS=1.0	watchOS=9.1
car.side.arrowtriangle.up.arrowtriangle.down	iOS=16.1	macOS=13.0	tvOS=16.1	visionOS=1.0	watchOS=9.1
car.side.arrowtriangle.up.arrowtriangle.down.fill	iOS=16.1	macOS=13.0	tvOS=16.1	visionOS=1.0	watchOS=9.1
car.side.arrowtriangle.up.fill	iOS=16.1	macOS=13.0	tvOS=16.1	visionOS=1.0	watchOS=9.1
car.side.fill	iOS=16.1	macOS=13.0	tvOS=16.1	visionOS=1.0	watchOS=9.1
car.side.front.open	iOS=16.1	macOS=13.0	tvOS=16.1	visionOS=1.0	watchOS=9.1
car.side.front.open.fill	iOS=16.1	macOS=13.0	tvOS=16.1	visionOS=1.0	watchOS=9.1
car.side.rear.open	iOS=16.1	macOS=13.0	tvOS=16.1	visionOS=1.0	watchOS=9.1
car.side.rear.open.fill	iOS=16.1	macOS=13.0	tvOS=16.1	visionOS=1.0	watchOS=9.1
car.top.door.front.left.and.front.right.and.rear.left.and.rear.right.open	iOS=16.1	macOS=13.0	tvOS=16.1	visionOS=1.0	watchOS=9.1
car.top.door.front.left.and.front.right.and.rear.left.and.rear.right.open.fill	iOS=16.1	macOS=13.0	tvOS=16.1	visionOS=1.0	watchOS=9.1
car.top.door.front.left.and.front.right.and.rear.left.open	iOS=16.1	macOS=13.0	tvOS=16.1	visionOS=1.0	watchOS=9.1
car.top.door.front.left.and.front.right.and.rear.left.open.fill	iOS=16.1	macOS=13.0	tvOS=16.1	visionOS=1.0	watchOS=9.1
car.top.door.front.left.and.front.right.and.rear.right.open	iOS=16.1	macOS=13.0	tvOS=16.1	visionOS=1.0	watchOS=9.1
car.top.door.front.left.and.front.right.and.rear.right.open.fill	iOS=16.1	macOS=13.0	tvOS=16.1	visionOS=1.0	watchOS=9.1
car.top.door.front.left.and.front.right.open	iOS=16.1	macOS=13.0	tvOS=16.1	visionOS=1.0	watchOS=9.1
car.top.door.front.left.and.front.right.open.fill	iOS=16.1	macOS=13.0	tvOS=16.1	visionOS=1.0	watchOS=9.1
car.top.door.front.left.and.rear.left.and.rear.right.open	iOS=16.1	macOS=13.0	tvOS=16.1	visionOS=1.0	watchOS=9.1
car.top.door.front.left.and.rear.left.and.rear.right.open.fill	iOS=16.1	macOS=13.0	tvOS=16.1	visionOS=1.0	watchOS=9.1
car.top.door.front.left.and.rear.left.open	iOS=16.1	macOS=13.0	tvOS=16.1	visionOS=1.0	watchOS=9.1
car.top.door.front.left.and.rear.left.open.fill	iOS=16.1	macOS=13.0	tvOS=16.1	visionOS=1.0	watchOS=9.1
car.top.door.front.left.and.rear.right.open	iOS=16.1	macOS=13.0	tvOS=16.1	visionOS=1.0	watchOS=9.1
car.top.door.front.left.and.rear.right.open.fill	iOS=16.1	macOS=13.0	tvOS=16.1	visionOS=1.0	watchOS=9.1
car.top.door.front.left.open	iOS=16.1	macOS=13.0	tvOS=16.1	visionOS=1.0	watchOS=9.1
car.top.door.front.left.open.fill	iOS=16.1	macOS=13.0	tvOS=16.1	visionOS=1.0	watchOS=9.1
car.top.door.front.right.and.rear.left.and.rear.right.open	iOS=16.1	macOS=13.0	tvOS=16.1	visionOS=1.0	watchOS=9.1
car.top.door.front.right.and.rear.left.and.rear.right.open.fill	iOS=16.1	macOS=13.0	tvOS=16.1	visionOS=1.0	watchOS=9.1
car.top.door.front.right.and.rear.left.open	iOS=16.1	macOS=13.0	tvOS=16.1	visionOS=1.0	watchOS=9.1
car.top.door.front.right.and.rear.left.open.fill	iOS=16.1	macOS=13.0	tvOS=16.1	visionOS=1.0	watchOS=9.1
car.top.door.front.right.and.rear.right.open	iOS=16.1	macOS=13.0	tvOS=16.1	visionOS=1.0	watchOS=9.1
car.top.door.front.right.and.rear.right.open.fill	iOS=16.1	macOS=13.0	tvOS=16.1	visionOS=1.0	watchOS=9.1
car.top.door.front.right.open	iOS=16.1	macOS=13.0	tvOS=16.1	visionOS=1.0	watchOS=9.1
car.top.door.front.right.open.fill	iOS=16.1	macOS=13.0	tvOS=16.1	visionOS=1.0	watchOS=9.1
car.top.door.rear.left.and.rear.right.open	iOS=16.1	macOS=13.0	tvOS=16.1	visionOS=1.0	watchOS=9.1
car.top.door.rear.left.and.rear.right.open.fill	iOS=16.1	macOS=13.0	tvOS=16.1	visionOS=1.0	watchOS=9.1
car.top.door.rear.left.open	iOS=16.1	macOS=13.0	tvOS=16.1	visionOS=1.0	watchOS=9.1
car.top.door.rear.left.open.fill	iOS=16.1	macOS=13.0	tvOS=16.1	visionOS=1.0	watchOS=9.1
car.top.door.rear.right.open	iOS=16.1	macOS=13.0	tvOS=16.1	visionOS=1.0	watchOS=9.1
car.top.door.rear.right.open.fill	iOS=16.1	macOS=13.0	tvOS=16.1	visionOS=1.0	watchOS=9.1
car.top.lane.dashed.arrowtriangle.inward	iOS=16.1	macOS=13.0	tvOS=16.1	visionOS=1.0	watchOS=9.1
car.top.lane.dashed.arrowtriangle.inward.fill	iOS=16.1	macOS=13.0	tvOS=16.1	visionOS=1.0	watchOS=9.1
car.top.lane.dashed.badge.steeringwheel	iOS=16.1	macOS=13.0	tvOS=16.1	visionOS=1.0	watchOS=9.1
car.top.lane.dashed.badge.steeringwheel.fill	iOS=16.1	macOS=13.0	tvOS=16.1	visionOS=1.0	watchOS=9.1
car.top.lane.dashed.departure.left	iOS=16.1	macOS=13.0	tvOS=16.1	visionOS=1.0	watchOS=9.1
car.top.lane.dashed.departure.left.fill	iOS=16.1	macOS=13.0	tvOS=16.1	visionOS=1.0	watchOS=9.1
car.top.lane.dashed.departure.right	iOS=16.1	macOS=13.0	tvOS=16.1	visionOS=1.0	watchOS=9.1
car.top.lane.dashed.departure.right.fill	iOS=16.1	macOS=13.0	tvOS=16.1	visionOS=1.0	watchOS=9.1
car.top.radiowaves.front	iOS=16.1	macOS=13.0	tvOS=16.1	visionOS=1.0	watchOS=9.1
car.top.radiowaves.front.fill	iOS=16.1	macOS=13.0	tvOS=16.1	visionOS=1.0	watchOS=9.1
car.top.radiowaves.rear	iOS=16.1	macOS=13.0	tvOS=16.1	visionOS=1.0	watchOS=9.1
car.top.radiowaves.rear.fill	iOS=16.1	macOS=13.0	tvOS=16.1	visionOS=1.0	watchOS=9.1
car.top.radiowaves.rear.left	iOS=16.1	macOS=13.0	tvOS=16.1	visionOS=1.0	watchOS=9.1
car.top.radiowaves.rear.left.and.rear.right	iOS=16.1	macOS=13.0	tvOS=16.1	visionOS=1.0	watchOS=9.1
car.top.radiowaves.rear.left.and.rear.right.fill	iOS=16.1	macOS=13.0	tvOS=16.1	visionOS=1.0	watchOS=9.1
car.top.radiowaves.rear.left.fill	iOS=16.1	macOS=13.0	tvOS=16.1	visionOS=1.0	watchOS=9.1
car.top.radiowaves.rear.right	iOS=16.1	macOS=13.0	tvOS=16.1	visionOS=1.0	watchOS=9.1
car.top.radiowaves.rear.right.fill	iOS=16.1	macOS=13.0	tvOS=16.1	visionOS=1.0	watchOS=9.1
chart.dots.scatter	iOS=16.1	macOS=13.0	tvOS=16.1	visionOS=1.0	watchOS=9.1
cross.case.circle	iOS=16.1	macOS=13.0	tvOS=16.1	visionOS=1.0	watchOS=9.1
cross.case.circle.fill	iOS=16.1	macOS=13.0	tvOS=16.1	visionOS=1.0	watchOS=9.1
ellipsis.viewfinder	iOS=16.1	macOS=13.0	tvOS=16.1	visionOS=1.0	watchOS=9.1
engine.combustion	iOS=16.1	macOS=13.0	tvOS=16.1	visionOS=1.0	watchOS=9.1
engine.combustion.fill	iOS=16.1	macOS=13.0	tvOS=16.1	visionOS=1.0	watchOS=9.1
exclamationmark.transmission	iOS=16.1	macOS=13.0	tvOS=16.1	visionOS=1.0	watchOS=9.1
figure.run.square.stack	iOS=16.1	macOS=13.0	tvOS=16.1	visionOS=1.0	watchOS=9.1
figure.run.square.stack.fill	iOS=16.1	macOS=13.0	tvOS=16.1	visionOS=1.0	watchOS=9.1
figure.seated.seatbelt	iOS=16.1	macOS=13.0	tvOS=16.1	visionOS=1.0	watchOS=9.1
figure.seated.seatbelt.and.airbag.off	iOS=16.1	macOS=13.0	tvOS=16.1	visionOS=1.0	watchOS=9.1
figure.seated.seatbelt.and.airbag.on	iOS=16.1	macOS=13.0	tvOS=16.1	visionOS=1.0	watchOS=9.1
figure.seated.side.air.lower	iOS=16.1	macOS=13.0	tvOS=16.1	visionOS=1.0	watchOS=9.1
figure.seated.side.air.upper	iOS=16.1	macOS=13.0	tvOS=16.1	visionOS=1.0	watchOS=9.1
figure.seated.side.air.upper.and.lower	iOS=16.1	macOS=13.0	tvOS=16.1	visionOS=1.0	watchOS=9.1
figure.seated.side.air.windshield	iOS=16.1	macOS=13.0	tvOS=16.1	visionOS=1.0	watchOS=9.1
figure.seated.side.airbag.off	iOS=16.1	macOS=13.0	tvOS=16.1	visionOS=1.0	watchOS=9.1
figure.seated.side.airbag.off.2	iOS=16.1	macOS=13.0	tvOS=16.1	visionOS=1.0	watchOS=9.1
figure.seated.side.airbag.on	iOS=16.1	macOS=13.0	tvOS=16.1	visionOS=1.0	watchOS=9.1
figure.seated.side.airbag.on.2	iOS=16.1	macOS=13.0	tvOS=16.1	visionOS=1.0	watchOS=9.1
figure.seated.side.windshield.front.and.heat.waves	iOS=16.1	macOS=13.0	tvOS=16.1	visionOS=1.0	watchOS=9.1
fish.circle	iOS=16.1	macOS=13.0	tvOS=16.1	visionOS=1.0	watchOS=9.1
fish.circle.fill	iOS=16.1	macOS=13.0	tvOS=16.1	visionOS=1.0	watchOS=9.1
flag.checkered.circle	iOS=16.1	macOS=13.0	tvOS=16.1	visionOS=1.0	watchOS=9.1
flag.checkered.circle.fill	iOS=16.1	macOS=13.0	tvOS=16.1	visionOS=1.0	watchOS=9.1
fluid.transmission	iOS=16.1	macOS=13.0	tvOS=16.1	visionOS=1.0	watchOS=9.1
glowplug	iOS=16.1	macOS=13.0	tvOS=16.1	visionOS=1.0	watchOS=9.1
hand.raised.app	iOS=16.1	macOS=13.0	tvOS=16.1	visionOS=1.0	watchOS=9.1
hand.raised.app.fill	iOS=16.1	macOS=13.0	tvOS=16.1	visionOS=1.0	watchOS=9.1
hand.raised.brakesignal	iOS=16.1	macOS=13.0	tvOS=16.1	visionOS=1.0	watchOS=9.1
hand.raised.brakesignal.slash	iOS=16.1	macOS=13.0	tvOS=16.1	visionOS=1.0	watchOS=9.1
handbag	iOS=16.1	macOS=13.0	tvOS=16.1	visionOS=1.0	watchOS=9.1
handbag.fill	iOS=16.1	macOS=13.0	tvOS=16.1	visionOS=1.0	watchOS=9.1
hazardsign	iOS=16.1	macOS=13.0	tvOS=16.1	visionOS=1.0	watchOS=9.1
hazardsign.fill	iOS=16.1	macOS=13.0	tvOS=16.1	visionOS=1.0	watchOS=9.1
headlight.daytime	iOS=16.1	macOS=13.0	tvOS=16.1	visionOS=1.0	watchOS=9.1
headlight.daytime.fill	iOS=16.1	macOS=13.0	tvOS=16.1	visionOS=1.0	watchOS=9.1
headlight.fog	iOS=16.1	macOS=13.0	tvOS=16.1	visionOS=1.0	watchOS=9.1
headlight.fog.fill	iOS=16.1	macOS=13.0	tvOS=16.1	visionOS=1.0	watchOS=9.1
heat.element.windshield	iOS=16.1	macOS=13.0	tvOS=16.1	visionOS=1.0	watchOS=9.1
house.and.flag	iOS=16.1	macOS=13.0	tvOS=16.1	visionOS=1.0	watchOS=9.1
house.and.flag.circle	iOS=16.1	macOS=13.0	tvOS=16.1	visionOS=1.0	watchOS=9.1
house.and.flag.circle.fill	iOS=16.1	macOS=13.0	tvOS=16.1	visionOS=1.0	watchOS=9.1
house.and.flag.fill	iOS=16.1	macOS=13.0	tvOS=16.1	visionOS=1.0	watchOS=9.1
house.lodge	iOS=16.1	macOS=13.0	tvOS=16.1	visionOS=1.0	watchOS=9.1
house.lodge.circle	iOS=16.1	macOS=13.0	tvOS=16.1	visionOS=1.0	watchOS=9.1
house.lodge.circle.fill	iOS=16.1	macOS=13.0	tvOS=16.1	visionOS=1.0	watchOS=9.1
house.lodge.fill	iOS=16.1	macOS=13.0	tvOS=16.1	visionOS=1.0	watchOS=9.1
info.windshield	iOS=16.1	macOS=13.0	tvOS=16.1	visionOS=1.0	watchOS=9.1
ipad.and.iphone.slash	iOS=16.1	macOS=13.0	tvOS=16.1	visionOS=1.0	watchOS=9.1
ipad.gen1	iOS=16.1	macOS=13.0	tvOS=16.1	visionOS=1.0	watchOS=9.1
ipad.gen1.badge.play	iOS=16.1	macOS=13.0	tvOS=16.1	visionOS=1.0	watchOS=9.1
ipad.gen1.landscape	iOS=16.1	macOS=13.0	tvOS=16.1	visionOS=1.0	watchOS=9.1
ipad.gen1.landscape.badge.play	iOS=16.1	macOS=13.0	tvOS=16.1	visionOS=1.0	watchOS=9.1
ipad.gen2	iOS=16.1	macOS=13.0	tvOS=16.1	visionOS=1.0	watchOS=9.1
ipad.gen2.badge.play	iOS=16.1	macOS=13.0	tvOS=16.1	visionOS=1.0	watchOS=9.1
ipad.gen2.landscape	iOS=16.1	macOS=13.0	tvOS=16.1	visionOS=1.0	watchOS=9.1
ipad.gen2.landscape.badge.play	iOS=16.1	macOS=13.0	tvOS=16.1	visionOS=1.0	watchOS=9.1
iphone.gen1	iOS=16.1	macOS=13.0	tvOS=16.1	visionOS=1.0	watchOS=9.1
iphone.gen1.badge.play	iOS=16.1	macOS=13.0	tvOS=16.1	visionOS=1.0	watchOS=9.1
iphone.gen1.circle	iOS=16.1	macOS=13.0	tvOS=16.1	visionOS=1.0	watchOS=9.1
iphone.gen1.circle.fill	iOS=16.1	macOS=13.0	tvOS=16.1	visionOS=1.0	watchOS=9.1
iphone.gen1.landscape	iOS=16.1	macOS=13.0	tvOS=16.1	visionOS=1.0	watchOS=9.1
iphone.gen1.radiowaves.left.and.right	iOS=16.1	macOS=13.0	tvOS=16.1	visionOS=1.0	watchOS=9.1
iphone.gen1.radiowaves.left.and.right.circle	iOS=16.1	macOS=13.0	tvOS=16.1	visionOS=1.0	watchOS=9.1
iphone.gen1.radiowaves.left.and.right.circle.fill	iOS=16.1	macOS=13.0	tvOS=16.1	visionOS=1.0	watchOS=9.1
iphone.gen1.slash	iOS=16.1	macOS=13.0	tvOS=16.1	visionOS=1.0	watchOS=9.1
iphone.gen1.slash.circle	iOS=16.1	macOS=13.0	tvOS=16.1	visionOS=1.0	watchOS=9.1
iphone.gen1.slash.circle.fill	iOS=16.1	macOS=13.0	tvOS=16.1	visionOS=1.0	watchOS=9.1
iphone.gen2	iOS=16.1	macOS=13.0	tvOS=16.1	visionOS=1.0	watchOS=9.1
iphone.gen2.badge.play	iOS=16.1	macOS=13.0	tvOS=16.1	visionOS=1.0	watchOS=9.1
iphone.gen2.circle	iOS=16.1	macOS=13.0	tvOS=16.1	visionOS=1.0	watchOS=9.1
iphone.gen2.circle.fill	iOS=16.1	macOS=13.0	tvOS=16.1	visionOS=1.0	watchOS=9.1
iphone.gen2.landscape	iOS=16.1	macOS=13.0	tvOS=16.1	visionOS=1.0	watchOS=9.1
iphone.gen2.radiowaves.left.and.right	iOS=16.1	macOS=13.0	tvOS=16.1	visionOS=1.0	watchOS=9.1
iphone.gen2.radiowaves.left.and.right.circle	iOS=16.1	macOS=13.0	tvOS=16.1	visionOS=1.0	watchOS=9.1
iphone.gen2.radiowaves.left.and.right.circle.fill	iOS=16.1	macOS=13.0	tvOS=16.1	visionOS=1.0	watchOS=9.1
iphone.gen2.slash	iOS=16.1	macOS=13.0	tvOS=16.1	visionOS=1.0	watchOS=9.1
iphone.gen2.slash.circle	iOS=16.1	macOS=13.0	tvOS=16.1	visionOS=1.0	watchOS=9.1
iphone.gen2.slash.circle.fill	iOS=16.1	macOS=13.0	tvOS=16.1	visionOS=1.0	watchOS=9.1
iphone.gen3	iOS=16.1	macOS=13.0	tvOS=16.1	visionOS=1.0	watchOS=9.1
iphone.gen3.badge.play	iOS=16.1	macOS=13.0	tvOS=16.1	visionOS=1.0	watchOS=9.1
iphone.gen3.circle	iOS=16.1	macOS=13.0	tvOS=16.1	visionOS=1.0	watchOS=9.1
iphone.gen3.circle.fill	iOS=16.1	macOS=13.0	tvOS=16.1	visionOS=1.0	watchOS=9.1
iphone.gen3.landscape	iOS=16.1	macOS=13.0	tvOS=16.1	visionOS=1.0	watchOS=9.1
iphone.gen3.radiowaves.left.and.right	iOS=16.1	macOS=13.0	tvOS=16.1	visionOS=1.0	watchOS=9.1
iphone.gen3.radiowaves.left.and.right.circle	iOS=16.1	macOS=13.0	tvOS=16.1	visionOS=1.0	watchOS=9.1
iphone.gen3.radiowaves.left.and.right.circle.fill	iOS=16.1	macOS=13.0	tvOS=16.1	visionOS=1.0	watchOS=9.1
iphone.gen3.slash	iOS=16.1	macOS=13.0	tvOS=16.1	visionOS=1.0	watchOS=9.1
iphone.gen3.slash.circle	iOS=16.1	macOS=13.0	tvOS=16.1	visionOS=1.0	watchOS=9.1
iphone.gen3.slash.circle.fill	iOS=16.1	macOS=13.0	tvOS=16.1	visionOS=1.0	watchOS=9.1
key.horizontal	iOS=16.1	macOS=13.0	tvOS=16.1	visionOS=1.0	watchOS=9.1
key.horizontal.fill	iOS=16.1	macOS=13.0	tvOS=16.1	visionOS=1.0	watchOS=9.1
key.radiowaves.forward	iOS=16.1	macOS=13.0	tvOS=16.1	visionOS=1.0	watchOS=9.1
key.radiowaves.forward.fill	iOS=16.1	macOS=13.0	tvOS=16.1	visionOS=1.0	watchOS=9.1
kph	iOS=16.1	macOS=13.0	tvOS=16.1	visionOS=1.0	watchOS=9.1
kph.circle	iOS=16.1	macOS=13.0	tvOS=16.1	visionOS=1.0	watchOS=9.1
kph.circle.fill	iOS=16.1	macOS=13.0	tvOS=16.1	visionOS=1.0	watchOS=9.1
lane	iOS=16.1	macOS=13.0	tvOS=16.1	visionOS=1.0	watchOS=9.1
laptopcomputer.slash	iOS=16.1	macOS=13.0	tvOS=16.1	visionOS=1.0	watchOS=9.1
light.overhead.left	iOS=16.1	macOS=13.0	tvOS=16.1	visionOS=1.0	watchOS=9.1
light.overhead.left.fill	iOS=16.1	macOS=13.0	tvOS=16.1	visionOS=1.0	watchOS=9.1
light.overhead.right	iOS=16.1	macOS=13.0	tvOS=16.1	visionOS=1.0	watchOS=9.1
light.overhead.right.fill	iOS=16.1	macOS=13.0	tvOS=16.1	visionOS=1.0	watchOS=9.1
lock.open.rotation	iOS=16.1	macOS=13.0	tvOS=16.1	visionOS=1.0	watchOS=9.1
macbook.and.ipad	iOS=16.1	macOS=13.0	tvOS=16.1	visionOS=1.0	watchOS=9.1
macbook.and.iphone	iOS=16.1	macOS=13.0	tvOS=16.1	visionOS=1.0	watchOS=9.1
minus.plus.and.fluid.batteryblock	iOS=16.1	macOS=13.0	tvOS=16.1	visionOS=1.0	watchOS=9.1
minus.plus.batteryblock.exclamationmark	iOS=16.1	macOS=13.0	tvOS=16.1	visionOS=1.0	watchOS=9.1
minus.plus.batteryblock.exclamationmark.fill	iOS=16.1	macOS=13.0	tvOS=16.1	visionOS=1.0	watchOS=9.1
minus.plus.batteryblock.slash	iOS=16.1	macOS=13.0	tvOS=16.1	visionOS=1.0	watchOS=9.1
minus.plus.batteryblock.slash.fill	iOS=16.1	macOS=13.0	tvOS=16.1	visionOS=1.0	watchOS=9.1
minus.plus.batteryblock.stack	iOS=16.1	macOS=13.0	tvOS=16.1	visionOS=1.0	watchOS=9.1
minus.plus.batteryblock.stack.exclamationmark	iOS=16.1	macOS=13.0	tvOS=16.1	visionOS=1.0	watchOS=9.1
minus.plus.batteryblock.stack.exclamationmark.fill	iOS=16.1	macOS=13.0	tvOS=16.1	visionOS=1.0	watchOS=9.1
minus.plus.batteryblock.stack.fill	iOS=16.1	macOS=13.0	tvOS=16.1	visionOS=1.0	watchOS=9.1
mirror.side.left.and.arrow.turn.down.right	iOS=16.1	macOS=13.0	tvOS=16.1	visionOS=1.0	watchOS=9.1
mirror.side.left.and.heat.waves	iOS=16.1	macOS=13.0	tvOS=16.1	visionOS=1.0	watchOS=9.1
mirror.side.right.and.arrow.turn.down.left	iOS=16.1	macOS=13.0	tvOS=16.1	visionOS=1.0	watchOS=9.1
mirror.side.right.and.heat.waves	iOS=16.1	macOS=13.0	tvOS=16.1	visionOS=1.0	watchOS=9.1
mountain.2	iOS=16.1	macOS=13.0	tvOS=16.1	visionOS=1.0	watchOS=9.1
mountain.2.circle	iOS=16.1	macOS=13.0	tvOS=16.1	visionOS=1.0	watchOS=9.1
mountain.2.circle.fill	iOS=16.1	macOS=13.0	tvOS=16.1	visionOS=1.0	watchOS=9.1
mountain.2.fill	iOS=16.1	macOS=13.0	tvOS=16.1	visionOS=1.0	watchOS=9.1
mph	iOS=16.1	macOS=13.0	tvOS=16.1	visionOS=1.0	watchOS=9.1
mph.circle	iOS=16.1	macOS=13.0	tvOS=16.1	visionOS=1.0	watchOS=9.1
mph.circle.fill	iOS=16.1	macOS=13.0	tvOS=16.1	visionOS=1.0	watchOS=9.1
mug	iOS=16.1	macOS=13.0	tvOS=16.1	visionOS=1.0	watchOS=9.1
mug.fill	iOS=16.1	macOS=13.0	tvOS=16.1	visionOS=1.0	watchOS=9.1
oilcan	iOS=16.1	macOS=13.0	tvOS=16.1	visionOS=1.0	watchOS=9.1
oilcan.fill	iOS=16.1	macOS=13.0	tvOS=16.1	visionOS=1.0	watchOS=9.1
person.crop.circle.dashed	iOS=16.1	macOS=13.0	tvOS=16.1	visionOS=1.0	watchOS=9.1
play.square.stack	iOS=16.1	macOS=13.0	tvOS=16.1	visionOS=1.0	watchOS=9.1
play.square.stack.fill	iOS=16.1	macOS=13.0	tvOS=16.1	visionOS=1.0	watchOS=9.1
questionmark.key.filled	iOS=16.1	macOS=13.0	tvOS=16.1	visionOS=1.0	watchOS=9.1
retarder.brakesignal	iOS=16.1	macOS=13.0	tvOS=16.1	visionOS=1.0	watchOS=9.1
road.lane.arrowtriangle.2.inward	iOS=16.1	macOS=13.0	tvOS=16.1	visionOS=1.0	watchOS=9.1
sailboat.circle	iOS=16.1	macOS=13.0	tvOS=16.1	visionOS=1.0	watchOS=9.1
sailboat.circle.fill	iOS=16.1	macOS=13.0	tvOS=16.1	visionOS=1.0	watchOS=9.1
signpost.and.arrowtriangle.up	iOS=16.1	macOS=13.0	tvOS=16.1	visionOS=1.0	watchOS=9.1
signpost.and.arrowtriangle.up.circle	iOS=16.1	macOS=13.0	tvOS=16.1	visionOS=1.0	watchOS=9.1
signpost.and.arrowtriangle.up.circle.fill	iOS=16.1	macOS=13.0	tvOS=16.1	visionOS=1.0	watchOS=9.1
signpost.and.arrowtriangle.up.fill	iOS=16.1	macOS=13.0	tvOS=16.1	visionOS=1.0	watchOS=9.1
signpost.left.circle	iOS=16.1	macOS=13.0	tvOS=16.1	visionOS=1.0	watchOS=9.1
signpost.left.circle.fill	iOS=16.1	macOS=13.0	tvOS=16.1	visionOS=1.0	watchOS=9.1
signpost.right.and.left	iOS=16.1	macOS=13.0	tvOS=16.1	visionOS=1.0	watchOS=9.1
signpost.right.and.left.circle	iOS=16.1	macOS=13.0	tvOS=16.1	visionOS=1.0	watchOS=9.1
signpost.right.and.left.circle.fill	iOS=16.1	macOS=13.0	tvOS=16.1	visionOS=1.0	watchOS=9.1
signpost.right.and.left.fill	iOS=16.1	macOS=13.0	tvOS=16.1	visionOS=1.0	watchOS=9.1
signpost.right.circle	iOS=16.1	macOS=13.0	tvOS=16.1	visionOS=1.0	watchOS=9.1
signpost.right.circle.fill	iOS=16.1	macOS=13.0	tvOS=16.1	visionOS=1.0	watchOS=9.1
snowflake.road.lane	iOS=16.1	macOS=13.0	tvOS=16.1	visionOS=1.0	watchOS=9.1
snowflake.road.lane.dashed	iOS=16.1	macOS=13.0	tvOS=16.1	visionOS=1.0	watchOS=9.1
snowflake.slash	iOS=16.1	macOS=13.0	tvOS=16.1	visionOS=1.0	watchOS=9.1
sos	iOS=16.1	macOS=13.0	tvOS=16.1	visionOS=1.0	watchOS=9.1
sos.circle	iOS=16.1	macOS=13.0	tvOS=16.1	visionOS=1.0	watchOS=9.1
sos.circle.fill	iOS=16.1	macOS=13.0	tvOS=16.1	visionOS=1.0	watchOS=9.1
steeringwheel	iOS=16.1	macOS=13.0	tvOS=16.1	visionOS=1.0	watchOS=9.1
steeringwheel.and.heat.waves	iOS=16.1	macOS=13.0	tvOS=16.1	visionOS=1.0	watchOS=9.1
steeringwheel.and.key	iOS=16.1	macOS=13.0	tvOS=16.1	visionOS=1.0	watchOS=9.1
steeringwheel.and.lock	iOS=16.1	macOS=13.0	tvOS=16.1	visionOS=1.0	watchOS=9.1
steeringwheel.exclamationmark	iOS=16.1	macOS=13.0	tvOS=16.1	visionOS=1.0	watchOS=9.1
steeringwheel.road.lane	iOS=16.1	macOS=13.0	tvOS=16.1	visionOS=1.0	watchOS=9.1
steeringwheel.road.lane.dashed	iOS=16.1	macOS=13.0	tvOS=16.1	visionOS=1.0	watchOS=9.1
steeringwheel.slash	iOS=16.1	macOS=13.0	tvOS=16.1	visionOS=1.0	watchOS=9.1
stroller	iOS=16.1	macOS=13.0	tvOS=16.1	visionOS=1.0	watchOS=9.1
stroller.fill	iOS=16.1	macOS=13.0	tvOS=16.1	visionOS=1.0	watchOS=9.1
suitcase.rolling	iOS=16.1	macOS=13.0	tvOS=16.1	visionOS=1.0	watchOS=9.1
suitcase.rolling.fill	iOS=16.1	macOS=13.0	tvOS=16.1	visionOS=1.0	watchOS=9.1
suv.side	iOS=16.1	macOS=13.0	tvOS=16.1	visionOS=1.0	watchOS=9.1
suv.side.air.circulate	iOS=16.1	macOS=13.0	tvOS=16.1	visionOS=1.0	watchOS=9.1
suv.side.air.circulate.fill	iOS=16.1	macOS=13.0	tvOS=16.1	visionOS=1.0	watchOS=9.1
suv.side.air.fresh	iOS=16.1	macOS=13.0	tvOS=16.1	visionOS=1.0	watchOS=9.1
suv.side.air.fresh.fill	iOS=16.1	macOS=13.0	tvOS=16.1	visionOS=1.0	watchOS=9.1
suv.side.and.exclamationmark	iOS=16.1	macOS=13.0	tvOS=16.1	visionOS=1.0	watchOS=9.1
suv.side.and.exclamationmark.fill	iOS=16.1	macOS=13.0	tvOS=16.1	visionOS=1.0	watchOS=9.1
suv.side.arrowtriangle.down	iOS=16.1	macOS=13.0	tvOS=16.1	visionOS=1.0	watchOS=9.1
suv.side.arrowtriangle.down.fill	iOS=16.1	macOS=13.0	tvOS=16.1	visionOS=1.0	watchOS=9.1
suv.side.arrowtriangle.up	iOS=16.1	macOS=13.0	tvOS=16.1	visionOS=1.0	watchOS=9.1
suv.side.arrowtriangle.up.arrowtriangle.down	iOS=16.1	macOS=13.0	tvOS=16.1	visionOS=1.0	watchOS=9.1
suv.side.arrowtriangle.up.arrowtriangle.down.fill	iOS=16.1	macOS=13.0	tvOS=16.1	visionOS=1.0	watchOS=9.1
suv.side.arrowtriangle.up.fill	iOS=16.1	macOS=13.0	tvOS=16.1	visionOS=1.0	watchOS=9.1
suv.side.fill	iOS=16.1	macOS=13.0	tvOS=16.1	visionOS=1.0	watchOS=9.1
suv.side.front.open	iOS=16.1	macOS=13.0	tvOS=16.1	visionOS=1.0	watchOS=9.1
suv.side.front.open.fill	iOS=16.1	macOS=13.0	tvOS=16.1	visionOS=1.0	watchOS=9.1
suv.side.rear.open	iOS=16.1	macOS=13.0	tvOS=16.1	visionOS=1.0	watchOS=9.1
suv.side.rear.open.fill	iOS=16.1	macOS=13.0	tvOS=16.1	visionOS=1.0	watchOS=9.1
taillight.fog	iOS=16.1	macOS=13.0	tvOS=16.1	visionOS=1.0	watchOS=9.1
taillight.fog.fill	iOS=16.1	macOS=13.0	tvOS=16.1	visionOS=1.0	watchOS=9.1
tent.2	iOS=16.1	macOS=13.0	tvOS=16.1	visionOS=1.0	watchOS=9.1
tent.2.circle	iOS=16.1	macOS=13.0	tvOS=16.1	visionOS=1.0	watchOS=9.1
tent.2.circle.fill	iOS=16.1	macOS=13.0	tvOS=16.1	visionOS=1.0	watchOS=9.1
tent.2.fill	iOS=16.1	macOS=13.0	tvOS=16.1	visionOS=1.0	watchOS=9.1
tent.circle	iOS=16.1	macOS=13.0	tvOS=16.1	visionOS=1.0	watchOS=9.1
tent.circle.fill	iOS=16.1	macOS=13.0	tvOS=16.1	visionOS=1.0	watchOS=9.1
thermometer.and.liquid.waves	iOS=16.1	macOS=13.0	tvOS=16.1	visionOS=1.0	watchOS=9.1
thermometer.transmission	iOS=16.1	macOS=13.0	tvOS=16.1	visionOS=1.0	watchOS=9.1
toilet.circle	iOS=16.1	macOS=13.0	tvOS=16.1	visionOS=1.0	watchOS=9.1
toilet.circle.fill	iOS=16.1	macOS=13.0	tvOS=16.1	visionOS=1.0	watchOS=9.1
transmission	iOS=16.1	macOS=13.0	tvOS=16.1	visionOS=1.0	watchOS=9.1
tree	iOS=16.1	macOS=13.0	tvOS=16.1	visionOS=1.0	watchOS=9.1
tree.circle	iOS=16.1	macOS=13.0	tvOS=16.1	visionOS=1.0	watchOS=9.1
tree.circle.fill	iOS=16.1	macOS=13.0	tvOS=16.1	visionOS=1.0	watchOS=9.1
tree.fill	iOS=16.1	macOS=13.0	tvOS=16.1	visionOS=1.0	watchOS=9.1
windshield.front.and.fluid.and.spray	iOS=16.1	macOS=13.0	tvOS=16.1	visionOS=1.0	watchOS=9.1
windshield.front.and.heat.waves	iOS=16.1	macOS=13.0	tvOS=16.1	visionOS=1.0	watchOS=9.1
windshield.front.and.spray	iOS=16.1	macOS=13.0	tvOS=16.1	visionOS=1.0	watchOS=9.1
windshield.front.and.wiper.and.spray	iOS=16.1	macOS=13.0	tvOS=16.1	visionOS=1.0	watchOS=9.1
windshield.front.and.wiper.exclamationmark	iOS=16.1	macOS=13.0	tvOS=16.1	visionOS=1.0	watchOS=9.1
windshield.front.and.wiper.intermittent	iOS=16.1	macOS=13.0	tvOS=16.1	visionOS=1.0	watchOS=9.1
windshield.rear.and.fluid.and.spray	iOS=16.1	macOS=13.0	tvOS=16.1	visionOS=1.0	watchOS=9.1
windshield.rear.and.heat.waves	iOS=16.1	macOS=13.0	tvOS=16.1	visionOS=1.0	watchOS=9.1
windshield.rear.and.spray	iOS=16.1	macOS=13.0	tvOS=16.1	visionOS=1.0	watchOS=9.1
windshield.rear.and.wiper.and.drop	iOS=16.1	macOS=13.0	tvOS=16.1	visionOS=1.0	watchOS=9.1
windshield.rear.and.wiper.and.spray	iOS=16.1	macOS=13.0	tvOS=16.1	visionOS=1.0	watchOS=9.1
windshield.rear.and.wiper.exclamationmark	iOS=16.1	macOS=13.0	tvOS=16.1	visionOS=1.0	watchOS=9.1
windshield.rear.and.wiper.intermittent	iOS=16.1	macOS=13.0	tvOS=16.1	visionOS=1.0	watchOS=9.1
wrongwaysign	iOS=16.1	macOS=13.0	tvOS=16.1	visionOS=1.0	watchOS=9.1
wrongwaysign.fill	iOS=16.1	macOS=13.0	tvOS=16.1	visionOS=1.0	watchOS=9.1
1.lane.ar	iOS=16.4	macOS=13.3	tvOS=16.4	visionOS=1.0	watchOS=9.4
1.lane.hi	iOS=16.4	macOS=13.3	tvOS=16.4	visionOS=1.0	watchOS=9.4
10.lane.ar	iOS=16.4	macOS=13.3	tvOS=16.4	visionOS=1.0	watchOS=9.4
10.lane.hi	iOS=16.4	macOS=13.3	tvOS=16.4	visionOS=1.0	watchOS=9.4
11.lane.ar	iOS=16.4	macOS=13.3	tvOS=16.4	visionOS=1.0	watchOS=9.4
11.lane.hi	iOS=16.4	macOS=13.3	tvOS=16.4	visionOS=1.0	watchOS=9.4
12.lane.ar	iOS=16.4	macOS=13.3	tvOS=16.4	visionOS=1.0	watchOS=9.4
12.lane.hi	iOS=16.4	macOS=13.3	tvOS=16.4	visionOS=1.0	watchOS=9.4
2.lane.ar	iOS=16.4	macOS=13.3	tvOS=16.4	visionOS=1.0	watchOS=9.4
2.lane.hi	iOS=16.4	macOS=13.3	tvOS=16.4	visionOS=1.0	watchOS=9.4
3.lane.ar	iOS=16.4	macOS=13.3	tvOS=16.4	visionOS=1.0	watchOS=9.4
3.lane.hi	iOS=16.4	macOS=13.3	tvOS=16.4	visionOS=1.0	watchOS=9.4
4.lane.ar	iOS=16.4	macOS=13.3	tvOS=16.4	visionOS=1.0	watchOS=9.4
4.lane.hi	iOS=16.4	macOS=13.3	tvOS=16.4	visionOS=1.0	watchOS=9.4
5.lane.ar	iOS=16.4	macOS=13.3	tvOS=16.4	visionOS=1.0	watchOS=9.4
5.lane.hi	iOS=16.4	macOS=13.3	tvOS=16.4	visionOS=1.0	watchOS=9.4
6.lane.ar	iOS=16.4	macOS=13.3	tvOS=16.4	visionOS=1.0	watchOS=9.4
6.lane.hi	iOS=16.4	macOS=13.3	tvOS=16.4	visionOS=1.0	watchOS=9.4
7.lane.ar	iOS=16.4	macOS=13.3	tvOS=16.4	visionOS=1.0	watchOS=9.4
7.lane.hi	iOS=16.4	macOS=13.3	tvOS=16.4	visionOS=1.0	watchOS=9.4
8.lane.ar	iOS=16.4	macOS=13.3	tvOS=16.4	visionOS=1.0	watchOS=9.4
8.lane.hi	iOS=16.4	macOS=13.3	tvOS=16.4	visionOS=1.0	watchOS=9.4
9.lane.ar	iOS=16.4	macOS=13.3	tvOS=16.4	visionOS=1.0	watchOS=9.4
9.lane.hi	iOS=16.4	macOS=13.3	tvOS=16.4	visionOS=1.0	watchOS=9.4
axle.2	iOS=16.4	macOS=13.3	tvOS=16.4	visionOS=1.0	watchOS=9.4
axle.2.front.and.rear.engaged	iOS=16.4	macOS=13.3	tvOS=16.4	visionOS=1.0	watchOS=9.4
axle.2.front.engaged	iOS=16.4	macOS=13.3	tvOS=16.4	visionOS=1.0	watchOS=9.4
axle.2.rear.engaged	iOS=16.4	macOS=13.3	tvOS=16.4	visionOS=1.0	watchOS=9.4
beats.powerbeats.left	iOS=16.4	macOS=13.3	tvOS=16.4	visionOS=1.0	watchOS=9.4
beats.powerbeats.right	iOS=16.4	macOS=13.3	tvOS=16.4	visionOS=1.0	watchOS=9.4
beats.powerbeats3.left	iOS=16.4	macOS=13.3	tvOS=16.4	visionOS=1.0	watchOS=9.4
beats.powerbeats3.right	iOS=16.4	macOS=13.3	tvOS=16.4	visionOS=1.0	watchOS=9.4
2h	iOS=17.0	macOS=14.0	tvOS=17.0	visionOS=1.0	watchOS=10.0
2h.circle	iOS=17.0	macOS=14.0	tvOS=17.0	visionOS=1.0	watchOS=10.0
2h.circle.fill	iOS=17.0	macOS=14.0	tvOS=17.0	visionOS=1.0	watchOS=10.0
4a	iOS=17.0	macOS=14.0	tvOS=17.0	visionOS=1.0	watchOS=10.0
4a.circle	iOS=17.0	macOS=14.0	tvOS=17.0	visionOS=1.0	watchOS=10.0
4a.circle.fill	iOS=17.0	macOS=14.0	tvOS=17.0	visionOS=1.0	watchOS=10.0
4h	iOS=17.0	macOS=14.0	tvOS=17.0	visionOS=1.0	watchOS=10.0
4h.circle	iOS=17.0	macOS=14.0	tvOS=17.0	visionOS=1.0	watchOS=10.0
4h.circle.fill	iOS=17.0	macOS=14.0	tvOS=17.0	visionOS=1.0	watchOS=10.0
4l	iOS=17.0	macOS=14.0	tvOS=17.0	visionOS=1.0	watchOS=10.0
4l.circle	iOS=17.0	macOS=14.0	tvOS=17.0	visionOS=1.0	watchOS=10.0
4l.circle.fill	iOS=17.0	macOS=14.0	tvOS=17.0	visionOS=1.0	watchOS=10.0
accessibility	iOS=17.0	macOS=14.0	tvOS=17.0	visionOS=1.0	watchOS=10.0
accessibility.badge.arrow.up.right	iOS=17.0	macOS=14.0	tvOS=17.0	visionOS=1.0	watchOS=10.0
accessibility.fill	iOS=17.0	macOS=14.0	tvOS=17.0	visionOS=1.0	watchOS=10.0
airpodspro.chargingcase.wireless.radiowaves.left.and.right	iOS=17.0	macOS=14.0	tvOS=17.0	visionOS=1.0	watchOS=10.0
airpodspro.chargingcase.wireless.radiowaves.left.and.right.fill	iOS=17.0	macOS=14.0	tvOS=17.0	visionOS=1.0	watchOS=10.0
apple.terminal	iOS=17.0	macOS=14.0	tvOS=17.0	visionOS=1.0	watchOS=10.0
apple.terminal.fill	iOS=17.0	macOS=14.0	tvOS=17.0	visionOS=1.0	watchOS=10.0
apple.terminal.on.rectangle	iOS=17.0	macOS=14.0	tvOS=17.0	visionOS=1.0	watchOS=10.0
apple.terminal.on.rectangle.fill	iOS=17.0	macOS=14.0	tvOS=17.0	visionOS=1.0	watchOS=10.0
applepencil.adapter.usb.c	iOS=17.0	macOS=14.0	tvOS=17.0	visionOS=1.0	watchOS=10.0
applepencil.adapter.usb.c.fill	iOS=17.0	macOS=14.0	tvOS=17.0	visionOS=1.0	watchOS=10.0
applepencil.and.scribble	iOS=17.0	macOS=14.0	tvOS=17.0	visionOS=1.0	watchOS=10.0
applepencil.gen1	iOS=17.0	macOS=14.0	tvOS=17.0	visionOS=1.0	watchOS=10.0
applepencil.gen2	iOS=17.0	macOS=14.0	tvOS=17.0	visionOS=1.0	watchOS=10.0
applepencil.tip	iOS=17.0	macOS=14.0	tvOS=17.0	visionOS=1.0	watchOS=10.0
applewatch.and.arrow.forward	iOS=17.0	macOS=14.0	tvOS=17.0	visionOS=1.0	watchOS=10.0
applewatch.and.arrow.forward.rtl	iOS=17.0	macOS=14.0	tvOS=17.0	visionOS=1.0	watchOS=10.0
appwindow.swipe.rectangle	iOS=17.0	macOS=14.0	tvOS=17.0	visionOS=1.0	watchOS=10.0
arcade.stick	iOS=17.0	macOS=14.0	tvOS=17.0	visionOS=1.0	watchOS=10.0
arcade.stick.and.arrow.down	iOS=17.0	macOS=14.0	tvOS=17.0	visionOS=1.0	watchOS=10.0
arcade.stick.and.arrow.left	iOS=17.0	macOS=14.0	tvOS=17.0	visionOS=1.0	watchOS=10.0
arcade.stick.and.arrow.left.and.arrow.right	iOS=17.0	macOS=14.0	tvOS=17.0	visionOS=1.0	watchOS=10.0
arcade.stick.and.arrow.right	iOS=17.0	macOS=14.0	tvOS=17.0	visionOS=1.0	watchOS=10.0
arcade.stick.and.arrow.up	iOS=17.0	macOS=14.0	tvOS=17.0	visionOS=1.0	watchOS=10.0
arcade.stick.and.arrow.up.and.arrow.down	iOS=17.0	macOS=14.0	tvOS=17.0	visionOS=1.0	watchOS=10.0
arcade.stick.console	iOS=17.0	macOS=14.0	tvOS=17.0	visionOS=1.0	watchOS=10.0
arcade.stick.console.fill	iOS=17.0	macOS=14.0	tvOS=17.0	visionOS=1.0	watchOS=10.0
arrow.backward.to.line.square	iOS=17.0	macOS=14.0	tvOS=17.0	visionOS=1.0	watchOS=10.0
arrow.backward.to.line.square.fill	iOS=17.0	macOS=14.0	tvOS=17.0	visionOS=1.0	watchOS=10.0
arrow.circlepath	iOS=17.0	macOS=14.0	tvOS=17.0	visionOS=1.0	watchOS=10.0
arrow.clockwise.square	iOS=17.0	macOS=14.0	tvOS=17.0	visionOS=1.0	watchOS=10.0
arrow.clockwise.square.fill	iOS=17.0	macOS=14.0	tvOS=17.0	visionOS=1.0	watchOS=10.0
arrow.counterclockwise.square	iOS=17.0	macOS=14.0	tvOS=17.0	visionOS=1.0	watchOS=10.0
arrow.counterclockwise.square.fill	iOS=17.0	macOS=14.0	tvOS=17.0	visionOS=1.0	watchOS=10.0
arrow.down.applewatch	iOS=17.0	macOS=14.0	tvOS=17.0	visionOS=1.0	watchOS=10.0
arrow.down.backward.and.arrow.up.forward	iOS=17.0	macOS=14.0	tvOS=17.0	visionOS=1.0	watchOS=10.0
arrow.down.backward.and.arrow.up.forward.circle	iOS=17.0	macOS=14.0	tvOS=17.0	visionOS=1.0	watchOS=10.0
arrow.down.backward.and.arrow.up.forward.circle.fill	iOS=17.0	macOS=14.0	tvOS=17.0	visionOS=1.0	watchOS=10.0
arrow.down.backward.and.arrow.up.forward.square	iOS=17.0	macOS=14.0	tvOS=17.0	visionOS=1.0	watchOS=10.0
arrow.down.backward.and.arrow.up.forward.square.fill	iOS=17.0	macOS=14.0	tvOS=17.0	visionOS=1.0	watchOS=10.0
arrow.down.backward.toptrailing.rectangle	iOS=17.0	macOS=14.0	tvOS=17.0	visionOS=1.0	watchOS=10.0
arrow.down.backward.toptrailing.rectangle.fill	iOS=17.0	macOS=14.0	tvOS=17.0	visionOS=1.0	watchOS=10.0
arrow.down.circle.dotted	iOS=17.0	macOS=14.0	tvOS=17.0	visionOS=1.0	watchOS=10.0
arrow.down.forward.and.arrow.up.backward.square	iOS=17.0	macOS=14.0	tvOS=17.0	visionOS=1.0	watchOS=10.0
arrow.down.forward.and.arrow.up.backward.square.fill	iOS=17.0	macOS=14.0	tvOS=17.0	visionOS=1.0	watchOS=10.0
arrow.down.forward.topleading.rectangle	iOS=17.0	macOS=14.0	tvOS=17.0	visionOS=1.0	watchOS=10.0
arrow.down.forward.topleading.rectangle.fill	iOS=17.0	macOS=14.0	tvOS=17.0	visionOS=1.0	watchOS=10.0
arrow.down.left.and.arrow.up.right	iOS=17.0	macOS=14.0	tvOS=17.0	visionOS=1.0	watchOS=10.0
arrow.down.left.and.arrow.up.right.circle	iOS=17.0	macOS=14.0	tvOS=17.0	visionOS=1.0	watchOS=10.0
arrow.down.left.and.arrow.up.right.circle.fill	iOS=17.0	macOS=14.0	tvOS=17.0	visionOS=1.0	watchOS=10.0
arrow.down.left.and.arrow.up.right.square	iOS=17.0	macOS=14.0	tvOS=17.0	visionOS=1.0	watchOS=10.0
arrow.down.left.and.arrow.up.right.square.fill	iOS=17.0	macOS=14.0	tvOS=17.0	visionOS=1.0	watchOS=10.0
arrow.down.left.arrow.up.right	iOS=17.0	macOS=14.0	tvOS=17.0	visionOS=1.0	watchOS=10.0
arrow.down.left.arrow.up.right.circle	iOS=17.0	macOS=14.0	tvOS=17.0	visionOS=1.0	watchOS=10.0
arrow.down.left.arrow.up.right.circle.fill	iOS=17.0	macOS=14.0	tvOS=17.0	visionOS=1.0	watchOS=10.0
arrow.down.left.arrow.up.right.square	iOS=17.0	macOS=14.0	tvOS=17.0	visionOS=1.0	watchOS=10.0
arrow.down.left.arrow.up.right.square.fill	iOS=17.0	macOS=14.0	tvOS=17.0	visionOS=1.0	watchOS=10.0
arrow.down.left.topright.rectangle	iOS=17.0	macOS=14.0	tvOS=17.0	visionOS=1.0	watchOS=10.0
arrow.down.left.topright.rectangle.fill	iOS=17.0	macOS=14.0	tvOS=17.0	visionOS=1.0	watchOS=10.0
arrow.down.right.and.arrow.up.left.square	iOS=17.0	macOS=14.0	tvOS=17.0	visionOS=1.0	watchOS=10.0
arrow.down.right.and.arrow.up.left.square.fill	iOS=17.0	macOS=14.0	tvOS=17.0	visionOS=1.0	watchOS=10.0
arrow.down.right.topleft.rectangle	iOS=17.0	macOS=14.0	tvOS=17.0	visionOS=1.0	watchOS=10.0
arrow.down.right.topleft.rectangle.fill	iOS=17.0	macOS=14.0	tvOS=17.0	visionOS=1.0	watchOS=10.0
arrow.down.to.line.square	iOS=17.0	macOS=14.0	tvOS=17.0	visionOS=1.0	watchOS=10.0
arrow.down.to.line.square.fill	iOS=17.0	macOS=14.0	tvOS=17.0	visionOS=1.0	watchOS=10.0
arrow.forward.to.line.square	iOS=17.0	macOS=14.0	tvOS=17.0	visionOS=1.0	watchOS=10.0
arrow.forward.to.line.square.fill	iOS=17.0	macOS=14.0	tvOS=17.0	visionOS=1.0	watchOS=10.0
arrow.left.to.line.square	iOS=17.0	macOS=14.0	tvOS=17.0	visionOS=1.0	watchOS=10.0
arrow.left.to.line.square.fill	iOS=17.0	macOS=14.0	tvOS=17.0	visionOS=1.0	watchOS=10.0
arrow.right.to.line.square	iOS=17.0	macOS=14.0	tvOS=17.0	visionOS=1.0	watchOS=10.0
arrow.right.to.line.square.fill	iOS=17.0	macOS=14.0	tvOS=17.0	visionOS=1.0	watchOS=10.0
arrow.triangle.2.circlepath.icloud	iOS=17.0	macOS=14.0	tvOS=17.0	visionOS=1.0	watchOS=10.0
arrow.triangle.2.circlepath.icloud.fill	iOS=17.0	macOS=14.0	tvOS=17.0	visionOS=1.0	watchOS=10.0
arrow.up.backward.and.arrow.down.forward.square	iOS=17.0	macOS=14.0	tvOS=17.0	visionOS=1.0	watchOS=10.0
arrow.up.backward.and.arrow.down.forward.square.fill	iOS=17.0	macOS=14.0	tvOS=17.0	visionOS=1.0	watchOS=10.0
arrow.up.backward.bottomtrailing.rectangle	iOS=17.0	macOS=14.0	tvOS=17.0	visionOS=1.0	watchOS=10.0
arrow.up.backward.bottomtrailing.rectangle.fill	iOS=17.0	macOS=14.0	tvOS=17.0	visionOS=1.0	watchOS=10.0
arrow.up.forward.and.arrow.down.backward	iOS=17.0	macOS=14.0	tvOS=17.0	visionOS=1.0	watchOS=10.0
arrow.up.forward.and.arrow.down.backward.circle	iOS=17.0	macOS=14.0	tvOS=17.0	visionOS=1.0	watchOS=10.0
arrow.up.forward.and.arrow.down.backward.circle.fill	iOS=17.0	macOS=14.0	tvOS=17.0	visionOS=1.0	watchOS=10.0
arrow.up.forward.and.arrow.down.backward.square	iOS=17.0	macOS=14.0	tvOS=17.0	visionOS=1.0	watchOS=10.0
arrow.up.forward.and.arrow.down.backward.square.fill	iOS=17.0	macOS=14.0	tvOS=17.0	visionOS=1.0	watchOS=10.0
arrow.up.forward.bottomleading.rectangle	iOS=17.0	macOS=14.0	tvOS=17.0	visionOS=1.0	watchOS=10.0
arrow.up.forward.bottomleading.rectangle.fill	iOS=17.0	macOS=14.0	tvOS=17.0	visionOS=1.0	watchOS=10.0
arrow.up.left.and.arrow.down.right.square	iOS=17.0	macOS=14.0	tvOS=17.0	visionOS=1.0	watchOS=10.0
arrow.up.left.and.arrow.down.right.square.fill	iOS=17.0	macOS=14.0	tvOS=17.0	visionOS=1.0	watchOS=10.0
arrow.up.left.arrow.down.right	iOS=17.0	macOS=14.0	tvOS=17.0	visionOS=1.0	watchOS=10.0
arrow.up.left.arrow.down.right.circle	iOS=17.0	macOS=14.0	tvOS=17.0	visionOS=1.0	watchOS=10.0
arrow.up.left.arrow.down.right.circle.fill	iOS=17.0	macOS=14.0	tvOS=17.0	visionOS=1.0	watchOS=10.0
arrow.up.left.arrow.down.right.square	iOS=17.0	macOS=14.0	tvOS=17.0	visionOS=1.0	watchOS=10.0
arrow.up.left.arrow.down.right.square.fill	iOS=17.0	macOS=14.0	tvOS=17.0	visionOS=1.0	watchOS=10.0
arrow.up.left.bottomright.rectangle	iOS=17.0	macOS=14.0	tvOS=17.0	visionOS=1.0	watchOS=10.0
arrow.up.left.bottomright.rectangle.fill	iOS=17.0	macOS=14.0	tvOS=17.0	visionOS=1.0	watchOS=10.0
arrow.up.right.and.arrow.down.left	iOS=17.0	macOS=14.0	tvOS=17.0	visionOS=1.0	watchOS=10.0
arrow.up.right.and.arrow.down.left.circle	iOS=17.0	macOS=14.0	tvOS=17.0	visionOS=1.0	watchOS=10.0
arrow.up.right.and.arrow.down.left.circle.fill	iOS=17.0	macOS=14.0	tvOS=17.0	visionOS=1.0	watchOS=10.0
arrow.up.right.and.arrow.down.left.square	iOS=17.0	macOS=14.0	tvOS=17.0	visionOS=1.0	watchOS=10.0
arrow.up.right.and.arrow.down.left.square.fill	iOS=17.0	macOS=14.0	tvOS=17.0	visionOS=1.0	watchOS=10.0
arrow.up.right.bottomleft.rectangle	iOS=17.0	macOS=14.0	tvOS=17.0	visionOS=1.0	watchOS=10.0
arrow.up.right.bottomleft.rectangle.fill	iOS=17.0	macOS=14.0	tvOS=17.0	visionOS=1.0	watchOS=10.0
arrow.up.to.line.square	iOS=17.0	macOS=14.0	tvOS=17.0	visionOS=1.0	watchOS=10.0
arrow.up.to.line.square.fill	iOS=17.0	macOS=14.0	tvOS=17.0	visionOS=1.0	watchOS=10.0
arrow.up.trash	iOS=17.0	macOS=14.0	tvOS=17.0	visionOS=1.0	watchOS=10.0
arrow.up.trash.fill	iOS=17.0	macOS=14.0	tvOS=17.0	visionOS=1.0	watchOS=10.0
arrowkeys	iOS=17.0	macOS=14.0	tvOS=17.0	visionOS=1.0	watchOS=10.0
arrowkeys.down.filled	iOS=17.0	macOS=14.0	tvOS=17.0	visionOS=1.0	watchOS=10.0
arrowkeys.fill	iOS=17.0	macOS=14.0	tvOS=17.0	visionOS=1.0	watchOS=10.0
arrowkeys.left.filled	iOS=17.0	macOS=14.0	tvOS=17.0	visionOS=1.0	watchOS=10.0
arrowkeys.right.filled	iOS=17.0	macOS=14.0	tvOS=17.0	visionOS=1.0	watchOS=10.0
arrowkeys.up.filled	iOS=17.0	macOS=14.0	tvOS=17.0	visionOS=1.0	watchOS=10.0
arrowshape.backward.circle	iOS=17.0	macOS=14.0	tvOS=17.0	visionOS=1.0	watchOS=10.0
arrowshape.backward.circle.fill	iOS=17.0	macOS=14.0	tvOS=17.0	visionOS=1.0	watchOS=10.0
arrowshape.down	iOS=17.0	macOS=14.0	tvOS=17.0	visionOS=1.0	watchOS=10.0
arrowshape.down.circle	iOS=17.0	macOS=14.0	tvOS=17.0	visionOS=1.0	watchOS=10.0
arrowshape.down.circle.fill	iOS=17.0	macOS=14.0	tvOS=17.0	visionOS=1.0	watchOS=10.0
arrowshape.down.fill	iOS=17.0	macOS=14.0	tvOS=17.0	visionOS=1.0	watchOS=10.0
arrowshape.forward.circle	iOS=17.0	macOS=14.0	tvOS=17.0	visionOS=1.0	watchOS=10.0
arrowshape.forward.circle.fill	iOS=17.0	macOS=14.0	tvOS=17.0	visionOS=1.0	watchOS=10.0
arrowshape.left.arrowshape.right	iOS=17.0	macOS=14.0	tvOS=17.0	visionOS=1.0	watchOS=10.0
arrowshape.left.arrowshape.right.fill	iOS=17.0	macOS=14.0	tvOS=17.0	visionOS=1.0	watchOS=10.0
arrowshape.left.circle	iOS=17.0	macOS=14.0	tvOS=17.0	visionOS=1.0	watchOS=10.0
arrowshape.left.circle.fill	iOS=17.0	macOS=14.0	tvOS=17.0	visionOS=1.0	watchOS=10.0
arrowshape.right.circle	iOS=17.0	macOS=14.0	tvOS=17.0	visionOS=1.0	watchOS=10.0
arrowshape.right.circle.fill	iOS=17.0	macOS=14.0	tvOS=17.0	visionOS=1.0	watchOS=10.0
arrowshape.up	iOS=17.0	macOS=14.0	tvOS=17.0	visionOS=1.0	watchOS=10.0
arrowshape.up.circle	iOS=17.0	macOS=14.0	tvOS=17.0	visionOS=1.0	watchOS=10.0
arrowshape.up.circle.fill	iOS=17.0	macOS=14.0	tvOS=17.0	visionOS=1.0	watchOS=10.0
arrowshape.up.fill	iOS=17.0	macOS=14.0	tvOS=17.0	visionOS=1.0	watchOS=10.0
arrowtriangle.up.arrowtriangle.down.window.left	iOS=17.0	macOS=14.0	tvOS=17.0	visionOS=1.0	watchOS=10.0
arrowtriangle.up.arrowtriangle.down.window.right	iOS=17.0	macOS=14.0	tvOS=17.0	visionOS=1.0	watchOS=10.0
australiandollarsign	iOS=17.0	macOS=14.0	tvOS=17.0	visionOS=1.0	watchOS=10.0
australiandollarsign.arrow.circlepath	iOS=17.0	macOS=14.0	tvOS=17.0	visionOS=1.0	watchOS=10.0
australiandollarsign.circle	iOS=17.0	macOS=14.0	tvOS=17.0	visionOS=1.0	watchOS=10.0
australiandollarsign.circle.fill	iOS=17.0	macOS=14.0	tvOS=17.0	visionOS=1.0	watchOS=10.0
australiandollarsign.square	iOS=17.0	macOS=14.0	tvOS=17.0	visionOS=1.0	watchOS=10.0
australiandollarsign.square.fill	iOS=17.0	macOS=14.0	tvOS=17.0	visionOS=1.0	watchOS=10.0
australsign.arrow.circlepath	iOS=17.0	macOS=14.0	tvOS=17.0	visionOS=1.0	watchOS=10.0
automatic.brakesignal	iOS=17.0	macOS=14.0	tvOS=17.0	visionOS=1.0	watchOS=10.0
automatic.headlight.high.beam	iOS=17.0	macOS=14.0	tvOS=17.0	visionOS=1.0	watchOS=10.0
automatic.headlight.high.beam.fill	iOS=17.0	macOS=14.0	tvOS=17.0	visionOS=1.0	watchOS=10.0
automatic.headlight.low.beam	iOS=17.0	macOS=14.0	tvOS=17.0	visionOS=1.0	watchOS=10.0
automatic.headlight.low.beam.fill	iOS=17.0	macOS=14.0	tvOS=17.0	visionOS=1.0	watchOS=10.0
axle.2.driveshaft.disengaged	iOS=17.0	macOS=14.0	tvOS=17.0	visionOS=1.0	watchOS=10.0
axle.2.front.disengaged	iOS=17.0	macOS=14.0	tvOS=17.0	visionOS=1.0	watchOS=10.0
axle.2.rear.disengaged	iOS=17.0	macOS=14.0	tvOS=17.0	visionOS=1.0	watchOS=10.0
axle.2.rear.lock	iOS=17.0	macOS=14.0	tvOS=17.0	visionOS=1.0	watchOS=10.0
bahtsign.arrow.circlepath	iOS=17.0	macOS=14.0	tvOS=17.0	visionOS=1.0	watchOS=10.0
battery.0percent	iOS=17.0	macOS=14.0	tvOS=17.0	visionOS=1.0	watchOS=10.0
battery.100percent	iOS=17.0	macOS=14.0	tvOS=17.0	visionOS=1.0	watchOS=10.0
battery.100percent.bolt	iOS=17.0	macOS=14.0	tvOS=17.0	visionOS=1.0	watchOS=10.0
battery.100percent.bolt.rtl	iOS=17.0	macOS=14.0	tvOS=17.0	visionOS=1.0	watchOS=10.0
battery.100percent.circle	iOS=17.0	macOS=14.0	tvOS=17.0	visionOS=1.0	watchOS=10.0
battery.100percent.circle.fill	iOS=17.0	macOS=14.0	tvOS=17.0	visionOS=1.0	watchOS=10.0
battery.25percent	iOS=17.0	macOS=14.0	tvOS=17.0	visionOS=1.0	watchOS=10.0
battery.50percent	iOS=17.0	macOS=14.0	tvOS=17.0	visionOS=1.0	watchOS=10.0
battery.75percent	iOS=17.0	macOS=14.0	tvOS=17.0	visionOS=1.0	watchOS=10.0
beats.fitpro	iOS=17.0	macOS=14.0	tvOS=17.0	visionOS=1.0	watchOS=10.0
beats.fitpro.chargingcase	iOS=17.0	macOS=14.0	tvOS=17.0	visionOS=1.0	watchOS=10.0
beats.fitpro.chargingcase.fill	iOS=17.0	macOS=14.0	tvOS=17.0	visionOS=1.0	watchOS=10.0
beats.fitpro.left	iOS=17.0	macOS=14.0	tvOS=17.0	visionOS=1.0	watchOS=10.0
beats.fitpro.right	iOS=17.0	macOS=14.0	tvOS=17.0	visionOS=1.0	watchOS=10.0
beats.studiobudsplus	iOS=17.0	macOS=14.0	tvOS=17.0	visionOS=1.0	watchOS=10.0
beats.studiobudsplus.chargingcase	iOS=17.0	macOS=14.0	tvOS=17.0	visionOS=1.0	watchOS=10.0
beats.studiobudsplus.chargingcase.fill	iOS=17.0	macOS=14.0	tvOS=17.0	visionOS=1.0	watchOS=10.0
beats.studiobudsplus.left	iOS=17.0	macOS=14.0	tvOS=17.0	visionOS=1.0	watchOS=10.0
beats.studiobudsplus.right	iOS=17.0	macOS=14.0	tvOS=17.0	visionOS=1.0	watchOS=10.0
bell.badge.slash	iOS=17.0	macOS=14.0	tvOS=17.0	visionOS=1.0	watchOS=10.0
bell.badge.slash.fill	iOS=17.0	macOS=14.0	tvOS=17.0	visionOS=1.0	watchOS=10.0
bell.badge.slash.fill.rtl	iOS=17.0	macOS=14.0	tvOS=17.0	visionOS=1.0	watchOS=10.0
bell.badge.slash.rtl	iOS=17.0	macOS=14.0	tvOS=17.0	visionOS=1.0	watchOS=10.0
bell.badge.waveform	iOS=17.0	macOS=14.0	tvOS=17.0	visionOS=1.0	watchOS=10.0
bell.badge.waveform.fill	iOS=17.0	macOS=14.0	tvOS=17.0	visionOS=1.0	watchOS=10.0
binoculars.circle	iOS=17.0	macOS=14.0	tvOS=17.0	visionOS=1.0	watchOS=10.0
binoculars.circle.fill	iOS=17.0	macOS=14.0	tvOS=17.0	visionOS=1.0	watchOS=10.0
bird.circle	iOS=17.0	macOS=14.0	tvOS=17.0	visionOS=1.0	watchOS=10.0
bird.circle.fill	iOS=17.0	macOS=14.0	tvOS=17.0	visionOS=1.0	watchOS=10.0
bitcoinsign.arrow.circlepath	iOS=17.0	macOS=14.0	tvOS=17.0	visionOS=1.0	watchOS=10.0
bolt.badge.automatic	iOS=17.0	macOS=14.0	tvOS=17.0	visionOS=1.0	watchOS=10.0
bolt.badge.automatic.fill	iOS=17.0	macOS=14.0	tvOS=17.0	visionOS=1.0	watchOS=10.0
bolt.badge.checkmark	iOS=17.0	macOS=14.0	tvOS=17.0	visionOS=1.0	watchOS=10.0
bolt.badge.checkmark.fill	iOS=17.0	macOS=14.0	tvOS=17.0	visionOS=1.0	watchOS=10.0
bolt.badge.xmark	iOS=17.0	macOS=14.0	tvOS=17.0	visionOS=1.0	watchOS=10.0
bolt.badge.xmark.fill	iOS=17.0	macOS=14.0	tvOS=17.0	visionOS=1.0	watchOS=10.0
book.and.wrench	iOS=17.0	macOS=14.0	tvOS=17.0	visionOS=1.0	watchOS=10.0
book.and.wrench.fill	iOS=17.0	macOS=14.0	tvOS=17.0	visionOS=1.0	watchOS=10.0
book.pages	iOS=17.0	macOS=14.0	tvOS=17.0	visionOS=1.0	watchOS=10.0
book.pages.fill	iOS=17.0	macOS=14.0	tvOS=17.0	visionOS=1.0	watchOS=10.0
brain.fill	iOS=17.0	macOS=14.0	tvOS=17.0	visionOS=1.0	watchOS=10.0
brain.filled.head.profile	iOS=17.0	macOS=14.0	tvOS=17.0	visionOS=1.0	watchOS=10.0
brain.head.profile.fill	iOS=17.0	macOS=14.0	tvOS=17.0	visionOS=1.0	watchOS=10.0
brazilianrealsign.arrow.circlepath	iOS=17.0	macOS=14.0	tvOS=17.0	visionOS=1.0	watchOS=10.0
bubble	iOS=17.0	macOS=14.0	tvOS=17.0	visionOS=1.0	watchOS=10.0
bubble.circle	iOS=17.0	macOS=14.0	tvOS=17.0	visionOS=1.0	watchOS=10.0
bubble.circle.fill	iOS=17.0	macOS=14.0	tvOS=17.0	visionOS=1.0	watchOS=10.0
bubble.fill	iOS=17.0	macOS=14.0	tvOS=17.0	visionOS=1.0	watchOS=10.0
bubble.left.and.text.bubble.right	iOS=17.0	macOS=14.0	tvOS=17.0	visionOS=1.0	watchOS=10.0
bubble.left.and.text.bubble.right.fill	iOS=17.0	macOS=14.0	tvOS=17.0	visionOS=1.0	watchOS=10.0
bubble.left.and.text.bubble.right.fill.rtl	iOS=17.0	macOS=14.0	tvOS=17.0	visionOS=1.0	watchOS=10.0
bubble.left.and.text.bubble.right.rtl	iOS=17.0	macOS=14.0	tvOS=17.0	visionOS=1.0	watchOS=10.0
button.angledbottom.horizontal.left	iOS=17.0	macOS=14.0	tvOS=17.0	visionOS=1.0	watchOS=10.0
button.angledbottom.horizontal.left.fill	iOS=17.0	macOS=14.0	tvOS=17.0	visionOS=1.0	watchOS=10.0
button.angledbottom.horizontal.right	iOS=17.0	macOS=14.0	tvOS=17.0	visionOS=1.0	watchOS=10.0
button.angledbottom.horizontal.right.fill	iOS=17.0	macOS=14.0	tvOS=17.0	visionOS=1.0	watchOS=10.0
button.angledtop.vertical.left	iOS=17.0	macOS=14.0	tvOS=17.0	visionOS=1.0	watchOS=10.0
button.angledtop.vertical.left.fill	iOS=17.0	macOS=14.0	tvOS=17.0	visionOS=1.0	watchOS=10.0
button.angledtop.vertical.right	iOS=17.0	macOS=14.0	tvOS=17.0	visionOS=1.0	watchOS=10.0
button.angledtop.vertical.right.fill	iOS=17.0	macOS=14.0	tvOS=17.0	visionOS=1.0	watchOS=10.0
button.horizontal	iOS=17.0	macOS=14.0	tvOS=17.0	visionOS=1.0	watchOS=10.0
button.horizontal.fill	iOS=17.0	macOS=14.0	tvOS=17.0	visionOS=1.0	watchOS=10.0
button.horizontal.top.press	iOS=17.0	macOS=14.0	tvOS=17.0	visionOS=1.0	watchOS=10.0
button.horizontal.top.press.fill	iOS=17.0	macOS=14.0	tvOS=17.0	visionOS=1.0	watchOS=10.0
button.roundedbottom.horizontal	iOS=17.0	macOS=14.0	tvOS=17.0	visionOS=1.0	watchOS=10.0
button.roundedbottom.horizontal.fill	iOS=17.0	macOS=14.0	tvOS=17.0	visionOS=1.0	watchOS=10.0
button.roundedtop.horizontal	iOS=17.0	macOS=14.0	tvOS=17.0	visionOS=1.0	watchOS=10.0
button.roundedtop.horizontal.fill	iOS=17.0	macOS=14.0	tvOS=17.0	visionOS=1.0	watchOS=10.0
button.vertical.left.press	iOS=17.0	macOS=14.0	tvOS=17.0	visionOS=1.0	watchOS=10.0
button.vertical.left.press.fill	iOS=17.0	macOS=14.0	tvOS=17.0	visionOS=1.0	watchOS=10.0
button.vertical.right.press	iOS=17.0	macOS=14.0	tvOS=17.0	visionOS=1.0	watchOS=10.0
button.vertical.right.press.fill	iOS=17.0	macOS=14.0	tvOS=17.0	visionOS=1.0	watchOS=10.0
cable.coaxial	iOS=17.0	macOS=14.0	tvOS=17.0	visionOS=1.0	watchOS=10.0
cable.connector.slash	iOS=17.0	macOS=14.0	tvOS=17.0	visionOS=1.0	watchOS=10.0
calendar.badge.checkmark	iOS=17.0	macOS=14.0	tvOS=17.0	visionOS=1.0	watchOS=10.0
calendar.badge.checkmark.rtl	iOS=17.0	macOS=14.0	tvOS=17.0	visionOS=1.0	watchOS=10.0
camera.badge.clock	iOS=17.0	macOS=14.0	tvOS=17.0	visionOS=1.0	watchOS=10.0
camera.badge.clock.fill	iOS=17.0	macOS=14.0	tvOS=17.0	visionOS=1.0	watchOS=10.0
camera.badge.ellipsis.fill	iOS=17.0	macOS=14.0	tvOS=17.0	visionOS=1.0	watchOS=10.0
car.front.waves.down	iOS=17.0	macOS=14.0	tvOS=17.0	visionOS=1.0	watchOS=10.0
car.front.waves.down.fill	iOS=17.0	macOS=14.0	tvOS=17.0	visionOS=1.0	watchOS=10.0
car.rear.and.collision.road.lane	iOS=17.0	macOS=14.0	tvOS=17.0	visionOS=1.0	watchOS=10.0
car.rear.and.collision.road.lane.slash	iOS=17.0	macOS=14.0	tvOS=17.0	visionOS=1.0	watchOS=10.0
car.side.hill.down	iOS=17.0	macOS=14.0	tvOS=17.0	visionOS=1.0	watchOS=10.0
car.side.hill.down.fill	iOS=17.0	macOS=14.0	tvOS=17.0	visionOS=1.0	watchOS=10.0
car.side.hill.up	iOS=17.0	macOS=14.0	tvOS=17.0	visionOS=1.0	watchOS=10.0
car.side.hill.up.fill	iOS=17.0	macOS=14.0	tvOS=17.0	visionOS=1.0	watchOS=10.0
car.side.lock	iOS=17.0	macOS=14.0	tvOS=17.0	visionOS=1.0	watchOS=10.0
car.side.lock.fill	iOS=17.0	macOS=14.0	tvOS=17.0	visionOS=1.0	watchOS=10.0
car.side.lock.open	iOS=17.0	macOS=14.0	tvOS=17.0	visionOS=1.0	watchOS=10.0
car.side.lock.open.fill	iOS=17.0	macOS=14.0	tvOS=17.0	visionOS=1.0	watchOS=10.0
car.side.rear.and.collision.and.car.side.front	iOS=17.0	macOS=14.0	tvOS=17.0	visionOS=1.0	watchOS=10.0
car.side.rear.and.collision.and.car.side.front.slash	iOS=17.0	macOS=14.0	tvOS=17.0	visionOS=1.0	watchOS=10.0
car.side.rear.and.exclamationmark.and.car.side.front	iOS=17.0	macOS=14.0	tvOS=17.0	visionOS=1.0	watchOS=10.0
car.side.rear.and.wave.3.and.car.side.front	iOS=17.0	macOS=14.0	tvOS=17.0	visionOS=1.0	watchOS=10.0
car.top.door.sliding.left.open	iOS=17.0	macOS=14.0	tvOS=17.0	visionOS=1.0	watchOS=10.0
car.top.door.sliding.left.open.fill	iOS=17.0	macOS=14.0	tvOS=17.0	visionOS=1.0	watchOS=10.0
car.top.door.sliding.right.open	iOS=17.0	macOS=14.0	tvOS=17.0	visionOS=1.0	watchOS=10.0
car.top.door.sliding.right.open.fill	iOS=17.0	macOS=14.0	tvOS=17.0	visionOS=1.0	watchOS=10.0
car.top.frontleft.arrowtriangle	iOS=17.0	macOS=14.0	tvOS=17.0	visionOS=1.0	watchOS=10.0
car.top.frontleft.arrowtriangle.fill	iOS=17.0	macOS=14.0	tvOS=17.0	visionOS=1.0	watchOS=10.0
car.top.frontright.arrowtriangle	iOS=17.0	macOS=14.0	tvOS=17.0	visionOS=1.0	watchOS=10.0
car.top.frontright.arrowtriangle.fill	iOS=17.0	macOS=14.0	tvOS=17.0	visionOS=1.0	watchOS=10.0
car.top.radiowaves.rear.right.badge.exclamationmark	iOS=17.0	macOS=14.0	tvOS=17.0	visionOS=1.0	watchOS=10.0
car.top.radiowaves.rear.right.badge.exclamationmark.fill	iOS=17.0	macOS=14.0	tvOS=17.0	visionOS=1.0	watchOS=10.0
car.top.radiowaves.rear.right.badge.xmark	iOS=17.0	macOS=14.0	tvOS=17.0	visionOS=1.0	watchOS=10.0
car.top.radiowaves.rear.right.badge.xmark.fill	iOS=17.0	macOS=14.0	tvOS=17.0	visionOS=1.0	watchOS=10.0
car.top.rearleft.arrowtriangle	iOS=17.0	macOS=14.0	tvOS=17.0	visionOS=1.0	watchOS=10.0
car.top.rearleft.arrowtriangle.fill	iOS=17.0	macOS=14.0	tvOS=17.0	visionOS=1.0	watchOS=10.0
car.top.rearright.arrowtriangle	iOS=17.0	macOS=14.0	tvOS=17.0	visionOS=1.0	watchOS=10.0
car.top.rearright.arrowtriangle.fill	iOS=17.0	macOS=14.0	tvOS=17.0	visionOS=1.0	watchOS=10.0
car.window.left	iOS=17.0	macOS=14.0	tvOS=17.0	visionOS=1.0	watchOS=10.0
car.window.left.badge.exclamationmark	iOS=17.0	macOS=14.0	tvOS=17.0	visionOS=1.0	watchOS=10.0
car.window.left.badge.xmark	iOS=17.0	macOS=14.0	tvOS=17.0	visionOS=1.0	watchOS=10.0
car.window.left.exclamationmark	iOS=17.0	macOS=14.0	tvOS=17.0	visionOS=1.0	watchOS=10.0
car.window.left.xmark	iOS=17.0	macOS=14.0	tvOS=17.0	visionOS=1.0	watchOS=10.0
car.window.right	iOS=17.0	macOS=14.0	tvOS=17.0	visionOS=1.0	watchOS=10.0
car.window.right.badge.exclamationmark	iOS=17.0	macOS=14.0	tvOS=17.0	visionOS=1.0	watchOS=10.0
car.window.right.badge.xmark	iOS=17.0	macOS=14.0	tvOS=17.0	visionOS=1.0	watchOS=10.0
car.window.right.exclamationmark	iOS=17.0	macOS=14.0	tvOS=17.0	visionOS=1.0	watchOS=10.0
car.window.right.xmark	iOS=17.0	macOS=14.0	tvOS=17.0	visionOS=1.0	watchOS=10.0
carseat.left	iOS=17.0	macOS=14.0	tvOS=17.0	visionOS=1.0	watchOS=10.0
carseat.left.1	iOS=17.0	macOS=14.0	tvOS=17.0	visionOS=1.0	watchOS=10.0
carseat.left.1.fill	iOS=17.0	macOS=14.0	tvOS=17.0	visionOS=1.0	watchOS=10.0
carseat.left.2	iOS=17.0	macOS=14.0	tvOS=17.0	visionOS=1.0	watchOS=10.0
carseat.left.2.fill	iOS=17.0	macOS=14.0	tvOS=17.0	visionOS=1.0	watchOS=10.0
carseat.left.3	iOS=17.0	macOS=14.0	tvOS=17.0	visionOS=1.0	watchOS=10.0
carseat.left.3.fill	iOS=17.0	macOS=14.0	tvOS=17.0	visionOS=1.0	watchOS=10.0
carseat.left.and.heat.waves	iOS=17.0	macOS=14.0	tvOS=17.0	visionOS=1.0	watchOS=10.0
carseat.left.and.heat.waves.fill	iOS=17.0	macOS=14.0	tvOS=17.0	visionOS=1.0	watchOS=10.0
carseat.left.backrest.up.and.down	iOS=17.0	macOS=14.0	tvOS=17.0	visionOS=1.0	watchOS=10.0
carseat.left.backrest.up.and.down.fill	iOS=17.0	macOS=14.0	tvOS=17.0	visionOS=1.0	watchOS=10.0
carseat.left.fan	iOS=17.0	macOS=14.0	tvOS=17.0	visionOS=1.0	watchOS=10.0
carseat.left.fan.fill	iOS=17.0	macOS=14.0	tvOS=17.0	visionOS=1.0	watchOS=10.0
carseat.left.fill	iOS=17.0	macOS=14.0	tvOS=17.0	visionOS=1.0	watchOS=10.0
carseat.left.forward.and.backward	iOS=17.0	macOS=14.0	tvOS=17.0	visionOS=1.0	watchOS=10.0
carseat.left.forward.and.backward.fill	iOS=17.0	macOS=14.0	tvOS=17.0	visionOS=1.0	watchOS=10.0
carseat.left.massage	iOS=17.0	macOS=14.0	tvOS=17.0	visionOS=1.0	watchOS=10.0
carseat.left.massage.fill	iOS=17.0	macOS=14.0	tvOS=17.0	visionOS=1.0	watchOS=10.0
carseat.left.up.and.down	iOS=17.0	macOS=14.0	tvOS=17.0	visionOS=1.0	watchOS=10.0
carseat.left.up.and.down.fill	iOS=17.0	macOS=14.0	tvOS=17.0	visionOS=1.0	watchOS=10.0
carseat.right	iOS=17.0	macOS=14.0	tvOS=17.0	visionOS=1.0	watchOS=10.0
carseat.right.1	iOS=17.0	macOS=14.0	tvOS=17.0	visionOS=1.0	watchOS=10.0
carseat.right.1.fill	iOS=17.0	macOS=14.0	tvOS=17.0	visionOS=1.0	watchOS=10.0
carseat.right.2	iOS=17.0	macOS=14.0	tvOS=17.0	visionOS=1.0	watchOS=10.0
carseat.right.2.fill	iOS=17.0	macOS=14.0	tvOS=17.0	visionOS=1.0	watchOS=10.0
carseat.right.3	iOS=17.0	macOS=14.0	tvOS=17.0	visionOS=1.0	watchOS=10.0
carseat.right.3.fill	iOS=17.0	macOS=14.0	tvOS=17.0	visionOS=1.0	watchOS=10.0
carseat.right.and.heat.waves	iOS=17.0	macOS=14.0	tvOS=17.0	visionOS=1.0	watchOS=10.0
carseat.right.and.heat.waves.fill	iOS=17.0	macOS=14.0	tvOS=17.0	visionOS=1.0	watchOS=10.0
carseat.right.backrest.up.and.down	iOS=17.0	macOS=14.0	tvOS=17.0	visionOS=1.0	watchOS=10.0
carseat.right.backrest.up.and.down.fill	iOS=17.0	macOS=14.0	tvOS=17.0	visionOS=1.0	watchOS=10.0
carseat.right.fan	iOS=17.0	macOS=14.0	tvOS=17.0	visionOS=1.0	watchOS=10.0
carseat.right.fan.fill	iOS=17.0	macOS=14.0	tvOS=17.0	visionOS=1.0	watchOS=10.0
carseat.right.fill	iOS=17.0	macOS=14.0	tvOS=17.0	visionOS=1.0	watchOS=10.0
carseat.right.forward.and.backward	iOS=17.0	macOS=14.0	tvOS=17.0	visionOS=1.0	watchOS=10.0
carseat.right.forward.and.backward.fill	iOS=17.0	macOS=14.0	tvOS=17.0	visionOS=1.0	watchOS=10.0
carseat.right.massage	iOS=17.0	macOS=14.0	tvOS=17.0	visionOS=1.0	watchOS=10.0
carseat.right.massage.fill	iOS=17.0	macOS=14.0	tvOS=17.0	visionOS=1.0	watchOS=10.0
carseat.right.up.and.down	iOS=17.0	macOS=14.0	tvOS=17.0	visionOS=1.0	watchOS=10.0
carseat.right.up.and.down.fill	iOS=17.0	macOS=14.0	tvOS=17.0	visionOS=1.0	watchOS=10.0
cat	iOS=17.0	macOS=14.0	tvOS=17.0	visionOS=1.0	watchOS=10.0
cat.circle	iOS=17.0	macOS=14.0	tvOS=17.0	visionOS=1.0	watchOS=10.0
cat.circle.fill	iOS=17.0	macOS=14.0	tvOS=17.0	visionOS=1.0	watchOS=10.0
cat.fill	iOS=17.0	macOS=14.0	tvOS=17.0	visionOS=1.0	watchOS=10.0
cedisign.arrow.circlepath	iOS=17.0	macOS=14.0	tvOS=17.0	visionOS=1.0	watchOS=10.0
centsign.arrow.circlepath	iOS=17.0	macOS=14.0	tvOS=17.0	visionOS=1.0	watchOS=10.0
character.magnify	iOS=17.0	macOS=14.0	tvOS=17.0	visionOS=1.0	watchOS=10.0
character.magnify.ar	iOS=17.0	macOS=14.0	tvOS=17.0	visionOS=1.0	watchOS=10.0
character.magnify.he	iOS=17.0	macOS=14.0	tvOS=17.0	visionOS=1.0	watchOS=10.0
character.magnify.hi	iOS=17.0	macOS=14.0	tvOS=17.0	visionOS=1.0	watchOS=10.0
character.magnify.ja	iOS=17.0	macOS=14.0	tvOS=17.0	visionOS=1.0	watchOS=10.0
character.magnify.ko	iOS=17.0	macOS=14.0	tvOS=17.0	visionOS=1.0	watchOS=10.0
character.magnify.th	iOS=17.0	macOS=14.0	tvOS=17.0	visionOS=1.0	watchOS=10.0
character.magnify.zh	iOS=17.0	macOS=14.0	tvOS=17.0	visionOS=1.0	watchOS=10.0
chart.bar.xaxis.ascending	iOS=17.0	macOS=14.0	tvOS=17.0	visionOS=1.0	watchOS=10.0
chart.bar.xaxis.ascending.badge.clock	iOS=17.0	macOS=14.0	tvOS=17.0	visionOS=1.0	watchOS=10.0
chart.bar.xaxis.ascending.badge.clock.rtl	iOS=17.0	macOS=14.0	tvOS=17.0	visionOS=1.0	watchOS=10.0
checkmark.applewatch	iOS=17.0	macOS=14.0	tvOS=17.0	visionOS=1.0	watchOS=10.0
checkmark.bubble.fill.rtl	iOS=17.0	macOS=14.0	tvOS=17.0	visionOS=1.0	watchOS=10.0
checkmark.bubble.rtl	iOS=17.0	macOS=14.0	tvOS=17.0	visionOS=1.0	watchOS=10.0
checkmark.gobackward	iOS=17.0	macOS=14.0	tvOS=17.0	visionOS=1.0	watchOS=10.0
checkmark.rectangle.stack	iOS=17.0	macOS=14.0	tvOS=17.0	visionOS=1.0	watchOS=10.0
checkmark.rectangle.stack.fill	iOS=17.0	macOS=14.0	tvOS=17.0	visionOS=1.0	watchOS=10.0
chineseyuanrenminbisign	iOS=17.0	macOS=14.0	tvOS=17.0	visionOS=1.0	watchOS=10.0
chineseyuanrenminbisign.arrow.circlepath	iOS=17.0	macOS=14.0	tvOS=17.0	visionOS=1.0	watchOS=10.0
chineseyuanrenminbisign.circle	iOS=17.0	macOS=14.0	tvOS=17.0	visionOS=1.0	watchOS=10.0
chineseyuanrenminbisign.circle.fill	iOS=17.0	macOS=14.0	tvOS=17.0	visionOS=1.0	watchOS=10.0
chineseyuanrenminbisign.square	iOS=17.0	macOS=14.0	tvOS=17.0	visionOS=1.0	watchOS=10.0
chineseyuanrenminbisign.square.fill	iOS=17.0	macOS=14.0	tvOS=17.0	visionOS=1.0	watchOS=10.0
circle.badge.checkmark	iOS=17.0	macOS=14.0	tvOS=17.0	visionOS=1.0	watchOS=10.0
circle.badge.checkmark.fill	iOS=17.0	macOS=14.0	tvOS=17.0	visionOS=1.0	watchOS=10.0
circle.badge.exclamationmark	iOS=17.0	macOS=14.0	tvOS=17.0	visionOS=1.0	watchOS=10.0
circle.badge.exclamationmark.fill	iOS=17.0	macOS=14.0	tvOS=17.0	visionOS=1.0	watchOS=10.0
circle.badge.minus	iOS=17.0	macOS=14.0	tvOS=17.0	visionOS=1.0	watchOS=10.0
circle.badge.minus.fill	iOS=17.0	macOS=14.0	tvOS=17.0	visionOS=1.0	watchOS=10.0
circle.badge.plus	iOS=17.0	macOS=14.0	tvOS=17.0	visionOS=1.0	watchOS=10.0
circle.badge.plus.fill	iOS=17.0	macOS=14.0	tvOS=17.0	visionOS=1.0	watchOS=10.0
circle.badge.questionmark	iOS=17.0	macOS=14.0	tvOS=17.0	visionOS=1.0	watchOS=10.0
circle.badge.questionmark.ar	iOS=17.0	macOS=14.0	tvOS=17.0	visionOS=1.0	watchOS=10.0
circle.badge.questionmark.fill	iOS=17.0	macOS=14.0	tvOS=17.0	visionOS=1.0	watchOS=10.0
circle.badge.questionmark.fill.ar	iOS=17.0	macOS=14.0	tvOS=17.0	visionOS=1.0	watchOS=10.0
circle.badge.xmark	iOS=17.0	macOS=14.0	tvOS=17.0	visionOS=1.0	watchOS=10.0
circle.badge.xmark.fill	iOS=17.0	macOS=14.0	tvOS=17.0	visionOS=1.0	watchOS=10.0
circle.bottomhalf.filled.inverse	iOS=17.0	macOS=14.0	tvOS=17.0	visionOS=1.0	watchOS=10.0
circle.bottomrighthalf.checkered	iOS=17.0	macOS=14.0	tvOS=17.0	visionOS=1.0	watchOS=10.0
circle.dotted.and.circle	iOS=17.0	macOS=14.0	tvOS=17.0	visionOS=1.0	watchOS=10.0
circle.dotted.circle	iOS=17.0	macOS=14.0	tvOS=17.0	visionOS=1.0	watchOS=10.0
circle.dotted.circle.fill	iOS=17.0	macOS=14.0	tvOS=17.0	visionOS=1.0	watchOS=10.0
circle.filled.ipad	iOS=17.0	macOS=14.0	tvOS=17.0	visionOS=1.0	watchOS=10.0
circle.filled.ipad.fill	iOS=17.0	macOS=14.0	tvOS=17.0	visionOS=1.0	watchOS=10.0
circle.filled.ipad.landscape	iOS=17.0	macOS=14.0	tvOS=17.0	visionOS=1.0	watchOS=10.0
circle.filled.ipad.landscape.fill	iOS=17.0	macOS=14.0	tvOS=17.0	visionOS=1.0	watchOS=10.0
circle.filled.iphone	iOS=17.0	macOS=14.0	tvOS=17.0	visionOS=1.0	watchOS=10.0
circle.filled.iphone.fill	iOS=17.0	macOS=14.0	tvOS=17.0	visionOS=1.0	watchOS=10.0
circle.lefthalf.filled.inverse	iOS=17.0	macOS=14.0	tvOS=17.0	visionOS=1.0	watchOS=10.0
circle.lefthalf.filled.righthalf.striped.horizontal	iOS=17.0	macOS=14.0	tvOS=17.0	visionOS=1.0	watchOS=10.0
circle.lefthalf.filled.righthalf.striped.horizontal.inverse	iOS=17.0	macOS=14.0	tvOS=17.0	visionOS=1.0	watchOS=10.0
circle.lefthalf.striped.horizontal	iOS=17.0	macOS=14.0	tvOS=17.0	visionOS=1.0	watchOS=10.0
circle.lefthalf.striped.horizontal.inverse	iOS=17.0	macOS=14.0	tvOS=17.0	visionOS=1.0	watchOS=10.0
circle.righthalf.filled.inverse	iOS=17.0	macOS=14.0	tvOS=17.0	visionOS=1.0	watchOS=10.0
circle.tophalf.filled.inverse	iOS=17.0	macOS=14.0	tvOS=17.0	visionOS=1.0	watchOS=10.0
cloud.rainbow.half	iOS=17.0	macOS=14.0	tvOS=17.0	visionOS=1.0	watchOS=10.0
cloud.rainbow.half.fill	iOS=17.0	macOS=14.0	tvOS=17.0	visionOS=1.0	watchOS=10.0
coloncurrencysign.arrow.circlepath	iOS=17.0	macOS=14.0	tvOS=17.0	visionOS=1.0	watchOS=10.0
creditcard.trianglebadge.exclamationmark.fill	iOS=17.0	macOS=14.0	tvOS=17.0	visionOS=1.0	watchOS=10.0
cruzeirosign.arrow.circlepath	iOS=17.0	macOS=14.0	tvOS=17.0	visionOS=1.0	watchOS=10.0
cursorarrow.slash	iOS=17.0	macOS=14.0	tvOS=17.0	visionOS=1.0	watchOS=10.0
cursorarrow.slash.square	iOS=17.0	macOS=14.0	tvOS=17.0	visionOS=1.0	watchOS=10.0
cursorarrow.slash.square.fill	iOS=17.0	macOS=14.0	tvOS=17.0	visionOS=1.0	watchOS=10.0
danishkronesign	iOS=17.0	macOS=14.0	tvOS=17.0	visionOS=1.0	watchOS=10.0
danishkronesign.arrow.circlepath	iOS=17.0	macOS=14.0	tvOS=17.0	visionOS=1.0	watchOS=10.0
danishkronesign.circle	iOS=17.0	macOS=14.0	tvOS=17.0	visionOS=1.0	watchOS=10.0
danishkronesign.circle.fill	iOS=17.0	macOS=14.0	tvOS=17.0	visionOS=1.0	watchOS=10.0
danishkronesign.square	iOS=17.0	macOS=14.0	tvOS=17.0	visionOS=1.0	watchOS=10.0
danishkronesign.square.fill	iOS=17.0	macOS=14.0	tvOS=17.0	visionOS=1.0	watchOS=10.0
dishwasher.circle	iOS=17.0	macOS=14.0	tvOS=17.0	visionOS=1.0	watchOS=10.0
dishwasher.circle.fill	iOS=17.0	macOS=14.0	tvOS=17.0	visionOS=1.0	watchOS=10.0
doc.badge.clock	iOS=17.0	macOS=14.0	tvOS=17.0	visionOS=1.0	watchOS=10.0
doc.badge.clock.fill	iOS=17.0	macOS=14.0	tvOS=17.0	visionOS=1.0	watchOS=10.0
doc.questionmark	iOS=17.0	macOS=14.0	tvOS=17.0	visionOS=1.0	watchOS=10.0
doc.questionmark.ar	iOS=17.0	macOS=14.0	tvOS=17.0	visionOS=1.0	watchOS=10.0
doc.questionmark.fill	iOS=17.0	macOS=14.0	tvOS=17.0	visionOS=1.0	watchOS=10.0
doc.questionmark.fill.ar	iOS=17.0	macOS=14.0	tvOS=17.0	visionOS=1.0	watchOS=10.0
doc.questionmark.fill.rtl	iOS=17.0	macOS=14.0	tvOS=17.0	visionOS=1.0	watchOS=10.0
doc.questionmark.rtl	iOS=17.0	macOS=14.0	tvOS=17.0	visionOS=1.0	watchOS=10.0
dog	iOS=17.0	macOS=14.0	tvOS=17.0	visionOS=1.0	watchOS=10.0
dog.circle	iOS=17.0	macOS=14.0	tvOS=17.0	visionOS=1.0	watchOS=10.0
dog.circle.fill	iOS=17.0	macOS=14.0	tvOS=17.0	visionOS=1.0	watchOS=10.0
dog.fill	iOS=17.0	macOS=14.0	tvOS=17.0	visionOS=1.0	watchOS=10.0
dongsign.arrow.circlepath	iOS=17.0	macOS=14.0	tvOS=17.0	visionOS=1.0	watchOS=10.0
dot.scope	iOS=17.0	macOS=14.0	tvOS=17.0	visionOS=1.0	watchOS=10.0
dot.scope.display	iOS=17.0	macOS=14.0	tvOS=17.0	visionOS=1.0	watchOS=10.0
dot.scope.laptopcomputer	iOS=17.0	macOS=14.0	tvOS=17.0	visionOS=1.0	watchOS=10.0
drop.halffull	iOS=17.0	macOS=14.0	tvOS=17.0	visionOS=1.0	watchOS=10.0
drop.transmission	iOS=17.0	macOS=14.0	tvOS=17.0	visionOS=1.0	watchOS=10.0
dryer.circle	iOS=17.0	macOS=14.0	tvOS=17.0	visionOS=1.0	watchOS=10.0
dryer.circle.fill	iOS=17.0	macOS=14.0	tvOS=17.0	visionOS=1.0	watchOS=10.0
ear.badge.waveform	iOS=17.0	macOS=14.0	tvOS=17.0	visionOS=1.0	watchOS=10.0
engine.combustion.badge.exclamationmark	iOS=17.0	macOS=14.0	tvOS=17.0	visionOS=1.0	watchOS=10.0
engine.combustion.badge.exclamationmark.fill	iOS=17.0	macOS=14.0	tvOS=17.0	visionOS=1.0	watchOS=10.0
envelope.badge.person.crop	iOS=17.0	macOS=14.0	tvOS=17.0	visionOS=1.0	watchOS=10.0
envelope.badge.person.crop.fill	iOS=17.0	macOS=14.0	tvOS=17.0	visionOS=1.0	watchOS=10.0
eurosign.arrow.circlepath	iOS=17.0	macOS=14.0	tvOS=17.0	visionOS=1.0	watchOS=10.0
eurozonesign	iOS=17.0	macOS=14.0	tvOS=17.0	visionOS=1.0	watchOS=10.0
eurozonesign.arrow.circlepath	iOS=17.0	macOS=14.0	tvOS=17.0	visionOS=1.0	watchOS=10.0
eurozonesign.circle	iOS=17.0	macOS=14.0	tvOS=17.0	visionOS=1.0	watchOS=10.0
eurozonesign.circle.fill	iOS=17.0	macOS=14.0	tvOS=17.0	visionOS=1.0	watchOS=10.0
eurozonesign.square	iOS=17.0	macOS=14.0	tvOS=17.0	visionOS=1.0	watchOS=10.0
eurozonesign.square.fill	iOS=17.0	macOS=14.0	tvOS=17.0	visionOS=1.0	watchOS=10.0
ev.charger	iOS=17.0	macOS=14.0	tvOS=17.0	visionOS=1.0	watchOS=10.0
ev.charger.arrowtriangle.left	iOS=17.0	macOS=14.0	tvOS=17.0	visionOS=1.0	watchOS=10.0
ev.charger.arrowtriangle.left.fill	iOS=17.0	macOS=14.0	tvOS=17.0	visionOS=1.0	watchOS=10.0
ev.charger.arrowtriangle.right	iOS=17.0	macOS=14.0	tvOS=17.0	visionOS=1.0	watchOS=10.0
ev.charger.arrowtriangle.right.fill	iOS=17.0	macOS=14.0	tvOS=17.0	visionOS=1.0	watchOS=10.0
ev.charger.exclamationmark	iOS=17.0	macOS=14.0	tvOS=17.0	visionOS=1.0	watchOS=10.0
ev.charger.exclamationmark.fill	iOS=17.0	macOS=14.0	tvOS=17.0	visionOS=1.0	watchOS=10.0
ev.charger.fill	iOS=17.0	macOS=14.0	tvOS=17.0	visionOS=1.0	watchOS=10.0
ev.charger.slash	iOS=17.0	macOS=14.0	tvOS=17.0	visionOS=1.0	watchOS=10.0
ev.charger.slash.fill	iOS=17.0	macOS=14.0	tvOS=17.0	visionOS=1.0	watchOS=10.0
ev.plug.ac.gb.t	iOS=17.0	macOS=14.0	tvOS=17.0	visionOS=1.0	watchOS=10.0
ev.plug.ac.gb.t.fill	iOS=17.0	macOS=14.0	tvOS=17.0	visionOS=1.0	watchOS=10.0
ev.plug.ac.type.1	iOS=17.0	macOS=14.0	tvOS=17.0	visionOS=1.0	watchOS=10.0
ev.plug.ac.type.1.fill	iOS=17.0	macOS=14.0	tvOS=17.0	visionOS=1.0	watchOS=10.0
ev.plug.ac.type.2	iOS=17.0	macOS=14.0	tvOS=17.0	visionOS=1.0	watchOS=10.0
ev.plug.ac.type.2.fill	iOS=17.0	macOS=14.0	tvOS=17.0	visionOS=1.0	watchOS=10.0
ev.plug.dc.ccs1	iOS=17.0	macOS=14.0	tvOS=17.0	visionOS=1.0	watchOS=10.0
ev.plug.dc.ccs1.fill	iOS=17.0	macOS=14.0	tvOS=17.0	visionOS=1.0	watchOS=10.0
ev.plug.dc.ccs2	iOS=17.0	macOS=14.0	tvOS=17.0	visionOS=1.0	watchOS=10.0
ev.plug.dc.ccs2.fill	iOS=17.0	macOS=14.0	tvOS=17.0	visionOS=1.0	watchOS=10.0
ev.plug.dc.chademo	iOS=17.0	macOS=14.0	tvOS=17.0	visionOS=1.0	watchOS=10.0
ev.plug.dc.chademo.fill	iOS=17.0	macOS=14.0	tvOS=17.0	visionOS=1.0	watchOS=10.0
ev.plug.dc.gb.t	iOS=17.0	macOS=14.0	tvOS=17.0	visionOS=1.0	watchOS=10.0
ev.plug.dc.gb.t.fill	iOS=17.0	macOS=14.0	tvOS=17.0	visionOS=1.0	watchOS=10.0
ev.plug.dc.nacs	iOS=17.0	macOS=14.0	tvOS=17.0	visionOS=1.0	watchOS=10.0
ev.plug.dc.nacs.fill	iOS=17.0	macOS=14.0	tvOS=17.0	visionOS=1.0	watchOS=10.0
exclamationmark.magnifyingglass	iOS=17.0	macOS=14.0	tvOS=17.0	visionOS=1.0	watchOS=10.0
exclamationmark.tirepressure	iOS=17.0	macOS=14.0	tvOS=17.0	visionOS=1.0	watchOS=10.0
exclamationmark.warninglight	iOS=17.0	macOS=14.0	tvOS=17.0	visionOS=1.0	watchOS=10.0
exclamationmark.warninglight.fill	iOS=17.0	macOS=14.0	tvOS=17.0	visionOS=1.0	watchOS=10.0
eyeglasses.slash	iOS=17.0	macOS=14.0	tvOS=17.0	visionOS=1.0	watchOS=10.0
fan	iOS=17.0	macOS=14.0	tvOS=17.0	visionOS=1.0	watchOS=10.0
fan.badge.automatic	iOS=17.0	macOS=14.0	tvOS=17.0	visionOS=1.0	watchOS=10.0
fan.badge.automatic.fill	iOS=17.0	macOS=14.0	tvOS=17.0	visionOS=1.0	watchOS=10.0
fan.fill	iOS=17.0	macOS=14.0	tvOS=17.0	visionOS=1.0	watchOS=10.0
fan.slash	iOS=17.0	macOS=14.0	tvOS=17.0	visionOS=1.0	watchOS=10.0
fan.slash.fill	iOS=17.0	macOS=14.0	tvOS=17.0	visionOS=1.0	watchOS=10.0
field.of.view.ultrawide	iOS=17.0	macOS=14.0	tvOS=17.0	visionOS=1.0	watchOS=10.0
field.of.view.ultrawide.fill	iOS=17.0	macOS=14.0	tvOS=17.0	visionOS=1.0	watchOS=10.0
field.of.view.wide	iOS=17.0	macOS=14.0	tvOS=17.0	visionOS=1.0	watchOS=10.0
field.of.view.wide.fill	iOS=17.0	macOS=14.0	tvOS=17.0	visionOS=1.0	watchOS=10.0
figure	iOS=17.0	macOS=14.0	tvOS=17.0	visionOS=1.0	watchOS=10.0
figure.2	iOS=17.0	macOS=14.0	tvOS=17.0	visionOS=1.0	watchOS=10.0
figure.2.circle	iOS=17.0	macOS=14.0	tvOS=17.0	visionOS=1.0	watchOS=10.0
figure.2.circle.fill	iOS=17.0	macOS=14.0	tvOS=17.0	visionOS=1.0	watchOS=10.0
figure.child	iOS=17.0	macOS=14.0	tvOS=17.0	visionOS=1.0	watchOS=10.0
figure.child.and.lock	iOS=17.0	macOS=14.0	tvOS=17.0	visionOS=1.0	watchOS=10.0
figure.child.and.lock.fill	iOS=17.0	macOS=14.0	tvOS=17.0	visionOS=1.0	watchOS=10.0
figure.child.and.lock.open	iOS=17.0	macOS=14.0	tvOS=17.0	visionOS=1.0	watchOS=10.0
figure.child.and.lock.open.fill	iOS=17.0	macOS=14.0	tvOS=17.0	visionOS=1.0	watchOS=10.0
figure.child.circle	iOS=17.0	macOS=14.0	tvOS=17.0	visionOS=1.0	watchOS=10.0
figure.child.circle.fill	iOS=17.0	macOS=14.0	tvOS=17.0	visionOS=1.0	watchOS=10.0
figure.seated.side	iOS=17.0	macOS=14.0	tvOS=17.0	visionOS=1.0	watchOS=10.0
figure.seated.side.air.distribution.lower	iOS=17.0	macOS=14.0	tvOS=17.0	visionOS=1.0	watchOS=10.0
figure.seated.side.air.distribution.middle	iOS=17.0	macOS=14.0	tvOS=17.0	visionOS=1.0	watchOS=10.0
figure.seated.side.air.distribution.middle.and.lower	iOS=17.0	macOS=14.0	tvOS=17.0	visionOS=1.0	watchOS=10.0
figure.seated.side.air.distribution.middle.and.lower.angled	iOS=17.0	macOS=14.0	tvOS=17.0	visionOS=1.0	watchOS=10.0
figure.seated.side.air.distribution.upper	iOS=17.0	macOS=14.0	tvOS=17.0	visionOS=1.0	watchOS=10.0
figure.seated.side.air.distribution.upper.angled.and.lower.angled	iOS=17.0	macOS=14.0	tvOS=17.0	visionOS=1.0	watchOS=10.0
figure.seated.side.air.distribution.upper.angled.and.middle	iOS=17.0	macOS=14.0	tvOS=17.0	visionOS=1.0	watchOS=10.0
figure.seated.side.air.distribution.upper.angled.and.middle.and.lower.angled	iOS=17.0	macOS=14.0	tvOS=17.0	visionOS=1.0	watchOS=10.0
figure.seated.side.automatic	iOS=17.0	macOS=14.0	tvOS=17.0	visionOS=1.0	watchOS=10.0
figure.seated.side.windshield.front.and.heat.waves.air.distribution.lower	iOS=17.0	macOS=14.0	tvOS=17.0	visionOS=1.0	watchOS=10.0
figure.seated.side.windshield.front.and.heat.waves.air.distribution.middle	iOS=17.0	macOS=14.0	tvOS=17.0	visionOS=1.0	watchOS=10.0
figure.seated.side.windshield.front.and.heat.waves.air.distribution.middle.and.lower	iOS=17.0	macOS=14.0	tvOS=17.0	visionOS=1.0	watchOS=10.0
figure.seated.side.windshield.front.and.heat.waves.air.distribution.upper	iOS=17.0	macOS=14.0	tvOS=17.0	visionOS=1.0	watchOS=10.0
figure.seated.side.windshield.front.and.heat.waves.air.distribution.upper.and.lower	iOS=17.0	macOS=14.0	tvOS=17.0	visionOS=1.0	watchOS=10.0
figure.seated.side.windshield.front.and.heat.waves.air.distribution.upper.and.middle	iOS=17.0	macOS=14.0	tvOS=17.0	visionOS=1.0	watchOS=10.0
figure.seated.side.windshield.front.and.heat.waves.air.distribution.upper.and.middle.and.lower	iOS=17.0	macOS=14.0	tvOS=17.0	visionOS=1.0	watchOS=10.0
figure.walk.motion.trianglebadge.exclamationmark	iOS=17.0	macOS=14.0	tvOS=17.0	visionOS=1.0	watchOS=10.0
fireworks	iOS=17.0	macOS=14.0	tvOS=17.0	visionOS=1.0	watchOS=10.0
flashlight.off.circle	iOS=17.0	macOS=14.0	tvOS=17.0	visionOS=1.0	watchOS=10.0
flashlight.off.circle.fill	iOS=17.0	macOS=14.0	tvOS=17.0	visionOS=1.0	watchOS=10.0
flashlight.on.circle	iOS=17.0	macOS=14.0	tvOS=17.0	visionOS=1.0	watchOS=10.0
flashlight.on.circle.fill	iOS=17.0	macOS=14.0	tvOS=17.0	visionOS=1.0	watchOS=10.0
flashlight.slash	iOS=17.0	macOS=14.0	tvOS=17.0	visionOS=1.0	watchOS=10.0
flashlight.slash.circle	iOS=17.0	macOS=14.0	tvOS=17.0	visionOS=1.0	watchOS=10.0
flashlight.slash.circle.fill	iOS=17.0	macOS=14.0	tvOS=17.0	visionOS=1.0	watchOS=10.0
flask	iOS=17.0	macOS=14.0	tvOS=17.0	visionOS=1.0	watchOS=10.0
flask.fill	iOS=17.0	macOS=14.0	tvOS=17.0	visionOS=1.0	watchOS=10.0
florinsign.arrow.circlepath	iOS=17.0	macOS=14.0	tvOS=17.0	visionOS=1.0	watchOS=10.0
francsign.arrow.circlepath	iOS=17.0	macOS=14.0	tvOS=17.0	visionOS=1.0	watchOS=10.0
fuelpump.arrowtriangle.left	iOS=17.0	macOS=14.0	tvOS=17.0	visionOS=1.0	watchOS=10.0
fuelpump.arrowtriangle.left.fill	iOS=17.0	macOS=14.0	tvOS=17.0	visionOS=1.0	watchOS=10.0
fuelpump.arrowtriangle.right	iOS=17.0	macOS=14.0	tvOS=17.0	visionOS=1.0	watchOS=10.0
fuelpump.arrowtriangle.right.fill	iOS=17.0	macOS=14.0	tvOS=17.0	visionOS=1.0	watchOS=10.0
fuelpump.exclamationmark	iOS=17.0	macOS=14.0	tvOS=17.0	visionOS=1.0	watchOS=10.0
fuelpump.exclamationmark.fill	iOS=17.0	macOS=14.0	tvOS=17.0	visionOS=1.0	watchOS=10.0
fuelpump.slash	iOS=17.0	macOS=14.0	tvOS=17.0	visionOS=1.0	watchOS=10.0
fuelpump.slash.fill	iOS=17.0	macOS=14.0	tvOS=17.0	visionOS=1.0	watchOS=10.0
gauge.open.with.lines.needle.33percent	iOS=17.0	macOS=14.0	tvOS=17.0	visionOS=1.0	watchOS=10.0
gauge.open.with.lines.needle.33percent.and.arrowtriangle	iOS=17.0	macOS=14.0	tvOS=17.0	visionOS=1.0	watchOS=10.0
gauge.open.with.lines.needle.33percent.and.arrowtriangle.from.0percent.to.50percent	iOS=17.0	macOS=14.0	tvOS=17.0	visionOS=1.0	watchOS=10.0
gauge.open.with.lines.needle.67percent.and.arrowtriangle	iOS=17.0	macOS=14.0	tvOS=17.0	visionOS=1.0	watchOS=10.0
gauge.open.with.lines.needle.67percent.and.arrowtriangle.and.car	iOS=17.0	macOS=14.0	tvOS=17.0	visionOS=1.0	watchOS=10.0
gauge.open.with.lines.needle.84percent.exclamation	iOS=17.0	macOS=14.0	tvOS=17.0	visionOS=1.0	watchOS=10.0
gauge.with.dots.needle.0percent	iOS=17.0	macOS=14.0	tvOS=17.0	visionOS=1.0	watchOS=10.0
gauge.with.dots.needle.100percent	iOS=17.0	macOS=14.0	tvOS=17.0	visionOS=1.0	watchOS=10.0
gauge.with.dots.needle.33percent	iOS=17.0	macOS=14.0	tvOS=17.0	visionOS=1.0	watchOS=10.0
gauge.with.dots.needle.50percent	iOS=17.0	macOS=14.0	tvOS=17.0	visionOS=1.0	watchOS=10.0
gauge.with.dots.needle.67percent	iOS=17.0	macOS=14.0	tvOS=17.0	visionOS=1.0	watchOS=10.0
gauge.with.dots.needle.bottom.0percent	iOS=17.0	macOS=14.0	tvOS=17.0	visionOS=1.0	watchOS=10.0
gauge.with.dots.needle.bottom.100percent	iOS=17.0	macOS=14.0	tvOS=17.0	visionOS=1.0	watchOS=10.0
gauge.with.dots.needle.bottom.50percent	iOS=17.0	macOS=14.0	tvOS=17.0	visionOS=1.0	watchOS=10.0
gauge.with.dots.needle.bottom.50percent.badge.minus	iOS=17.0	macOS=14.0	tvOS=17.0	visionOS=1.0	watchOS=10.0
gauge.with.dots.needle.bottom.50percent.badge.plus	iOS=17.0	macOS=14.0	tvOS=17.0	visionOS=1.0	watchOS=10.0
gauge.with.needle	iOS=17.0	macOS=14.0	tvOS=17.0	visionOS=1.0	watchOS=10.0
gauge.with.needle.fill	iOS=17.0	macOS=14.0	tvOS=17.0	visionOS=1.0	watchOS=10.0
gearshift.layout.sixspeed	iOS=17.0	macOS=14.0	tvOS=17.0	visionOS=1.0	watchOS=10.0
guaranisign.arrow.circlepath	iOS=17.0	macOS=14.0	tvOS=17.0	visionOS=1.0	watchOS=10.0
gym.bag	iOS=17.0	macOS=14.0	tvOS=17.0	visionOS=1.0	watchOS=10.0
gym.bag.fill	iOS=17.0	macOS=14.0	tvOS=17.0	visionOS=1.0	watchOS=10.0
hand.point.up.left.and.text	iOS=17.0	macOS=14.0	tvOS=17.0	visionOS=1.0	watchOS=10.0
hand.point.up.left.and.text.fill	iOS=17.0	macOS=14.0	tvOS=17.0	visionOS=1.0	watchOS=10.0
handbag.circle	iOS=17.0	macOS=14.0	tvOS=17.0	visionOS=1.0	watchOS=10.0
handbag.circle.fill	iOS=17.0	macOS=14.0	tvOS=17.0	visionOS=1.0	watchOS=10.0
hands.and.sparkles	iOS=17.0	macOS=14.0	tvOS=17.0	visionOS=1.0	watchOS=10.0
hands.and.sparkles.fill	iOS=17.0	macOS=14.0	tvOS=17.0	visionOS=1.0	watchOS=10.0
hanger	iOS=17.0	macOS=14.0	tvOS=17.0	visionOS=1.0	watchOS=10.0
hare.circle	iOS=17.0	macOS=14.0	tvOS=17.0	visionOS=1.0	watchOS=10.0
hare.circle.fill	iOS=17.0	macOS=14.0	tvOS=17.0	visionOS=1.0	watchOS=10.0
head.profile.arrow.forward.and.visionpro	iOS=17.0	macOS=14.0	tvOS=17.0	visionOS=1.0	watchOS=10.0
heat.waves	iOS=17.0	macOS=14.0	tvOS=17.0	visionOS=1.0	watchOS=10.0
horn	iOS=17.0	macOS=14.0	tvOS=17.0	visionOS=1.0	watchOS=10.0
horn.blast	iOS=17.0	macOS=14.0	tvOS=17.0	visionOS=1.0	watchOS=10.0
horn.blast.fill	iOS=17.0	macOS=14.0	tvOS=17.0	visionOS=1.0	watchOS=10.0
horn.fill	iOS=17.0	macOS=14.0	tvOS=17.0	visionOS=1.0	watchOS=10.0
hourglass.and.lock	iOS=17.0	macOS=14.0	tvOS=17.0	visionOS=1.0	watchOS=10.0
hryvniasign.arrow.circlepath	iOS=17.0	macOS=14.0	tvOS=17.0	visionOS=1.0	watchOS=10.0
indianrupeesign.arrow.circlepath	iOS=17.0	macOS=14.0	tvOS=17.0	visionOS=1.0	watchOS=10.0
info.bubble.fill.rtl	iOS=17.0	macOS=14.0	tvOS=17.0	visionOS=1.0	watchOS=10.0
info.bubble.rtl	iOS=17.0	macOS=14.0	tvOS=17.0	visionOS=1.0	watchOS=10.0
ipad.case	iOS=17.0	macOS=14.0	tvOS=17.0	visionOS=1.0	watchOS=10.0
ipad.case.and.iphone.case	iOS=17.0	macOS=14.0	tvOS=17.0	visionOS=1.0	watchOS=10.0
ipad.sizes	iOS=17.0	macOS=14.0	tvOS=17.0	visionOS=1.0	watchOS=10.0
iphone.and.arrow.left.and.arrow.right	iOS=17.0	macOS=14.0	tvOS=17.0	visionOS=1.0	watchOS=10.0
iphone.case	iOS=17.0	macOS=14.0	tvOS=17.0	visionOS=1.0	watchOS=10.0
iphone.sizes	iOS=17.0	macOS=14.0	tvOS=17.0	visionOS=1.0	watchOS=10.0
kashida.arabic	iOS=17.0	macOS=14.0	tvOS=17.0	visionOS=1.0	watchOS=10.0
key.radiowaves.forward.slash	iOS=17.0	macOS=14.0	tvOS=17.0	visionOS=1.0	watchOS=10.0
key.radiowaves.forward.slash.fill	iOS=17.0	macOS=14.0	tvOS=17.0	visionOS=1.0	watchOS=10.0
key.slash	iOS=17.0	macOS=14.0	tvOS=17.0	visionOS=1.0	watchOS=10.0
key.slash.fill	iOS=17.0	macOS=14.0	tvOS=17.0	visionOS=1.0	watchOS=10.0
kipsign.arrow.circlepath	iOS=17.0	macOS=14.0	tvOS=17.0	visionOS=1.0	watchOS=10.0
l.button.roundedbottom.horizontal	iOS=17.0	macOS=14.0	tvOS=17.0	visionOS=1.0	watchOS=10.0
l.button.roundedbottom.horizontal.fill	iOS=17.0	macOS=14.0	tvOS=17.0	visionOS=1.0	watchOS=10.0
l1.button.roundedbottom.horizontal	iOS=17.0	macOS=14.0	tvOS=17.0	visionOS=1.0	watchOS=10.0
l1.button.roundedbottom.horizontal.fill	iOS=17.0	macOS=14.0	tvOS=17.0	visionOS=1.0	watchOS=10.0
l1.circle	iOS=17.0	macOS=14.0	tvOS=17.0	visionOS=1.0	watchOS=10.0
l1.circle.fill	iOS=17.0	macOS=14.0	tvOS=17.0	visionOS=1.0	watchOS=10.0
l2.button.angledtop.vertical.left	iOS=17.0	macOS=14.0	tvOS=17.0	visionOS=1.0	watchOS=10.0
l2.button.angledtop.vertical.left.fill	iOS=17.0	macOS=14.0	tvOS=17.0	visionOS=1.0	watchOS=10.0
l2.button.roundedtop.horizontal	iOS=17.0	macOS=14.0	tvOS=17.0	visionOS=1.0	watchOS=10.0
l2.button.roundedtop.horizontal.fill	iOS=17.0	macOS=14.0	tvOS=17.0	visionOS=1.0	watchOS=10.0
l2.circle	iOS=17.0	macOS=14.0	tvOS=17.0	visionOS=1.0	watchOS=10.0
l2.circle.fill	iOS=17.0	macOS=14.0	tvOS=17.0	visionOS=1.0	watchOS=10.0
l3.button.angledbottom.horizontal.left	iOS=17.0	macOS=14.0	tvOS=17.0	visionOS=1.0	watchOS=10.0
l3.button.angledbottom.horizontal.left.fill	iOS=17.0	macOS=14.0	tvOS=17.0	visionOS=1.0	watchOS=10.0
l4.button.horizontal	iOS=17.0	macOS=14.0	tvOS=17.0	visionOS=1.0	watchOS=10.0
l4.button.horizontal.fill	iOS=17.0	macOS=14.0	tvOS=17.0	visionOS=1.0	watchOS=10.0
ladybug.circle	iOS=17.0	macOS=14.0	tvOS=17.0	visionOS=1.0	watchOS=10.0
ladybug.circle.fill	iOS=17.0	macOS=14.0	tvOS=17.0	visionOS=1.0	watchOS=10.0
larisign.arrow.circlepath	iOS=17.0	macOS=14.0	tvOS=17.0	visionOS=1.0	watchOS=10.0
laser.burst	iOS=17.0	macOS=14.0	tvOS=17.0	visionOS=1.0	watchOS=10.0
lasso.badge.sparkles	iOS=17.0	macOS=14.0	tvOS=17.0	visionOS=1.0	watchOS=10.0
lb.button.roundedbottom.horizontal	iOS=17.0	macOS=14.0	tvOS=17.0	visionOS=1.0	watchOS=10.0
lb.button.roundedbottom.horizontal.fill	iOS=17.0	macOS=14.0	tvOS=17.0	visionOS=1.0	watchOS=10.0
lb.circle	iOS=17.0	macOS=14.0	tvOS=17.0	visionOS=1.0	watchOS=10.0
lb.circle.fill	iOS=17.0	macOS=14.0	tvOS=17.0	visionOS=1.0	watchOS=10.0
left	iOS=17.0	macOS=14.0	tvOS=17.0	visionOS=1.0	watchOS=10.0
left.circle	iOS=17.0	macOS=14.0	tvOS=17.0	visionOS=1.0	watchOS=10.0
left.circle.fill	iOS=17.0	macOS=14.0	tvOS=17.0	visionOS=1.0	watchOS=10.0
licenseplate	iOS=17.0	macOS=14.0	tvOS=17.0	visionOS=1.0	watchOS=10.0
licenseplate.fill	iOS=17.0	macOS=14.0	tvOS=17.0	visionOS=1.0	watchOS=10.0
lightbulb.max	iOS=17.0	macOS=14.0	tvOS=17.0	visionOS=1.0	watchOS=10.0
lightbulb.max.fill	iOS=17.0	macOS=14.0	tvOS=17.0	visionOS=1.0	watchOS=10.0
lightbulb.min	iOS=17.0	macOS=14.0	tvOS=17.0	visionOS=1.0	watchOS=10.0
lightbulb.min.badge.exclamationmark	iOS=17.0	macOS=14.0	tvOS=17.0	visionOS=1.0	watchOS=10.0
lightbulb.min.badge.exclamationmark.fill	iOS=17.0	macOS=14.0	tvOS=17.0	visionOS=1.0	watchOS=10.0
lightbulb.min.fill	iOS=17.0	macOS=14.0	tvOS=17.0	visionOS=1.0	watchOS=10.0
lightrail	iOS=17.0	macOS=14.0	tvOS=17.0	visionOS=1.0	watchOS=10.0
lightrail.fill	iOS=17.0	macOS=14.0	tvOS=17.0	visionOS=1.0	watchOS=10.0
lightspectrum.horizontal	iOS=17.0	macOS=14.0	tvOS=17.0	visionOS=1.0	watchOS=10.0
line.3.horizontal.button.angledtop.vertical.right	iOS=17.0	macOS=14.0	tvOS=17.0	visionOS=1.0	watchOS=10.0
line.3.horizontal.button.angledtop.vertical.right.fill	iOS=17.0	macOS=14.0	tvOS=17.0	visionOS=1.0	watchOS=10.0
lines.measurement.vertical	iOS=17.0	macOS=14.0	tvOS=17.0	visionOS=1.0	watchOS=10.0
lirasign.arrow.circlepath	iOS=17.0	macOS=14.0	tvOS=17.0	visionOS=1.0	watchOS=10.0
livephoto.badge.automatic	iOS=17.0	macOS=14.0	tvOS=17.0	visionOS=1.0	watchOS=10.0
lizard.circle	iOS=17.0	macOS=14.0	tvOS=17.0	visionOS=1.0	watchOS=10.0
lizard.circle.fill	iOS=17.0	macOS=14.0	tvOS=17.0	visionOS=1.0	watchOS=10.0
lm.button.horizontal	iOS=17.0	macOS=14.0	tvOS=17.0	visionOS=1.0	watchOS=10.0
lm.button.horizontal.fill	iOS=17.0	macOS=14.0	tvOS=17.0	visionOS=1.0	watchOS=10.0
lock.app.dashed	iOS=17.0	macOS=14.0	tvOS=17.0	visionOS=1.0	watchOS=10.0
lock.badge.clock	iOS=17.0	macOS=14.0	tvOS=17.0	visionOS=1.0	watchOS=10.0
lock.badge.clock.fill	iOS=17.0	macOS=14.0	tvOS=17.0	visionOS=1.0	watchOS=10.0
lock.circle.dotted	iOS=17.0	macOS=14.0	tvOS=17.0	visionOS=1.0	watchOS=10.0
lsb.button.angledbottom.horizontal.left	iOS=17.0	macOS=14.0	tvOS=17.0	visionOS=1.0	watchOS=10.0
lsb.button.angledbottom.horizontal.left.fill	iOS=17.0	macOS=14.0	tvOS=17.0	visionOS=1.0	watchOS=10.0
lt.button.roundedtop.horizontal	iOS=17.0	macOS=14.0	tvOS=17.0	visionOS=1.0	watchOS=10.0
lt.button.roundedtop.horizontal.fill	iOS=17.0	macOS=14.0	tvOS=17.0	visionOS=1.0	watchOS=10.0
lt.circle	iOS=17.0	macOS=14.0	tvOS=17.0	visionOS=1.0	watchOS=10.0
lt.circle.fill	iOS=17.0	macOS=14.0	tvOS=17.0	visionOS=1.0	watchOS=10.0
m1.button.horizontal	iOS=17.0	macOS=14.0	tvOS=17.0	visionOS=1.0	watchOS=10.0
m1.button.horizontal.fill	iOS=17.0	macOS=14.0	tvOS=17.0	visionOS=1.0	watchOS=10.0
m2.button.horizontal	iOS=17.0	macOS=14.0	tvOS=17.0	visionOS=1.0	watchOS=10.0
m2.button.horizontal.fill	iOS=17.0	macOS=14.0	tvOS=17.0	visionOS=1.0	watchOS=10.0
m3.button.horizontal	iOS=17.0	macOS=14.0	tvOS=17.0	visionOS=1.0	watchOS=10.0
m3.button.horizontal.fill	iOS=17.0	macOS=14.0	tvOS=17.0	visionOS=1.0	watchOS=10.0
m4.button.horizontal	iOS=17.0	macOS=14.0	tvOS=17.0	visionOS=1.0	watchOS=10.0
m4.button.horizontal.fill	iOS=17.0	macOS=14.0	tvOS=17.0	visionOS=1.0	watchOS=10.0
macbook	iOS=17.0	macOS=14.0	tvOS=17.0	visionOS=1.0	watchOS=10.0
macbook.and.visionpro	iOS=17.0	macOS=14.0	tvOS=17.0	visionOS=1.0	watchOS=10.0
macbook.gen1	iOS=17.0	macOS=14.0	tvOS=17.0	visionOS=1.0	watchOS=10.0
macbook.gen2	iOS=17.0	macOS=14.0	tvOS=17.0	visionOS=1.0	watchOS=10.0
macwindow.and.cursorarrow	iOS=17.0	macOS=14.0	tvOS=17.0	visionOS=1.0	watchOS=10.0
macwindow.and.cursorarrow.rtl	iOS=17.0	macOS=14.0	tvOS=17.0	visionOS=1.0	watchOS=10.0
manatsign.arrow.circlepath	iOS=17.0	macOS=14.0	tvOS=17.0	visionOS=1.0	watchOS=10.0
mappin.and.ellipse.circle	iOS=17.0	macOS=14.0	tvOS=17.0	visionOS=1.0	watchOS=10.0
mappin.and.ellipse.circle.fill	iOS=17.0	macOS=14.0	tvOS=17.0	visionOS=1.0	watchOS=10.0
message.badge.waveform	iOS=17.0	macOS=14.0	tvOS=17.0	visionOS=1.0	watchOS=10.0
message.badge.waveform.fill	iOS=17.0	macOS=14.0	tvOS=17.0	visionOS=1.0	watchOS=10.0
millsign.arrow.circlepath	iOS=17.0	macOS=14.0	tvOS=17.0	visionOS=1.0	watchOS=10.0
moon.dust	iOS=17.0	macOS=14.0	tvOS=17.0	visionOS=1.0	watchOS=10.0
moon.dust.circle	iOS=17.0	macOS=14.0	tvOS=17.0	visionOS=1.0	watchOS=10.0
moon.dust.circle.fill	iOS=17.0	macOS=14.0	tvOS=17.0	visionOS=1.0	watchOS=10.0
moon.dust.fill	iOS=17.0	macOS=14.0	tvOS=17.0	visionOS=1.0	watchOS=10.0
moonrise	iOS=17.0	macOS=14.0	tvOS=17.0	visionOS=1.0	watchOS=10.0
moonrise.circle	iOS=17.0	macOS=14.0	tvOS=17.0	visionOS=1.0	watchOS=10.0
moonrise.circle.fill	iOS=17.0	macOS=14.0	tvOS=17.0	visionOS=1.0	watchOS=10.0
moonrise.fill	iOS=17.0	macOS=14.0	tvOS=17.0	visionOS=1.0	watchOS=10.0
moonset	iOS=17.0	macOS=14.0	tvOS=17.0	visionOS=1.0	watchOS=10.0
moonset.circle	iOS=17.0	macOS=14.0	tvOS=17.0	visionOS=1.0	watchOS=10.0
moonset.circle.fill	iOS=17.0	macOS=14.0	tvOS=17.0	visionOS=1.0	watchOS=10.0
moonset.fill	iOS=17.0	macOS=14.0	tvOS=17.0	visionOS=1.0	watchOS=10.0
movieclapper	iOS=17.0	macOS=14.0	tvOS=17.0	visionOS=1.0	watchOS=10.0
movieclapper.fill	iOS=17.0	macOS=14.0	tvOS=17.0	visionOS=1.0	watchOS=10.0
nairasign.arrow.circlepath	iOS=17.0	macOS=14.0	tvOS=17.0	visionOS=1.0	watchOS=10.0
network.slash	iOS=17.0	macOS=14.0	tvOS=17.0	visionOS=1.0	watchOS=10.0
norwegiankronesign	iOS=17.0	macOS=14.0	tvOS=17.0	visionOS=1.0	watchOS=10.0
norwegiankronesign.arrow.circlepath	iOS=17.0	macOS=14.0	tvOS=17.0	visionOS=1.0	watchOS=10.0
norwegiankronesign.circle	iOS=17.0	macOS=14.0	tvOS=17.0	visionOS=1.0	watchOS=10.0
norwegiankronesign.circle.fill	iOS=17.0	macOS=14.0	tvOS=17.0	visionOS=1.0	watchOS=10.0
norwegiankronesign.square	iOS=17.0	macOS=14.0	tvOS=17.0	visionOS=1.0	watchOS=10.0
norwegiankronesign.square.fill	iOS=17.0	macOS=14.0	tvOS=17.0	visionOS=1.0	watchOS=10.0
opticid	iOS=17.0	macOS=14.0	tvOS=17.0	visionOS=1.0	watchOS=10.0
opticid.fill	iOS=17.0	macOS=14.0	tvOS=17.0	visionOS=1.0	watchOS=10.0
p1.button.horizontal	iOS=17.0	macOS=14.0	tvOS=17.0	visionOS=1.0	watchOS=10.0
p1.button.horizontal.fill	iOS=17.0	macOS=14.0	tvOS=17.0	visionOS=1.0	watchOS=10.0
p2.button.horizontal	iOS=17.0	macOS=14.0	tvOS=17.0	visionOS=1.0	watchOS=10.0
p2.button.horizontal.fill	iOS=17.0	macOS=14.0	tvOS=17.0	visionOS=1.0	watchOS=10.0
p3.button.horizontal	iOS=17.0	macOS=14.0	tvOS=17.0	visionOS=1.0	watchOS=10.0
p3.button.horizontal.fill	iOS=17.0	macOS=14.0	tvOS=17.0	visionOS=1.0	watchOS=10.0
p4.button.horizontal	iOS=17.0	macOS=14.0	tvOS=17.0	visionOS=1.0	watchOS=10.0
p4.button.horizontal.fill	iOS=17.0	macOS=14.0	tvOS=17.0	visionOS=1.0	watchOS=10.0
paddleshifter.left	iOS=17.0	macOS=14.0	tvOS=17.0	visionOS=1.0	watchOS=10.0
paddleshifter.left.fill	iOS=17.0	macOS=14.0	tvOS=17.0	visionOS=1.0	watchOS=10.0
paddleshifter.right	iOS=17.0	macOS=14.0	tvOS=17.0	visionOS=1.0	watchOS=10.0
paddleshifter.right.fill	iOS=17.0	macOS=14.0	tvOS=17.0	visionOS=1.0	watchOS=10.0
pano.badge.play	iOS=17.0	macOS=14.0	tvOS=17.0	visionOS=1.0	watchOS=10.0
pano.badge.play.fill	iOS=17.0	macOS=14.0	tvOS=17.0	visionOS=1.0	watchOS=10.0
parkingsign.radiowaves.left.and.right	iOS=17.0	macOS=14.0	tvOS=17.0	visionOS=1.0	watchOS=10.0
parkingsign.radiowaves.right.and.safetycone	iOS=17.0	macOS=14.0	tvOS=17.0	visionOS=1.0	watchOS=10.0
parkingsign.steeringwheel	iOS=17.0	macOS=14.0	tvOS=17.0	visionOS=1.0	watchOS=10.0
pedal.accelerator	iOS=17.0	macOS=14.0	tvOS=17.0	visionOS=1.0	watchOS=10.0
pedal.accelerator.fill	iOS=17.0	macOS=14.0	tvOS=17.0	visionOS=1.0	watchOS=10.0
pedal.brake	iOS=17.0	macOS=14.0	tvOS=17.0	visionOS=1.0	watchOS=10.0
pedal.brake.fill	iOS=17.0	macOS=14.0	tvOS=17.0	visionOS=1.0	watchOS=10.0
pedal.clutch	iOS=17.0	macOS=14.0	tvOS=17.0	visionOS=1.0	watchOS=10.0
pedal.clutch.fill	iOS=17.0	macOS=14.0	tvOS=17.0	visionOS=1.0	watchOS=10.0
pencil.and.list.clipboard	iOS=17.0	macOS=14.0	tvOS=17.0	visionOS=1.0	watchOS=10.0
pencil.and.list.clipboard.rtl	iOS=17.0	macOS=14.0	tvOS=17.0	visionOS=1.0	watchOS=10.0
pencil.and.scribble	iOS=17.0	macOS=14.0	tvOS=17.0	visionOS=1.0	watchOS=10.0
pencil.tip.crop.circle.badge.arrow.forward.fill	iOS=17.0	macOS=14.0	tvOS=17.0	visionOS=1.0	watchOS=10.0
pencil.tip.crop.circle.badge.minus.fill	iOS=17.0	macOS=14.0	tvOS=17.0	visionOS=1.0	watchOS=10.0
pencil.tip.crop.circle.badge.plus.fill	iOS=17.0	macOS=14.0	tvOS=17.0	visionOS=1.0	watchOS=10.0
pencil.tip.crop.circle.fill	iOS=17.0	macOS=14.0	tvOS=17.0	visionOS=1.0	watchOS=10.0
person.2.badge.key	iOS=17.0	macOS=14.0	tvOS=17.0	visionOS=1.0	watchOS=10.0
person.2.badge.key.fill	iOS=17.0	macOS=14.0	tvOS=17.0	visionOS=1.0	watchOS=10.0
person.and.background.striped.horizontal	iOS=17.0	macOS=14.0	tvOS=17.0	visionOS=1.0	watchOS=10.0
person.bubble	iOS=17.0	macOS=14.0	tvOS=17.0	visionOS=1.0	watchOS=10.0
person.bubble.fill	iOS=17.0	macOS=14.0	tvOS=17.0	visionOS=1.0	watchOS=10.0
person.bust.circle	iOS=17.0	macOS=14.0	tvOS=17.0	visionOS=1.0	watchOS=10.0
person.bust.circle.fill	iOS=17.0	macOS=14.0	tvOS=17.0	visionOS=1.0	watchOS=10.0
person.crop.circle.dashed.circle	iOS=17.0	macOS=14.0	tvOS=17.0	visionOS=1.0	watchOS=10.0
person.crop.circle.dashed.circle.fill	iOS=17.0	macOS=14.0	tvOS=17.0	visionOS=1.0	watchOS=10.0
person.slash	iOS=17.0	macOS=14.0	tvOS=17.0	visionOS=1.0	watchOS=10.0
person.slash.fill	iOS=17.0	macOS=14.0	tvOS=17.0	visionOS=1.0	watchOS=10.0
pesetasign.arrow.circlepath	iOS=17.0	macOS=14.0	tvOS=17.0	visionOS=1.0	watchOS=10.0
pesosign.arrow.circlepath	iOS=17.0	macOS=14.0	tvOS=17.0	visionOS=1.0	watchOS=10.0
phone.badge.waveform	iOS=17.0	macOS=14.0	tvOS=17.0	visionOS=1.0	watchOS=10.0
phone.badge.waveform.fill	iOS=17.0	macOS=14.0	tvOS=17.0	visionOS=1.0	watchOS=10.0
phone.bubble	iOS=17.0	macOS=14.0	tvOS=17.0	visionOS=1.0	watchOS=10.0
phone.bubble.fill	iOS=17.0	macOS=14.0	tvOS=17.0	visionOS=1.0	watchOS=10.0
phone.bubble.fill.rtl	iOS=17.0	macOS=14.0	tvOS=17.0	visionOS=1.0	watchOS=10.0
phone.bubble.rtl	iOS=17.0	macOS=14.0	tvOS=17.0	visionOS=1.0	watchOS=10.0
photo.artframe.circle	iOS=17.0	macOS=14.0	tvOS=17.0	visionOS=1.0	watchOS=10.0
photo.artframe.circle.fill	iOS=17.0	macOS=14.0	tvOS=17.0	visionOS=1.0	watchOS=10.0
photo.badge.arrow.down	iOS=17.0	macOS=14.0	tvOS=17.0	visionOS=1.0	watchOS=10.0
photo.badge.arrow.down.fill	iOS=17.0	macOS=14.0	tvOS=17.0	visionOS=1.0	watchOS=10.0
photo.badge.checkmark	iOS=17.0	macOS=14.0	tvOS=17.0	visionOS=1.0	watchOS=10.0
photo.badge.checkmark.fill	iOS=17.0	macOS=14.0	tvOS=17.0	visionOS=1.0	watchOS=10.0
photo.badge.plus	iOS=17.0	macOS=14.0	tvOS=17.0	visionOS=1.0	watchOS=10.0
photo.badge.plus.fill	iOS=17.0	macOS=14.0	tvOS=17.0	visionOS=1.0	watchOS=10.0
play.house	iOS=17.0	macOS=14.0	tvOS=17.0	visionOS=1.0	watchOS=10.0
play.house.fill	iOS=17.0	macOS=14.0	tvOS=17.0	visionOS=1.0	watchOS=10.0
point.bottomleft.filled.forward.to.point.topright.scurvepath	iOS=17.0	macOS=14.0	tvOS=17.0	visionOS=1.0	watchOS=10.0
point.bottomleft.forward.to.arrowtriangle.uturn.scurvepath	iOS=17.0	macOS=14.0	tvOS=17.0	visionOS=1.0	watchOS=10.0
point.bottomleft.forward.to.arrowtriangle.uturn.scurvepath.fill	iOS=17.0	macOS=14.0	tvOS=17.0	visionOS=1.0	watchOS=10.0
point.bottomleft.forward.to.point.topright.filled.scurvepath	iOS=17.0	macOS=14.0	tvOS=17.0	visionOS=1.0	watchOS=10.0
point.bottomleft.forward.to.point.topright.scurvepath	iOS=17.0	macOS=14.0	tvOS=17.0	visionOS=1.0	watchOS=10.0
point.bottomleft.forward.to.point.topright.scurvepath.fill	iOS=17.0	macOS=14.0	tvOS=17.0	visionOS=1.0	watchOS=10.0
point.forward.to.point.capsulepath	iOS=17.0	macOS=14.0	tvOS=17.0	visionOS=1.0	watchOS=10.0
point.forward.to.point.capsulepath.fill	iOS=17.0	macOS=14.0	tvOS=17.0	visionOS=1.0	watchOS=10.0
point.topleft.down.to.point.bottomright.curvepath	iOS=17.0	macOS=14.0	tvOS=17.0	visionOS=1.0	watchOS=10.0
point.topleft.down.to.point.bottomright.curvepath.fill	iOS=17.0	macOS=14.0	tvOS=17.0	visionOS=1.0	watchOS=10.0
point.topleft.down.to.point.bottomright.filled.curvepath	iOS=17.0	macOS=14.0	tvOS=17.0	visionOS=1.0	watchOS=10.0
point.topleft.filled.down.to.point.bottomright.curvepath	iOS=17.0	macOS=14.0	tvOS=17.0	visionOS=1.0	watchOS=10.0
polishzlotysign	iOS=17.0	macOS=14.0	tvOS=17.0	visionOS=1.0	watchOS=10.0
polishzlotysign.arrow.circlepath	iOS=17.0	macOS=14.0	tvOS=17.0	visionOS=1.0	watchOS=10.0
polishzlotysign.circle	iOS=17.0	macOS=14.0	tvOS=17.0	visionOS=1.0	watchOS=10.0
polishzlotysign.circle.fill	iOS=17.0	macOS=14.0	tvOS=17.0	visionOS=1.0	watchOS=10.0
polishzlotysign.square	iOS=17.0	macOS=14.0	tvOS=17.0	visionOS=1.0	watchOS=10.0
polishzlotysign.square.fill	iOS=17.0	macOS=14.0	tvOS=17.0	visionOS=1.0	watchOS=10.0
powercord	iOS=17.0	macOS=14.0	tvOS=17.0	visionOS=1.0	watchOS=10.0
powercord.fill	iOS=17.0	macOS=14.0	tvOS=17.0	visionOS=1.0	watchOS=10.0
r.button.roundedbottom.horizontal	iOS=17.0	macOS=14.0	tvOS=17.0	visionOS=1.0	watchOS=10.0
r.button.roundedbottom.horizontal.fill	iOS=17.0	macOS=14.0	tvOS=17.0	visionOS=1.0	watchOS=10.0
r1.button.roundedbottom.horizontal	iOS=17.0	macOS=14.0	tvOS=17.0	visionOS=1.0	watchOS=10.0
r1.button.roundedbottom.horizontal.fill	iOS=17.0	macOS=14.0	tvOS=17.0	visionOS=1.0	watchOS=10.0
r1.circle	iOS=17.0	macOS=14.0	tvOS=17.0	visionOS=1.0	watchOS=10.0
r1.circle.fill	iOS=17.0	macOS=14.0	tvOS=17.0	visionOS=1.0	watchOS=10.0
r2.button.angledtop.vertical.right	iOS=17.0	macOS=14.0	tvOS=17.0	visionOS=1.0	watchOS=10.0
r2.button.angledtop.vertical.right.fill	iOS=17.0	macOS=14.0	tvOS=17.0	visionOS=1.0	watchOS=10.0
r2.button.roundedtop.horizontal	iOS=17.0	macOS=14.0	tvOS=17.0	visionOS=1.0	watchOS=10.0
r2.button.roundedtop.horizontal.fill	iOS=17.0	macOS=14.0	tvOS=17.0	visionOS=1.0	watchOS=10.0
r2.circle	iOS=17.0	macOS=14.0	tvOS=17.0	visionOS=1.0	watchOS=10.0
r2.circle.fill	iOS=17.0	macOS=14.0	tvOS=17.0	visionOS=1.0	watchOS=10.0
r3.button.angledbottom.horizontal.right	iOS=17.0	macOS=14.0	tvOS=17.0	visionOS=1.0	watchOS=10.0
r3.button.angledbottom.horizontal.right.fill	iOS=17.0	macOS=14.0	tvOS=17.0	visionOS=1.0	watchOS=10.0
r4.button.horizontal	iOS=17.0	macOS=14.0	tvOS=17.0	visionOS=1.0	watchOS=10.0
r4.button.horizontal.fill	iOS=17.0	macOS=14.0	tvOS=17.0	visionOS=1.0	watchOS=10.0
rainbow	iOS=17.0	macOS=14.0	tvOS=17.0	visionOS=1.0	watchOS=10.0
rb.button.roundedbottom.horizontal	iOS=17.0	macOS=14.0	tvOS=17.0	visionOS=1.0	watchOS=10.0
rb.button.roundedbottom.horizontal.fill	iOS=17.0	macOS=14.0	tvOS=17.0	visionOS=1.0	watchOS=10.0
rb.circle	iOS=17.0	macOS=14.0	tvOS=17.0	visionOS=1.0	watchOS=10.0
rb.circle.fill	iOS=17.0	macOS=14.0	tvOS=17.0	visionOS=1.0	watchOS=10.0
rectangle.3.group.bubble	iOS=17.0	macOS=14.0	tvOS=17.0	visionOS=1.0	watchOS=10.0
rectangle.3.group.bubble.fill	iOS=17.0	macOS=14.0	tvOS=17.0	visionOS=1.0	watchOS=10.0
rectangle.checkered	iOS=17.0	macOS=14.0	tvOS=17.0	visionOS=1.0	watchOS=10.0
rectangle.inset.filled.and.cursorarrow	iOS=17.0	macOS=14.0	tvOS=17.0	visionOS=1.0	watchOS=10.0
rectangle.inset.filled.badge.record	iOS=17.0	macOS=14.0	tvOS=17.0	visionOS=1.0	watchOS=10.0
rectangle.landscape.rotate	iOS=17.0	macOS=14.0	tvOS=17.0	visionOS=1.0	watchOS=10.0
rectangle.on.rectangle.badge.gearshape	iOS=17.0	macOS=14.0	tvOS=17.0	visionOS=1.0	watchOS=10.0
rectangle.on.rectangle.button.angledtop.vertical.left	iOS=17.0	macOS=14.0	tvOS=17.0	visionOS=1.0	watchOS=10.0
rectangle.on.rectangle.button.angledtop.vertical.left.fill	iOS=17.0	macOS=14.0	tvOS=17.0	visionOS=1.0	watchOS=10.0
rectangle.portrait.badge.plus	iOS=17.0	macOS=14.0	tvOS=17.0	visionOS=1.0	watchOS=10.0
rectangle.portrait.badge.plus.fill	iOS=17.0	macOS=14.0	tvOS=17.0	visionOS=1.0	watchOS=10.0
rectangle.portrait.rotate	iOS=17.0	macOS=14.0	tvOS=17.0	visionOS=1.0	watchOS=10.0
rectangle.ratio.16.to.9	iOS=17.0	macOS=14.0	tvOS=17.0	visionOS=1.0	watchOS=10.0
rectangle.ratio.16.to.9.fill	iOS=17.0	macOS=14.0	tvOS=17.0	visionOS=1.0	watchOS=10.0
rectangle.ratio.3.to.4	iOS=17.0	macOS=14.0	tvOS=17.0	visionOS=1.0	watchOS=10.0
rectangle.ratio.3.to.4.fill	iOS=17.0	macOS=14.0	tvOS=17.0	visionOS=1.0	watchOS=10.0
rectangle.ratio.4.to.3	iOS=17.0	macOS=14.0	tvOS=17.0	visionOS=1.0	watchOS=10.0
rectangle.ratio.4.to.3.fill	iOS=17.0	macOS=14.0	tvOS=17.0	visionOS=1.0	watchOS=10.0
rectangle.ratio.9.to.16	iOS=17.0	macOS=14.0	tvOS=17.0	visionOS=1.0	watchOS=10.0
rectangle.ratio.9.to.16.fill	iOS=17.0	macOS=14.0	tvOS=17.0	visionOS=1.0	watchOS=10.0
retarder.brakesignal.and.exclamationmark	iOS=17.0	macOS=14.0	tvOS=17.0	visionOS=1.0	watchOS=10.0
retarder.brakesignal.slash	iOS=17.0	macOS=14.0	tvOS=17.0	visionOS=1.0	watchOS=10.0
right	iOS=17.0	macOS=14.0	tvOS=17.0	visionOS=1.0	watchOS=10.0
right.circle	iOS=17.0	macOS=14.0	tvOS=17.0	visionOS=1.0	watchOS=10.0
right.circle.fill	iOS=17.0	macOS=14.0	tvOS=17.0	visionOS=1.0	watchOS=10.0
righttriangle	iOS=17.0	macOS=14.0	tvOS=17.0	visionOS=1.0	watchOS=10.0
righttriangle.fill	iOS=17.0	macOS=14.0	tvOS=17.0	visionOS=1.0	watchOS=10.0
righttriangle.split.diagonal	iOS=17.0	macOS=14.0	tvOS=17.0	visionOS=1.0	watchOS=10.0
righttriangle.split.diagonal.fill	iOS=17.0	macOS=14.0	tvOS=17.0	visionOS=1.0	watchOS=10.0
rm.button.horizontal	iOS=17.0	macOS=14.0	tvOS=17.0	visionOS=1.0	watchOS=10.0
rm.button.horizontal.fill	iOS=17.0	macOS=14.0	tvOS=17.0	visionOS=1.0	watchOS=10.0
rotate.3d.circle	iOS=17.0	macOS=14.0	tvOS=17.0	visionOS=1.0	watchOS=10.0
rotate.3d.circle.fill	iOS=17.0	macOS=14.0	tvOS=17.0	visionOS=1.0	watchOS=10.0
rotate.3d.fill	iOS=17.0	macOS=14.0	tvOS=17.0	visionOS=1.0	watchOS=10.0
rsb.button.angledbottom.horizontal.right	iOS=17.0	macOS=14.0	tvOS=17.0	visionOS=1.0	watchOS=10.0
rsb.button.angledbottom.horizontal.right.fill	iOS=17.0	macOS=14.0	tvOS=17.0	visionOS=1.0	watchOS=10.0
rt.button.roundedtop.horizontal	iOS=17.0	macOS=14.0	tvOS=17.0	visionOS=1.0	watchOS=10.0
rt.button.roundedtop.horizontal.fill	iOS=17.0	macOS=14.0	tvOS=17.0	visionOS=1.0	watchOS=10.0
rt.circle	iOS=17.0	macOS=14.0	tvOS=17.0	visionOS=1.0	watchOS=10.0
rt.circle.fill	iOS=17.0	macOS=14.0	tvOS=17.0	visionOS=1.0	watchOS=10.0
rublesign.arrow.circlepath	iOS=17.0	macOS=14.0	tvOS=17.0	visionOS=1.0	watchOS=10.0
rupeesign.arrow.circlepath	iOS=17.0	macOS=14.0	tvOS=17.0	visionOS=1.0	watchOS=10.0
shared.with.you.circle	iOS=17.0	macOS=14.0	tvOS=17.0	visionOS=1.0	watchOS=10.0
shared.with.you.circle.fill	iOS=17.0	macOS=14.0	tvOS=17.0	visionOS=1.0	watchOS=10.0
shekelsign.arrow.circlepath	iOS=17.0	macOS=14.0	tvOS=17.0	visionOS=1.0	watchOS=10.0
shield.checkered	iOS=17.0	macOS=14.0	tvOS=17.0	visionOS=1.0	watchOS=10.0
shield.lefthalf.filled.badge.checkmark	iOS=17.0	macOS=14.0	tvOS=17.0	visionOS=1.0	watchOS=10.0
shield.lefthalf.filled.trianglebadge.exclamationmark	iOS=17.0	macOS=14.0	tvOS=17.0	visionOS=1.0	watchOS=10.0
shoe	iOS=17.0	macOS=14.0	tvOS=17.0	visionOS=1.0	watchOS=10.0
shoe.2	iOS=17.0	macOS=14.0	tvOS=17.0	visionOS=1.0	watchOS=10.0
shoe.2.fill	iOS=17.0	macOS=14.0	tvOS=17.0	visionOS=1.0	watchOS=10.0
shoe.circle	iOS=17.0	macOS=14.0	tvOS=17.0	visionOS=1.0	watchOS=10.0
shoe.circle.fill	iOS=17.0	macOS=14.0	tvOS=17.0	visionOS=1.0	watchOS=10.0
shoe.fill	iOS=17.0	macOS=14.0	tvOS=17.0	visionOS=1.0	watchOS=10.0
skateboard	iOS=17.0	macOS=14.0	tvOS=17.0	visionOS=1.0	watchOS=10.0
skateboard.fill	iOS=17.0	macOS=14.0	tvOS=17.0	visionOS=1.0	watchOS=10.0
skis	iOS=17.0	macOS=14.0	tvOS=17.0	visionOS=1.0	watchOS=10.0
skis.fill	iOS=17.0	macOS=14.0	tvOS=17.0	visionOS=1.0	watchOS=10.0
slider.horizontal.2.square	iOS=17.0	macOS=14.0	tvOS=17.0	visionOS=1.0	watchOS=10.0
slider.horizontal.below.sun.max	iOS=17.0	macOS=14.0	tvOS=17.0	visionOS=1.0	watchOS=10.0
smartphone	iOS=17.0	macOS=14.0	tvOS=17.0	visionOS=1.0	watchOS=10.0
snowboard	iOS=17.0	macOS=14.0	tvOS=17.0	visionOS=1.0	watchOS=10.0
snowboard.fill	iOS=17.0	macOS=14.0	tvOS=17.0	visionOS=1.0	watchOS=10.0
speaker.wave.2.bubble	iOS=17.0	macOS=14.0	tvOS=17.0	visionOS=1.0	watchOS=10.0
speaker.wave.2.bubble.fill	iOS=17.0	macOS=14.0	tvOS=17.0	visionOS=1.0	watchOS=10.0
speaker.wave.2.bubble.fill.rtl	iOS=17.0	macOS=14.0	tvOS=17.0	visionOS=1.0	watchOS=10.0
speaker.wave.2.bubble.rtl	iOS=17.0	macOS=14.0	tvOS=17.0	visionOS=1.0	watchOS=10.0
square.2.layers.3d.fill	iOS=17.0	macOS=14.0	tvOS=17.0	visionOS=1.0	watchOS=10.0
square.arrowtriangle.4.outward	iOS=17.0	macOS=14.0	tvOS=17.0	visionOS=1.0	watchOS=10.0
square.badge.plus	iOS=17.0	macOS=14.0	tvOS=17.0	visionOS=1.0	watchOS=10.0
square.badge.plus.fill	iOS=17.0	macOS=14.0	tvOS=17.0	visionOS=1.0	watchOS=10.0
square.resize	iOS=17.0	macOS=14.0	tvOS=17.0	visionOS=1.0	watchOS=10.0
square.resize.down	iOS=17.0	macOS=14.0	tvOS=17.0	visionOS=1.0	watchOS=10.0
square.resize.up	iOS=17.0	macOS=14.0	tvOS=17.0	visionOS=1.0	watchOS=10.0
square.stack.3d.up.badge.automatic	iOS=17.0	macOS=14.0	tvOS=17.0	visionOS=1.0	watchOS=10.0
square.stack.3d.up.badge.automatic.fill	iOS=17.0	macOS=14.0	tvOS=17.0	visionOS=1.0	watchOS=10.0
square.stack.3d.up.trianglebadge.exclamationmark	iOS=17.0	macOS=14.0	tvOS=17.0	visionOS=1.0	watchOS=10.0
square.stack.3d.up.trianglebadge.exclamationmark.fill	iOS=17.0	macOS=14.0	tvOS=17.0	visionOS=1.0	watchOS=10.0
squares.leading.rectangle.fill	iOS=17.0	macOS=14.0	tvOS=17.0	visionOS=1.0	watchOS=10.0
squareshape.dotted.squareshape	iOS=17.0	macOS=14.0	tvOS=17.0	visionOS=1.0	watchOS=10.0
squareshape.squareshape.dotted	iOS=17.0	macOS=14.0	tvOS=17.0	visionOS=1.0	watchOS=10.0
staroflife.shield	iOS=17.0	macOS=14.0	tvOS=17.0	visionOS=1.0	watchOS=10.0
staroflife.shield.fill	iOS=17.0	macOS=14.0	tvOS=17.0	visionOS=1.0	watchOS=10.0
steeringwheel.and.liquid.wave	iOS=17.0	macOS=14.0	tvOS=17.0	visionOS=1.0	watchOS=10.0
steeringwheel.arrowtriangle.left	iOS=17.0	macOS=14.0	tvOS=17.0	visionOS=1.0	watchOS=10.0
steeringwheel.arrowtriangle.right	iOS=17.0	macOS=14.0	tvOS=17.0	visionOS=1.0	watchOS=10.0
steeringwheel.badge.exclamationmark	iOS=17.0	macOS=14.0	tvOS=17.0	visionOS=1.0	watchOS=10.0
steeringwheel.circle	iOS=17.0	macOS=14.0	tvOS=17.0	visionOS=1.0	watchOS=10.0
steeringwheel.circle.fill	iOS=17.0	macOS=14.0	tvOS=17.0	visionOS=1.0	watchOS=10.0
sterlingsign.arrow.circlepath	iOS=17.0	macOS=14.0	tvOS=17.0	visionOS=1.0	watchOS=10.0
storefront	iOS=17.0	macOS=14.0	tvOS=17.0	visionOS=1.0	watchOS=10.0
storefront.circle	iOS=17.0	macOS=14.0	tvOS=17.0	visionOS=1.0	watchOS=10.0
storefront.circle.fill	iOS=17.0	macOS=14.0	tvOS=17.0	visionOS=1.0	watchOS=10.0
storefront.fill	iOS=17.0	macOS=14.0	tvOS=17.0	visionOS=1.0	watchOS=10.0
sun.horizon	iOS=17.0	macOS=14.0	tvOS=17.0	visionOS=1.0	watchOS=10.0
sun.horizon.circle	iOS=17.0	macOS=14.0	tvOS=17.0	visionOS=1.0	watchOS=10.0
sun.horizon.circle.fill	iOS=17.0	macOS=14.0	tvOS=17.0	visionOS=1.0	watchOS=10.0
sun.horizon.fill	iOS=17.0	macOS=14.0	tvOS=17.0	visionOS=1.0	watchOS=10.0
sun.rain	iOS=17.0	macOS=14.0	tvOS=17.0	visionOS=1.0	watchOS=10.0
sun.rain.circle	iOS=17.0	macOS=14.0	tvOS=17.0	visionOS=1.0	watchOS=10.0
sun.rain.circle.fill	iOS=17.0	macOS=14.0	tvOS=17.0	visionOS=1.0	watchOS=10.0
sun.rain.fill	iOS=17.0	macOS=14.0	tvOS=17.0	visionOS=1.0	watchOS=10.0
sun.snow	iOS=17.0	macOS=14.0	tvOS=17.0	visionOS=1.0	watchOS=10.0
sun.snow.circle	iOS=17.0	macOS=14.0	tvOS=17.0	visionOS=1.0	watchOS=10.0
sun.snow.circle.fill	iOS=17.0	macOS=14.0	tvOS=17.0	visionOS=1.0	watchOS=10.0
sun.snow.fill	iOS=17.0	macOS=14.0	tvOS=17.0	visionOS=1.0	watchOS=10.0
sunglasses	iOS=17.0	macOS=14.0	tvOS=17.0	visionOS=1.0	watchOS=10.0
sunglasses.fill	iOS=17.0	macOS=14.0	tvOS=17.0	visionOS=1.0	watchOS=10.0
surfboard	iOS=17.0	macOS=14.0	tvOS=17.0	visionOS=1.0	watchOS=10.0
surfboard.fill	iOS=17.0	macOS=14.0	tvOS=17.0	visionOS=1.0	watchOS=10.0
suv.side.hill.down	iOS=17.0	macOS=14.0	tvOS=17.0	visionOS=1.0	watchOS=10.0
suv.side.hill.down.fill	iOS=17.0	macOS=14.0	tvOS=17.0	visionOS=1.0	watchOS=10.0
suv.side.hill.up	iOS=17.0	macOS=14.0	tvOS=17.0	visionOS=1.0	watchOS=10.0
suv.side.hill.up.fill	iOS=17.0	macOS=14.0	tvOS=17.0	visionOS=1.0	watchOS=10.0
suv.side.lock	iOS=17.0	macOS=14.0	tvOS=17.0	visionOS=1.0	watchOS=10.0
suv.side.lock.fill	iOS=17.0	macOS=14.0	tvOS=17.0	visionOS=1.0	watchOS=10.0
suv.side.lock.open	iOS=17.0	macOS=14.0	tvOS=17.0	visionOS=1.0	watchOS=10.0
suv.side.lock.open.fill	iOS=17.0	macOS=14.0	tvOS=17.0	visionOS=1.0	watchOS=10.0
swedishkronasign	iOS=17.0	macOS=14.0	tvOS=17.0	visionOS=1.0	watchOS=10.0
swedishkronasign.arrow.circlepath	iOS=17.0	macOS=14.0	tvOS=17.0	visionOS=1.0	watchOS=10.0
swedishkronasign.circle	iOS=17.0	macOS=14.0	tvOS=17.0	visionOS=1.0	watchOS=10.0
swedishkronasign.circle.fill	iOS=17.0	macOS=14.0	tvOS=17.0	visionOS=1.0	watchOS=10.0
swedishkronasign.square	iOS=17.0	macOS=14.0	tvOS=17.0	visionOS=1.0	watchOS=10.0
swedishkronasign.square.fill	iOS=17.0	macOS=14.0	tvOS=17.0	visionOS=1.0	watchOS=10.0
swiftdata	iOS=17.0	macOS=14.0	tvOS=17.0	visionOS=1.0	watchOS=10.0
swirl.circle.righthalf.filled	iOS=17.0	macOS=14.0	tvOS=17.0	visionOS=1.0	watchOS=10.0
swirl.circle.righthalf.filled.inverse	iOS=17.0	macOS=14.0	tvOS=17.0	visionOS=1.0	watchOS=10.0
tengesign.arrow.circlepath	iOS=17.0	macOS=14.0	tvOS=17.0	visionOS=1.0	watchOS=10.0
textformat.12.km	iOS=17.0	macOS=14.0	tvOS=17.0	visionOS=1.0	watchOS=10.0
textformat.12.my	iOS=17.0	macOS=14.0	tvOS=17.0	visionOS=1.0	watchOS=10.0
thermometer.variable.and.figure	iOS=17.0	macOS=14.0	tvOS=17.0	visionOS=1.0	watchOS=10.0
thermometer.variable.and.figure.circle	iOS=17.0	macOS=14.0	tvOS=17.0	visionOS=1.0	watchOS=10.0
thermometer.variable.and.figure.circle.fill	iOS=17.0	macOS=14.0	tvOS=17.0	visionOS=1.0	watchOS=10.0
tirepressure	iOS=17.0	macOS=14.0	tvOS=17.0	visionOS=1.0	watchOS=10.0
tortoise.circle	iOS=17.0	macOS=14.0	tvOS=17.0	visionOS=1.0	watchOS=10.0
tortoise.circle.fill	iOS=17.0	macOS=14.0	tvOS=17.0	visionOS=1.0	watchOS=10.0
traction.control.tirepressure	iOS=17.0	macOS=14.0	tvOS=17.0	visionOS=1.0	watchOS=10.0
traction.control.tirepressure.exclamationmark	iOS=17.0	macOS=14.0	tvOS=17.0	visionOS=1.0	watchOS=10.0
traction.control.tirepressure.slash	iOS=17.0	macOS=14.0	tvOS=17.0	visionOS=1.0	watchOS=10.0
triangleshape	iOS=17.0	macOS=14.0	tvOS=17.0	visionOS=1.0	watchOS=10.0
triangleshape.fill	iOS=17.0	macOS=14.0	tvOS=17.0	visionOS=1.0	watchOS=10.0
truck.box	iOS=17.0	macOS=14.0	tvOS=17.0	visionOS=1.0	watchOS=10.0
truck.box.badge.clock	iOS=17.0	macOS=14.0	tvOS=17.0	visionOS=1.0	watchOS=10.0
truck.box.badge.clock.fill	iOS=17.0	macOS=14.0	tvOS=17.0	visionOS=1.0	watchOS=10.0
truck.box.badge.clock.fill.rtl	iOS=17.0	macOS=14.0	tvOS=17.0	visionOS=1.0	watchOS=10.0
truck.box.badge.clock.rtl	iOS=17.0	macOS=14.0	tvOS=17.0	visionOS=1.0	watchOS=10.0
truck.box.fill	iOS=17.0	macOS=14.0	tvOS=17.0	visionOS=1.0	watchOS=10.0
truck.pickup.side	iOS=17.0	macOS=14.0	tvOS=17.0	visionOS=1.0	watchOS=10.0
truck.pickup.side.air.circulate	iOS=17.0	macOS=14.0	tvOS=17.0	visionOS=1.0	watchOS=10.0
truck.pickup.side.air.circulate.fill	iOS=17.0	macOS=14.0	tvOS=17.0	visionOS=1.0	watchOS=10.0
truck.pickup.side.air.fresh	iOS=17.0	macOS=14.0	tvOS=17.0	visionOS=1.0	watchOS=10.0
truck.pickup.side.air.fresh.fill	iOS=17.0	macOS=14.0	tvOS=17.0	visionOS=1.0	watchOS=10.0
truck.pickup.side.and.exclamationmark	iOS=17.0	macOS=14.0	tvOS=17.0	visionOS=1.0	watchOS=10.0
truck.pickup.side.and.exclamationmark.fill	iOS=17.0	macOS=14.0	tvOS=17.0	visionOS=1.0	watchOS=10.0
truck.pickup.side.arrowtriangle.down	iOS=17.0	macOS=14.0	tvOS=17.0	visionOS=1.0	watchOS=10.0
truck.pickup.side.arrowtriangle.down.fill	iOS=17.0	macOS=14.0	tvOS=17.0	visionOS=1.0	watchOS=10.0
truck.pickup.side.arrowtriangle.up	iOS=17.0	macOS=14.0	tvOS=17.0	visionOS=1.0	watchOS=10.0
truck.pickup.side.arrowtriangle.up.arrowtriangle.down	iOS=17.0	macOS=14.0	tvOS=17.0	visionOS=1.0	watchOS=10.0
truck.pickup.side.arrowtriangle.up.arrowtriangle.down.fill	iOS=17.0	macOS=14.0	tvOS=17.0	visionOS=1.0	watchOS=10.0
truck.pickup.side.arrowtriangle.up.fill	iOS=17.0	macOS=14.0	tvOS=17.0	visionOS=1.0	watchOS=10.0
truck.pickup.side.fill	iOS=17.0	macOS=14.0	tvOS=17.0	visionOS=1.0	watchOS=10.0
truck.pickup.side.front.open	iOS=17.0	macOS=14.0	tvOS=17.0	visionOS=1.0	watchOS=10.0
truck.pickup.side.front.open.fill	iOS=17.0	macOS=14.0	tvOS=17.0	visionOS=1.0	watchOS=10.0
truck.pickup.side.hill.down	iOS=17.0	macOS=14.0	tvOS=17.0	visionOS=1.0	watchOS=10.0
truck.pickup.side.hill.down.fill	iOS=17.0	macOS=14.0	tvOS=17.0	visionOS=1.0	watchOS=10.0
truck.pickup.side.hill.up	iOS=17.0	macOS=14.0	tvOS=17.0	visionOS=1.0	watchOS=10.0
truck.pickup.side.hill.up.fill	iOS=17.0	macOS=14.0	tvOS=17.0	visionOS=1.0	watchOS=10.0
truck.pickup.side.lock	iOS=17.0	macOS=14.0	tvOS=17.0	visionOS=1.0	watchOS=10.0
truck.pickup.side.lock.fill	iOS=17.0	macOS=14.0	tvOS=17.0	visionOS=1.0	watchOS=10.0
truck.pickup.side.lock.open	iOS=17.0	macOS=14.0	tvOS=17.0	visionOS=1.0	watchOS=10.0
truck.pickup.side.lock.open.fill	iOS=17.0	macOS=14.0	tvOS=17.0	visionOS=1.0	watchOS=10.0
tshirt.circle	iOS=17.0	macOS=14.0	tvOS=17.0	visionOS=1.0	watchOS=10.0
tshirt.circle.fill	iOS=17.0	macOS=14.0	tvOS=17.0	visionOS=1.0	watchOS=10.0
tugriksign.arrow.circlepath	iOS=17.0	macOS=14.0	tvOS=17.0	visionOS=1.0	watchOS=10.0
turkishlirasign.arrow.circlepath	iOS=17.0	macOS=14.0	tvOS=17.0	visionOS=1.0	watchOS=10.0
tv.badge.wifi	iOS=17.0	macOS=14.0	tvOS=17.0	visionOS=1.0	watchOS=10.0
tv.badge.wifi.fill	iOS=17.0	macOS=14.0	tvOS=17.0	visionOS=1.0	watchOS=10.0
tv.slash	iOS=17.0	macOS=14.0	tvOS=17.0	visionOS=1.0	watchOS=10.0
tv.slash.fill	iOS=17.0	macOS=14.0	tvOS=17.0	visionOS=1.0	watchOS=10.0
video.badge.waveform	iOS=17.0	macOS=14.0	tvOS=17.0	visionOS=1.0	watchOS=10.0
video.badge.waveform.fill	iOS=17.0	macOS=14.0	tvOS=17.0	visionOS=1.0	watchOS=10.0
video.bubble	iOS=17.0	macOS=14.0	tvOS=17.0	visionOS=1.0	watchOS=10.0
video.bubble.fill	iOS=17.0	macOS=14.0	tvOS=17.0	visionOS=1.0	watchOS=10.0
video.bubble.fill.rtl	iOS=17.0	macOS=14.0	tvOS=17.0	visionOS=1.0	watchOS=10.0
video.bubble.rtl	iOS=17.0	macOS=14.0	tvOS=17.0	visionOS=1.0	watchOS=10.0
video.slash.circle	iOS=17.0	macOS=14.0	tvOS=17.0	visionOS=1.0	watchOS=10.0
video.slash.circle.fill	iOS=17.0	macOS=14.0	tvOS=17.0	visionOS=1.0	watchOS=10.0
viewfinder.rectangular	iOS=17.0	macOS=14.0	tvOS=17.0	visionOS=1.0	watchOS=10.0
viewfinder.trianglebadge.exclamationmark	iOS=17.0	macOS=14.0	tvOS=17.0	visionOS=1.0	watchOS=10.0
visionpro	iOS=17.0	macOS=14.0	tvOS=17.0	visionOS=1.0	watchOS=10.0
visionpro.and.arrow.forward	iOS=17.0	macOS=14.0	tvOS=17.0	visionOS=1.0	watchOS=10.0
visionpro.and.arrow.forward.fill	iOS=17.0	macOS=14.0	tvOS=17.0	visionOS=1.0	watchOS=10.0
visionpro.badge.exclamationmark	iOS=17.0	macOS=14.0	tvOS=17.0	visionOS=1.0	watchOS=10.0
visionpro.badge.exclamationmark.fill	iOS=17.0	macOS=14.0	tvOS=17.0	visionOS=1.0	watchOS=10.0
visionpro.badge.play	iOS=17.0	macOS=14.0	tvOS=17.0	visionOS=1.0	watchOS=10.0
visionpro.badge.play.fill	iOS=17.0	macOS=14.0	tvOS=17.0	visionOS=1.0	watchOS=10.0
visionpro.circle	iOS=17.0	macOS=14.0	tvOS=17.0	visionOS=1.0	watchOS=10.0
visionpro.circle.fill	iOS=17.0	macOS=14.0	tvOS=17.0	visionOS=1.0	watchOS=10.0
visionpro.fill	iOS=17.0	macOS=14.0	tvOS=17.0	visionOS=1.0	watchOS=10.0
visionpro.slash	iOS=17.0	macOS=14.0	tvOS=17.0	visionOS=1.0	watchOS=10.0
visionpro.slash.circle	iOS=17.0	macOS=14.0	tvOS=17.0	visionOS=1.0	watchOS=10.0
visionpro.slash.circle.fill	iOS=17.0	macOS=14.0	tvOS=17.0	visionOS=1.0	watchOS=10.0
visionpro.slash.fill	iOS=17.0	macOS=14.0	tvOS=17.0	visionOS=1.0	watchOS=10.0
voiceover	iOS=17.0	macOS=14.0	tvOS=17.0	visionOS=1.0	watchOS=10.0
warninglight	iOS=17.0	macOS=14.0	tvOS=17.0	visionOS=1.0	watchOS=10.0
warninglight.fill	iOS=17.0	macOS=14.0	tvOS=17.0	visionOS=1.0	watchOS=10.0
washer.circle	iOS=17.0	macOS=14.0	tvOS=17.0	visionOS=1.0	watchOS=10.0
washer.circle.fill	iOS=17.0	macOS=14.0	tvOS=17.0	visionOS=1.0	watchOS=10.0
watch.analog	iOS=17.0	macOS=14.0	tvOS=17.0	visionOS=1.0	watchOS=10.0
waterbottle	iOS=17.0	macOS=14.0	tvOS=17.0	visionOS=1.0	watchOS=10.0
waterbottle.fill	iOS=17.0	macOS=14.0	tvOS=17.0	visionOS=1.0	watchOS=10.0
waveform.and.person.filled	iOS=17.0	macOS=14.0	tvOS=17.0	visionOS=1.0	watchOS=10.0
waveform.badge.magnifyingglass	iOS=17.0	macOS=14.0	tvOS=17.0	visionOS=1.0	watchOS=10.0
waveform.badge.mic	iOS=17.0	macOS=14.0	tvOS=17.0	visionOS=1.0	watchOS=10.0
wifi.exclamationmark.circle	iOS=17.0	macOS=14.0	tvOS=17.0	visionOS=1.0	watchOS=10.0
wifi.exclamationmark.circle.fill	iOS=17.0	macOS=14.0	tvOS=17.0	visionOS=1.0	watchOS=10.0
wonsign.arrow.circlepath	iOS=17.0	macOS=14.0	tvOS=17.0	visionOS=1.0	watchOS=10.0
xserve.raid	iOS=17.0	macOS=14.0	tvOS=17.0	visionOS=1.0	watchOS=10.0
yensign.arrow.circlepath	iOS=17.0	macOS=14.0	tvOS=17.0	visionOS=1.0	watchOS=10.0
yieldsign	iOS=17.0	macOS=14.0	tvOS=17.0	visionOS=1.0	watchOS=10.0
yieldsign.fill	iOS=17.0	macOS=14.0	tvOS=17.0	visionOS=1.0	watchOS=10.0
zl.button.roundedtop.horizontal	iOS=17.0	macOS=14.0	tvOS=17.0	visionOS=1.0	watchOS=10.0
zl.button.roundedtop.horizontal.fill	iOS=17.0	macOS=14.0	tvOS=17.0	visionOS=1.0	watchOS=10.0
zr.button.roundedtop.horizontal	iOS=17.0	macOS=14.0	tvOS=17.0	visionOS=1.0	watchOS=10.0
zr.button.roundedtop.horizontal.fill	iOS=17.0	macOS=14.0	tvOS=17.0	visionOS=1.0	watchOS=10.0
chevron.compact.backward	iOS=17.1	macOS=14.1	tvOS=17.1	visionOS=1.0	watchOS=10.1
chevron.compact.forward	iOS=17.1	macOS=14.1	tvOS=17.1	visionOS=1.0	watchOS=10.1
person.crop.square.badge.camera	iOS=17.1	macOS=14.1	tvOS=17.1	visionOS=1.0	watchOS=10.1
person.crop.square.badge.camera.fill	iOS=17.1	macOS=14.1	tvOS=17.1	visionOS=1.0	watchOS=10.1
person.crop.square.badge.video	iOS=17.1	macOS=14.1	tvOS=17.1	visionOS=1.0	watchOS=10.1
person.crop.square.badge.video.fill	iOS=17.1	macOS=14.1	tvOS=17.1	visionOS=1.0	watchOS=10.1
0.circle.fill.hi	iOS=17.2	macOS=14.2	tvOS=17.2	visionOS=1.1	watchOS=10.2
0.circle.hi	iOS=17.2	macOS=14.2	tvOS=17.2	visionOS=1.1	watchOS=10.2
0.square.fill.hi	iOS=17.2	macOS=14.2	tvOS=17.2	visionOS=1.1	watchOS=10.2
0.square.hi	iOS=17.2	macOS=14.2	tvOS=17.2	visionOS=1.1	watchOS=10.2
00.circle.ar	iOS=17.2	macOS=14.2	tvOS=17.2	visionOS=1.1	watchOS=10.2
00.circle.fill.ar	iOS=17.2	macOS=14.2	tvOS=17.2	visionOS=1.1	watchOS=10.2
00.circle.fill.hi	iOS=17.2	macOS=14.2	tvOS=17.2	visionOS=1.1	watchOS=10.2
00.circle.hi	iOS=17.2	macOS=14.2	tvOS=17.2	visionOS=1.1	watchOS=10.2
00.square.ar	iOS=17.2	macOS=14.2	tvOS=17.2	visionOS=1.1	watchOS=10.2
00.square.fill.ar	iOS=17.2	macOS=14.2	tvOS=17.2	visionOS=1.1	watchOS=10.2
00.square.fill.hi	iOS=17.2	macOS=14.2	tvOS=17.2	visionOS=1.1	watchOS=10.2
00.square.hi	iOS=17.2	macOS=14.2	tvOS=17.2	visionOS=1.1	watchOS=10.2
01.circle.ar	iOS=17.2	macOS=14.2	tvOS=17.2	visionOS=1.1	watchOS=10.2
01.circle.fill.ar	iOS=17.2	macOS=14.2	tvOS=17.2	visionOS=1.1	watchOS=10.2
01.circle.fill.hi	iOS=17.2	macOS=14.2	tvOS=17.2	visionOS=1.1	watchOS=10.2
01.circle.hi	iOS=17.2	macOS=14.2	tvOS=17.2	visionOS=1.1	watchOS=10.2
01.square.ar	iOS=17.2	macOS=14.2	tvOS=17.2	visionOS=1.1	watchOS=10.2
01.square.fill.ar	iOS=17.2	macOS=14.2	tvOS=17.2	visionOS=1.1	watchOS=10.2
01.square.fill.hi	iOS=17.2	macOS=14.2	tvOS=17.2	visionOS=1.1	watchOS=10.2
01.square.hi	iOS=17.2	macOS=14.2	tvOS=17.2	visionOS=1.1	watchOS=10.2
02.circle.ar	iOS=17.2	macOS=14.2	tvOS=17.2	visionOS=1.1	watchOS=10.2
02.circle.fill.ar	iOS=17.2	macOS=14.2	tvOS=17.2	visionOS=1.1	watchOS=10.2
02.circle.fill.hi	iOS=17.2	macOS=14.2	tvOS=17.2	visionOS=1.1	watchOS=10.2
02.circle.hi	iOS=17.2	macOS=14.2	tvOS=17.2	visionOS=1.1	watchOS=10.2
02.square.ar	iOS=17.2	macOS=14.2	tvOS=17.2	visionOS=1.1	watchOS=10.2
02.square.fill.ar	iOS=17.2	macOS=14.2	tvOS=17.2	visionOS=1.1	watchOS=10.2
02.square.fill.hi	iOS=17.2	macOS=14.2	tvOS=17.2	visionOS=1.1	watchOS=10.2
02.square.hi	iOS=17.2	macOS=14.2	tvOS=17.2	visionOS=1.1	watchOS=10.2
03.circle.ar	iOS=17.2	macOS=14.2	tvOS=17.2	visionOS=1.1	watchOS=10.2
03.circle.fill.ar	iOS=17.2	macOS=14.2	tvOS=17.2	visionOS=1.1	watchOS=10.2
03.circle.fill.hi	iOS=17.2	macOS=14.2	tvOS=17.2	visionOS=1.1	watchOS=10.2
03.circle.hi	iOS=17.2	macOS=14.2	tvOS=17.2	visionOS=1.1	watchOS=10.2
03.square.ar	iOS=17.2	macOS=14.2	tvOS=17.2	visionOS=1.1	watchOS=10.2
03.square.fill.ar	iOS=17.2	macOS=14.2	tvOS=17.2	visionOS=1.1	watchOS=10.2
03.square.fill.hi	iOS=17.2	macOS=14.2	tvOS=17.2	visionOS=1.1	watchOS=10.2
03.square.hi	iOS=17.2	macOS=14.2	tvOS=17.2	visionOS=1.1	watchOS=10.2
04.circle.ar	iOS=17.2	macOS=14.2	tvOS=17.2	visionOS=1.1	watchOS=10.2
04.circle.fill.ar	iOS=17.2	macOS=14.2	tvOS=17.2	visionOS=1.1	watchOS=10.2
04.circle.fill.hi	iOS=17.2	macOS=14.2	tvOS=17.2	visionOS=1.1	watchOS=10.2
04.circle.hi	iOS=17.2	macOS=14.2	tvOS=17.2	visionOS=1.1	watchOS=10.2
04.square.ar	iOS=17.2	macOS=14.2	tvOS=17.2	visionOS=1.1	watchOS=10.2
04.square.fill.ar	iOS=17.2	macOS=14.2	tvOS=17.2	visionOS=1.1	watchOS=10.2
04.square.fill.hi	iOS=17.2	macOS=14.2	tvOS=17.2	visionOS=1.1	watchOS=10.2
04.square.hi	iOS=17.2	macOS=14.2	tvOS=17.2	visionOS=1.1	watchOS=10.2
05.circle.ar	iOS=17.2	macOS=14.2	tvOS=17.2	visionOS=1.1	watchOS=10.2
05.circle.fill.ar	iOS=17.2	macOS=14.2	tvOS=17.2	visionOS=1.1	watchOS=10.2
05.circle.fill.hi	iOS=17.2	macOS=14.2	tvOS=17.2	visionOS=1.1	watchOS=10.2
05.circle.hi	iOS=17.2	macOS=14.2	tvOS=17.2	visionOS=1.1	watchOS=10.2
05.square.ar	iOS=17.2	macOS=14.2	tvOS=17.2	visionOS=1.1	watchOS=10.2
05.square.fill.ar	iOS=17.2	macOS=14.2	tvOS=17.2	visionOS=1.1	watchOS=10.2
05.square.fill.hi	iOS=17.2	macOS=14.2	tvOS=17.2	visionOS=1.1	watchOS=10.2
05.square.hi	iOS=17.2	macOS=14.2	tvOS=17.2	visionOS=1.1	watchOS=10.2
06.circle.ar	iOS=17.2	macOS=14.2	tvOS=17.2	visionOS=1.1	watchOS=10.2
06.circle.fill.ar	iOS=17.2	macOS=14.2	tvOS=17.2	visionOS=1.1	watchOS=10.2
06.circle.fill.hi	iOS=17.2	macOS=14.2	tvOS=17.2	visionOS=1.1	watchOS=10.2
06.circle.hi	iOS=17.2	macOS=14.2	tvOS=17.2	visionOS=1.1	watchOS=10.2
06.square.ar	iOS=17.2	macOS=14.2	tvOS=17.2	visionOS=1.1	watchOS=10.2
06.square.fill.ar	iOS=17.2	macOS=14.2	tvOS=17.2	visionOS=1.1	watchOS=10.2
06.square.fill.hi	iOS=17.2	macOS=14.2	tvOS=17.2	visionOS=1.1	watchOS=10.2
06.square.hi	iOS=17.2	macOS=14.2	tvOS=17.2	visionOS=1.1	watchOS=10.2
07.circle.ar	iOS=17.2	macOS=14.2	tvOS=17.2	visionOS=1.1	watchOS=10.2
07.circle.fill.ar	iOS=17.2	macOS=14.2	tvOS=17.2	visionOS=1.1	watchOS=10.2
07.circle.fill.hi	iOS=17.2	macOS=14.2	tvOS=17.2	visionOS=1.1	watchOS=10.2
07.circle.hi	iOS=17.2	macOS=14.2	tvOS=17.2	visionOS=1.1	watchOS=10.2
07.square.ar	iOS=17.2	macOS=14.2	tvOS=17.2	visionOS=1.1	watchOS=10.2
07.square.fill.ar	iOS=17.2	macOS=14.2	tvOS=17.2	visionOS=1.1	watchOS=10.2
07.square.fill.hi	iOS=17.2	macOS=14.2	tvOS=17.2	visionOS=1.1	watchOS=10.2
07.square.hi	iOS=17.2	macOS=14.2	tvOS=17.2	visionOS=1.1	watchOS=10.2
08.circle.ar	iOS=17.2	macOS=14.2	tvOS=17.2	visionOS=1.1	watchOS=10.2
08.circle.fill.ar	iOS=17.2	macOS=14.2	tvOS=17.2	visionOS=1.1	watchOS=10.2
08.circle.fill.hi	iOS=17.2	macOS=14.2	tvOS=17.2	visionOS=1.1	watchOS=10.2
08.circle.hi	iOS=17.2	macOS=14.2	tvOS=17.2	visionOS=1.1	watchOS=10.2
08.square.ar	iOS=17.2	macOS=14.2	tvOS=17.2	visionOS=1.1	watchOS=10.2
08.square.fill.ar	iOS=17.2	macOS=14.2	tvOS=17.2	visionOS=1.1	watchOS=10.2
08.square.fill.hi	iOS=17.2	macOS=14.2	tvOS=17.2	visionOS=1.1	watchOS=10.2
08.square.hi	iOS=17.2	macOS=14.2	tvOS=17.2	visionOS=1.1	watchOS=10.2
09.circle.ar	iOS=17.2	macOS=14.2	tvOS=17.2	visionOS=1.1	watchOS=10.2
09.circle.fill.ar	iOS=17.2	macOS=14.2	tvOS=17.2	visionOS=1.1	watchOS=10.2
09.circle.fill.hi	iOS=17.2	macOS=14.2	tvOS=17.2	visionOS=1.1	watchOS=10.2
09.circle.hi	iOS=17.2	macOS=14.2	tvOS=17.2	visionOS=1.1	watchOS=10.2
09.square.ar	iOS=17.2	macOS=14.2	tvOS=17.2	visionOS=1.1	watchOS=10.2
09.square.fill.ar	iOS=17.2	macOS=14.2	tvOS=17.2	visionOS=1.1	watchOS=10.2
09.square.fill.hi	iOS=17.2	macOS=14.2	tvOS=17.2	visionOS=1.1	watchOS=10.2
09.square.hi	iOS=17.2	macOS=14.2	tvOS=17.2	visionOS=1.1	watchOS=10.2
1.circle.fill.hi	iOS=17.2	macOS=14.2	tvOS=17.2	visionOS=1.1	watchOS=10.2
1.circle.hi	iOS=17.2	macOS=14.2	tvOS=17.2	visionOS=1.1	watchOS=10.2
1.square.fill.hi	iOS=17.2	macOS=14.2	tvOS=17.2	visionOS=1.1	watchOS=10.2
1.square.hi	iOS=17.2	macOS=14.2	tvOS=17.2	visionOS=1.1	watchOS=10.2
10.circle.ar	iOS=17.2	macOS=14.2	tvOS=17.2	visionOS=1.1	watchOS=10.2
10.circle.fill.ar	iOS=17.2	macOS=14.2	tvOS=17.2	visionOS=1.1	watchOS=10.2
10.circle.fill.hi	iOS=17.2	macOS=14.2	tvOS=17.2	visionOS=1.1	watchOS=10.2
10.circle.hi	iOS=17.2	macOS=14.2	tvOS=17.2	visionOS=1.1	watchOS=10.2
10.square.ar	iOS=17.2	macOS=14.2	tvOS=17.2	visionOS=1.1	watchOS=10.2
10.square.fill.ar	iOS=17.2	macOS=14.2	tvOS=17.2	visionOS=1.1	watchOS=10.2
10.square.fill.hi	iOS=17.2	macOS=14.2	tvOS=17.2	visionOS=1.1	watchOS=10.2
10.square.hi	iOS=17.2	macOS=14.2	tvOS=17.2	visionOS=1.1	watchOS=10.2
11.circle.ar	iOS=17.2	macOS=14.2	tvOS=17.2	visionOS=1.1	watchOS=10.2
11.circle.fill.ar	iOS=17.2	macOS=14.2	tvOS=17.2	visionOS=1.1	watchOS=10.2
11.circle.fill.hi	iOS=17.2	macOS=14.2	tvOS=17.2	visionOS=1.1	watchOS=10.2
11.circle.hi	iOS=17.2	macOS=14.2	tvOS=17.2	visionOS=1.1	watchOS=10.2
11.square.ar	iOS=17.2	macOS=14.2	tvOS=17.2	visionOS=1.1	watchOS=10.2
11.square.fill.ar	iOS=17.2	macOS=14.2	tvOS=17.2	visionOS=1.1	watchOS=10.2
11.square.fill.hi	iOS=17.2	macOS=14.2	tvOS=17.2	visionOS=1.1	watchOS=10.2
11.square.hi	iOS=17.2	macOS=14.2	tvOS=17.2	visionOS=1.1	watchOS=10.2
12.circle.ar	iOS=17.2	macOS=14.2	tvOS=17.2	visionOS=1.1	watchOS=10.2
12.circle.fill.ar	iOS=17.2	macOS=14.2	tvOS=17.2	visionOS=1.1	watchOS=10.2
12.circle.fill.hi	iOS=17.2	macOS=14.2	tvOS=17.2	visionOS=1.1	watchOS=10.2
12.circle.hi	iOS=17.2	macOS=14.2	tvOS=17.2	visionOS=1.1	watchOS=10.2
12.square.ar	iOS=17.2	macOS=14.2	tvOS=17.2	visionOS=1.1	watchOS=10.2
12.square.fill.ar	iOS=17.2	macOS=14.2	tvOS=17.2	visionOS=1.1	watchOS=10.2
12.square.fill.hi	iOS=17.2	macOS=14.2	tvOS=17.2	visionOS=1.1	watchOS=10.2
12.square.hi	iOS=17.2	macOS=14.2	tvOS=17.2	visionOS=1.1	watchOS=10.2
13.circle.ar	iOS=17.2	macOS=14.2	tvOS=17.2	visionOS=1.1	watchOS=10.2
13.circle.fill.ar	iOS=17.2	macOS=14.2	tvOS=17.2	visionOS=1.1	watchOS=10.2
13.circle.fill.hi	iOS=17.2	macOS=14.2	tvOS=17.2	visionOS=1.1	watchOS=10.2
13.circle.hi	iOS=17.2	macOS=14.2	tvOS=17.2	visionOS=1.1	watchOS=10.2
13.square.ar	iOS=17.2	macOS=14.2	tvOS=17.2	visionOS=1.1	watchOS=10.2
13.square.fill.ar	iOS=17.2	macOS=14.2	tvOS=17.2	visionOS=1.1	watchOS=10.2
13.square.fill.hi	iOS=17.2	macOS=14.2	tvOS=17.2	visionOS=1.1	watchOS=10.2
13.square.hi	iOS=17.2	macOS=14.2	tvOS=17.2	visionOS=1.1	watchOS=10.2
14.circle.ar	iOS=17.2	macOS=14.2	tvOS=17.2	visionOS=1.1	watchOS=10.2
14.circle.fill.ar	iOS=17.2	macOS=14.2	tvOS=17.2	visionOS=1.1	watchOS=10.2
14.circle.fill.hi	iOS=17.2	macOS=14.2	tvOS=17.2	visionOS=1.1	watchOS=10.2
14.circle.hi	iOS=17.2	macOS=14.2	tvOS=17.2	visionOS=1.1	watchOS=10.2
14.square.ar	iOS=17.2	macOS=14.2	tvOS=17.2	visionOS=1.1	watchOS=10.2
14.square.fill.ar	iOS=17.2	macOS=14.2	tvOS=17.2	visionOS=1.1	watchOS=10.2
14.square.fill.hi	iOS=17.2	macOS=14.2	tvOS=17.2	visionOS=1.1	watchOS=10.2
14.square.hi	iOS=17.2	macOS=14.2	tvOS=17.2	visionOS=1.1	watchOS=10.2
15.circle.ar	iOS=17.2	macOS=14.2	tvOS=17.2	visionOS=1.1	watchOS=10.2
15.circle.fill.ar	iOS=17.2	macOS=14.2	tvOS=17.2	visionOS=1.1	watchOS=10.2
15.circle.fill.hi	iOS=17.2	macOS=14.2	tvOS=17.2	visionOS=1.1	watchOS=10.2
15.circle.hi	iOS=17.2	macOS=14.2	tvOS=17.2	visionOS=1.1	watchOS=10.2
15.square.ar	iOS=17.2	macOS=14.2	tvOS=17.2	visionOS=1.1	watchOS=10.2
15.square.fill.ar	iOS=17.2	macOS=14.2	tvOS=17.2	visionOS=1.1	watchOS=10.2
15.square.fill.hi	iOS=17.2	macOS=14.2	tvOS=17.2	visionOS=1.1	watchOS=10.2
15.square.hi	iOS=17.2	macOS=14.2	tvOS=17.2	visionOS=1.1	watchOS=10.2
16.circle.ar	iOS=17.2	macOS=14.2	tvOS=17.2	visionOS=1.1	watchOS=10.2
16.circle.fill.ar	iOS=17.2	macOS=14.2	tvOS=17.2	visionOS=1.1	watchOS=10.2
16.circle.fill.hi	iOS=17.2	macOS=14.2	tvOS=17.2	visionOS=1.1	watchOS=10.2
16.circle.hi	iOS=17.2	macOS=14.2	tvOS=17.2	visionOS=1.1	watchOS=10.2
16.square.ar	iOS=17.2	macOS=14.2	tvOS=17.2	visionOS=1.1	watchOS=10.2
16.square.fill.ar	iOS=17.2	macOS=14.2	tvOS=17.2	visionOS=1.1	watchOS=10.2
16.square.fill.hi	iOS=17.2	macOS=14.2	tvOS=17.2	visionOS=1.1	watchOS=10.2
16.square.hi	iOS=17.2	macOS=14.2	tvOS=17.2	visionOS=1.1	watchOS=10.2
17.circle.ar	iOS=17.2	macOS=14.2	tvOS=17.2	visionOS=1.1	watchOS=10.2
17.circle.fill.ar	iOS=17.2	macOS=14.2	tvOS=17.2	visionOS=1.1	watchOS=10.2
17.circle.fill.hi	iOS=17.2	macOS=14.2	tvOS=17.2	visionOS=1.1	watchOS=10.2
17.circle.hi	iOS=17.2	macOS=14.2	tvOS=17.2	visionOS=1.1	watchOS=10.2
17.square.ar	iOS=17.2	macOS=14.2	tvOS=17.2	visionOS=1.1	watchOS=10.2
17.square.fill.ar	iOS=17.2	macOS=14.2	tvOS=17.2	visionOS=1.1	watchOS=10.2
17.square.fill.hi	iOS=17.2	macOS=14.2	tvOS=17.2	visionOS=1.1	watchOS=10.2
17.square.hi	iOS=17.2	macOS=14.2	tvOS=17.2	visionOS=1.1	watchOS=10.2
18.circle.ar	iOS=17.2	macOS=14.2	tvOS=17.2	visionOS=1.1	watchOS=10.2
18.circle.fill.ar	iOS=17.2	macOS=14.2	tvOS=17.2	visionOS=1.1	watchOS=10.2
18.circle.fill.hi	iOS=17.2	macOS=14.2	tvOS=17.2	visionOS=1.1	watchOS=10.2
18.circle.hi	iOS=17.2	macOS=14.2	tvOS=17.2	visionOS=1.1	watchOS=10.2
18.square.ar	iOS=17.2	macOS=14.2	tvOS=17.2	visionOS=1.1	watchOS=10.2
18.square.fill.ar	iOS=17.2	macOS=14.2	tvOS=17.2	visionOS=1.1	watchOS=10.2
18.square.fill.hi	iOS=17.2	macOS=14.2	tvOS=17.2	visionOS=1.1	watchOS=10.2
18.square.hi	iOS=17.2	macOS=14.2	tvOS=17.2	visionOS=1.1	watchOS=10.2
19.circle.ar	iOS=17.2	macOS=14.2	tvOS=17.2	visionOS=1.1	watchOS=10.2
19.circle.fill.ar	iOS=17.2	macOS=14.2	tvOS=17.2	visionOS=1.1	watchOS=10.2
19.circle.fill.hi	iOS=17.2	macOS=14.2	tvOS=17.2	visionOS=1.1	watchOS=10.2
19.circle.hi	iOS=17.2	macOS=14.2	tvOS=17.2	visionOS=1.1	watchOS=10.2
19.square.ar	iOS=17.2	macOS=14.2	tvOS=17.2	visionOS=1.1	watchOS=10.2
19.square.fill.ar	iOS=17.2	macOS=14.2	tvOS=17.2	visionOS=1.1	watchOS=10.2
19.square.fill.hi	iOS=17.2	macOS=14.2	tvOS=17.2	visionOS=1.1	watchOS=10.2
19.square.hi	iOS=17.2	macOS=14.2	tvOS=17.2	visionOS=1.1	watchOS=10.2
2.circle.fill.hi	iOS=17.2	macOS=14.2	tvOS=17.2	visionOS=1.1	watchOS=10.2
2.circle.hi	iOS=17.2	macOS=14.2	tvOS=17.2	visionOS=1.1	watchOS=10.2
2.square.fill.hi	iOS=17.2	macOS=14.2	tvOS=17.2	visionOS=1.1	watchOS=10.2
2.square.hi	iOS=17.2	macOS=14.2	tvOS=17.2	visionOS=1.1	watchOS=10.2
20.circle.ar	iOS=17.2	macOS=14.2	tvOS=17.2	visionOS=1.1	watchOS=10.2
20.circle.fill.ar	iOS=17.2	macOS=14.2	tvOS=17.2	visionOS=1.1	watchOS=10.2
20.circle.fill.hi	iOS=17.2	macOS=14.2	tvOS=17.2	visionOS=1.1	watchOS=10.2
20.circle.hi	iOS=17.2	macOS=14.2	tvOS=17.2	visionOS=1.1	watchOS=10.2
20.square.ar	iOS=17.2	macOS=14.2	tvOS=17.2	visionOS=1.1	watchOS=10.2
20.square.fill.ar	iOS=17.2	macOS=14.2	tvOS=17.2	visionOS=1.1	watchOS=10.2
20.square.fill.hi	iOS=17.2	macOS=14.2	tvOS=17.2	visionOS=1.1	watchOS=10.2
20.square.hi	iOS=17.2	macOS=14.2	tvOS=17.2	visionOS=1.1	watchOS=10.2
21.circle.ar	iOS=17.2	macOS=14.2	tvOS=17.2	visionOS=1.1	watchOS=10.2
21.circle.fill.ar	iOS=17.2	macOS=14.2	tvOS=17.2	visionOS=1.1	watchOS=10.2
21.circle.fill.hi	iOS=17.2	macOS=14.2	tvOS=17.2	visionOS=1.1	watchOS=10.2
21.circle.hi	iOS=17.2	macOS=14.2	tvOS=17.2	visionOS=1.1	watchOS=10.2
21.square.ar	iOS=17.2	macOS=14.2	tvOS=17.2	visionOS=1.1	watchOS=10.2
21.square.fill.ar	iOS=17.2	macOS=14.2	tvOS=17.2	visionOS=1.1	watchOS=10.2
21.square.fill.hi	iOS=17.2	macOS=14.2	tvOS=17.2	visionOS=1.1	watchOS=10.2
21.square.hi	iOS=17.2	macOS=14.2	tvOS=17.2	visionOS=1.1	watchOS=10.2
22.circle.ar	iOS=17.2	macOS=14.2	tvOS=17.2	visionOS=1.1	watchOS=10.2
22.circle.fill.ar	iOS=17.2	macOS=14.2	tvOS=17.2	visionOS=1.1	watchOS=10.2
22.circle.fill.hi	iOS=17.2	macOS=14.2	tvOS=17.2	visionOS=1.1	watchOS=10.2
22.circle.hi	iOS=17.2	macOS=14.2	tvOS=17.2	visionOS=1.1	watchOS=10.2
22.square.ar	iOS=17.2	macOS=14.2	tvOS=17.2	visionOS=1.1	watchOS=10.2
22.square.fill.ar	iOS=17.2	macOS=14.2	tvOS=17.2	visionOS=1.1	watchOS=10.2
22.square.fill.hi	iOS=17.2	macOS=14.2	tvOS=17.2	visionOS=1.1	watchOS=10.2
22.square.hi	iOS=17.2	macOS=14.2	tvOS=17.2	visionOS=1.1	watchOS=10.2
23.circle.ar	iOS=17.2	macOS=14.2	tvOS=17.2	visionOS=1.1	watchOS=10.2
23.circle.fill.ar	iOS=17.2	macOS=14.2	tvOS=17.2	visionOS=1.1	watchOS=10.2
23.circle.fill.hi	iOS=17.2	macOS=14.2	tvOS=17.2	visionOS=1.1	watchOS=10.2
23.circle.hi	iOS=17.2	macOS=14.2	tvOS=17.2	visionOS=1.1	watchOS=10.2
23.square.ar	iOS=17.2	macOS=14.2	tvOS=17.2	visionOS=1.1	watchOS=10.2
23.square.fill.ar	iOS=17.2	macOS=14.2	tvOS=17.2	visionOS=1.1	watchOS=10.2
23.square.fill.hi	iOS=17.2	macOS=14.2	tvOS=17.2	visionOS=1.1	watchOS=10.2
23.square.hi	iOS=17.2	macOS=14.2	tvOS=17.2	visionOS=1.1	watchOS=10.2
24.circle.ar	iOS=17.2	macOS=14.2	tvOS=17.2	visionOS=1.1	watchOS=10.2
24.circle.fill.ar	iOS=17.2	macOS=14.2	tvOS=17.2	visionOS=1.1	watchOS=10.2
24.circle.fill.hi	iOS=17.2	macOS=14.2	tvOS=17.2	visionOS=1.1	watchOS=10.2
24.circle.hi	iOS=17.2	macOS=14.2	tvOS=17.2	visionOS=1.1	watchOS=10.2
24.square.ar	iOS=17.2	macOS=14.2	tvOS=17.2	visionOS=1.1	watchOS=10.2
24.square.fill.ar	iOS=17.2	macOS=14.2	tvOS=17.2	visionOS=1.1	watchOS=10.2
24.square.fill.hi	iOS=17.2	macOS=14.2	tvOS=17.2	visionOS=1.1	watchOS=10.2
24.square.hi	iOS=17.2	macOS=14.2	tvOS=17.2	visionOS=1.1	watchOS=10.2
25.circle.ar	iOS=17.2	macOS=14.2	tvOS=17.2	visionOS=1.1	watchOS=10.2
25.circle.fill.ar	iOS=17.2	macOS=14.2	tvOS=17.2	visionOS=1.1	watchOS=10.2
25.circle.fill.hi	iOS=17.2	macOS=14.2	tvOS=17.2	visionOS=1.1	watchOS=10.2
25.circle.hi	iOS=17.2	macOS=14.2	tvOS=17.2	visionOS=1.1	watchOS=10.2
25.square.ar	iOS=17.2	macOS=14.2	tvOS=17.2	visionOS=1.1	watchOS=10.2
25.square.fill.ar	iOS=17.2	macOS=14.2	tvOS=17.2	visionOS=1.1	watchOS=10.2
25.square.fill.hi	iOS=17.2	macOS=14.2	tvOS=17.2	visionOS=1.1	watchOS=10.2
25.square.hi	iOS=17.2	macOS=14.2	tvOS=17.2	visionOS=1.1	watchOS=10.2
26.circle.ar	iOS=17.2	macOS=14.2	tvOS=17.2	visionOS=1.1	watchOS=10.2
26.circle.fill.ar	iOS=17.2	macOS=14.2	tvOS=17.2	visionOS=1.1	watchOS=10.2
26.circle.fill.hi	iOS=17.2	macOS=14.2	tvOS=17.2	visionOS=1.1	watchOS=10.2
26.circle.hi	iOS=17.2	macOS=14.2	tvOS=17.2	visionOS=1.1	watchOS=10.2
26.square.ar	iOS=17.2	macOS=14.2	tvOS=17.2	visionOS=1.1	watchOS=10.2
26.square.fill.ar	iOS=17.2	macOS=14.2	tvOS=17.2	visionOS=1.1	watchOS=10.2
26.square.fill.hi	iOS=17.2	macOS=14.2	tvOS=17.2	visionOS=1.1	watchOS=10.2
26.square.hi	iOS=17.2	macOS=14.2	tvOS=17.2	visionOS=1.1	watchOS=10.2
27.circle.ar	iOS=17.2	macOS=14.2	tvOS=17.2	visionOS=1.1	watchOS=10.2
27.circle.fill.ar	iOS=17.2	macOS=14.2	tvOS=17.2	visionOS=1.1	watchOS=10.2
27.circle.fill.hi	iOS=17.2	macOS=14.2	tvOS=17.2	visionOS=1.1	watchOS=10.2
27.circle.hi	iOS=17.2	macOS=14.2	tvOS=17.2	visionOS=1.1	watchOS=10.2
27.square.ar	iOS=17.2	macOS=14.2	tvOS=17.2	visionOS=1.1	watchOS=10.2
27.square.fill.ar	iOS=17.2	macOS=14.2	tvOS=17.2	visionOS=1.1	watchOS=10.2
27.square.fill.hi	iOS=17.2	macOS=14.2	tvOS=17.2	visionOS=1.1	watchOS=10.2
27.square.hi	iOS=17.2	macOS=14.2	tvOS=17.2	visionOS=1.1	watchOS=10.2
28.circle.ar	iOS=17.2	macOS=14.2	tvOS=17.2	visionOS=1.1	watchOS=10.2
28.circle.fill.ar	iOS=17.2	macOS=14.2	tvOS=17.2	visionOS=1.1	watchOS=10.2
28.circle.fill.hi	iOS=17.2	macOS=14.2	tvOS=17.2	visionOS=1.1	watchOS=10.2
28.circle.hi	iOS=17.2	macOS=14.2	tvOS=17.2	visionOS=1.1	watchOS=10.2
28.square.ar	iOS=17.2	macOS=14.2	tvOS=17.2	visionOS=1.1	watchOS=10.2
28.square.fill.ar	iOS=17.2	macOS=14.2	tvOS=17.2	visionOS=1.1	watchOS=10.2
28.square.fill.hi	iOS=17.2	macOS=14.2	tvOS=17.2	visionOS=1.1	watchOS=10.2
28.square.hi	iOS=17.2	macOS=14.2	tvOS=17.2	visionOS=1.1	watchOS=10.2
29.circle.ar	iOS=17.2	macOS=14.2	tvOS=17.2	visionOS=1.1	watchOS=10.2
29.circle.fill.ar	iOS=17.2	macOS=14.2	tvOS=17.2	visionOS=1.1	watchOS=10.2
29.circle.fill.hi	iOS=17.2	macOS=14.2	tvOS=17.2	visionOS=1.1	watchOS=10.2
29.circle.hi	iOS=17.2	macOS=14.2	tvOS=17.2	visionOS=1.1	watchOS=10.2
29.square.ar	iOS=17.2	macOS=14.2	tvOS=17.2	visionOS=1.1	watchOS=10.2
29.square.fill.ar	iOS=17.2	macOS=14.2	tvOS=17.2	visionOS=1.1	watchOS=10.2
29.square.fill.hi	iOS=17.2	macOS=14.2	tvOS=17.2	visionOS=1.1	watchOS=10.2
29.square.hi	iOS=17.2	macOS=14.2	tvOS=17.2	visionOS=1.1	watchOS=10.2
3.circle.fill.hi	iOS=17.2	macOS=14.2	tvOS=17.2	visionOS=1.1	watchOS=10.2
3.circle.hi	iOS=17.2	macOS=14.2	tvOS=17.2	visionOS=1.1	watchOS=10.2
3.square.fill.hi	iOS=17.2	macOS=14.2	tvOS=17.2	visionOS=1.1	watchOS=10.2
3.square.hi	iOS=17.2	macOS=14.2	tvOS=17.2	visionOS=1.1	watchOS=10.2
30.circle.ar	iOS=17.2	macOS=14.2	tvOS=17.2	visionOS=1.1	watchOS=10.2
30.circle.fill.ar	iOS=17.2	macOS=14.2	tvOS=17.2	visionOS=1.1	watchOS=10.2
30.circle.fill.hi	iOS=17.2	macOS=14.2	tvOS=17.2	visionOS=1.1	watchOS=10.2
30.circle.hi	iOS=17.2	macOS=14.2	tvOS=17.2	visionOS=1.1	watchOS=10.2
30.square.ar	iOS=17.2	macOS=14.2	tvOS=17.2	visionOS=1.1	watchOS=10.2
30.square.fill.ar	iOS=17.2	macOS=14.2	tvOS=17.2	visionOS=1.1	watchOS=10.2
30.square.fill.hi	iOS=17.2	macOS=14.2	tvOS=17.2	visionOS=1.1	watchOS=10.2
30.square.hi	iOS=17.2	macOS=14.2	tvOS=17.2	visionOS=1.1	watchOS=10.2
31.circle.ar	iOS=17.2	macOS=14.2	tvOS=17.2	visionOS=1.1	watchOS=10.2
31.circle.fill.ar	iOS=17.2	macOS=14.2	tvOS=17.2	visionOS=1.1	watchOS=10.2
31.circle.fill.hi	iOS=17.2	macOS=14.2	tvOS=17.2	visionOS=1.1	watchOS=10.2
31.circle.hi	iOS=17.2	macOS=14.2	tvOS=17.2	visionOS=1.1	watchOS=10.2
31.square.ar	iOS=17.2	macOS=14.2	tvOS=17.2	visionOS=1.1	watchOS=10.2
31.square.fill.ar	iOS=17.2	macOS=14.2	tvOS=17.2	visionOS=1.1	watchOS=10.2
31.square.fill.hi	iOS=17.2	macOS=14.2	tvOS=17.2	visionOS=1.1	watchOS=10.2
31.square.hi	iOS=17.2	macOS=14.2	tvOS=17.2	visionOS=1.1	watchOS=10.2
32.circle.ar	iOS=17.2	macOS=14.2	tvOS=17.2	visionOS=1.1	watchOS=10.2
32.circle.fill.ar	iOS=17.2	macOS=14.2	tvOS=17.2	visionOS=1.1	watchOS=10.2
32.circle.fill.hi	iOS=17.2	macOS=14.2	tvOS=17.2	visionOS=1.1	watchOS=10.2
32.circle.hi	iOS=17.2	macOS=14.2	tvOS=17.2	visionOS=1.1	watchOS=10.2
32.square.ar	iOS=17.2	macOS=14.2	tvOS=17.2	visionOS=1.1	watchOS=10.2
32.square.fill.ar	iOS=17.2	macOS=14.2	tvOS=17.2	visionOS=1.1	watchOS=10.2
32.square.fill.hi	iOS=17.2	macOS=14.2	tvOS=17.2	visionOS=1.1	watchOS=10.2
32.square.hi	iOS=17.2	macOS=14.2	tvOS=17.2	visionOS=1.1	watchOS=10.2
33.circle.ar	iOS=17.2	macOS=14.2	tvOS=17.2	visionOS=1.1	watchOS=10.2
33.circle.fill.ar	iOS=17.2	macOS=14.2	tvOS=17.2	visionOS=1.1	watchOS=10.2
33.circle.fill.hi	iOS=17.2	macOS=14.2	tvOS=17.2	visionOS=1.1	watchOS=10.2
33.circle.hi	iOS=17.2	macOS=14.2	tvOS=17.2	visionOS=1.1	watchOS=10.2
33.square.ar	iOS=17.2	macOS=14.2	tvOS=17.2	visionOS=1.1	watchOS=10.2
33.square.fill.ar	iOS=17.2	macOS=14.2	tvOS=17.2	visionOS=1.1	watchOS=10.2
33.square.fill.hi	iOS=17.2	macOS=14.2	tvOS=17.2	visionOS=1.1	watchOS=10.2
33.square.hi	iOS=17.2	macOS=14.2	tvOS=17.2	visionOS=1.1	watchOS=10.2
34.circle.ar	iOS=17.2	macOS=14.2	tvOS=17.2	visionOS=1.1	watchOS=10.2
34.circle.fill.ar	iOS=17.2	macOS=14.2	tvOS=17.2	visionOS=1.1	watchOS=10.2
34.circle.fill.hi	iOS=17.2	macOS=14.2	tvOS=17.2	visionOS=1.1	watchOS=10.2
34.circle.hi	iOS=17.2	macOS=14.2	tvOS=17.2	visionOS=1.1	watchOS=10.2
34.square.ar	iOS=17.2	macOS=14.2	tvOS=17.2	visionOS=1.1	watchOS=10.2
34.square.fill.ar	iOS=17.2	macOS=14.2	tvOS=17.2	visionOS=1.1	watchOS=10.2
34.square.fill.hi	iOS=17.2	macOS=14.2	tvOS=17.2	visionOS=1.1	watchOS=10.2
34.square.hi	iOS=17.2	macOS=14.2	tvOS=17.2	visionOS=1.1	watchOS=10.2
35.circle.ar	iOS=17.2	macOS=14.2	tvOS=17.2	visionOS=1.1	watchOS=10.2
35.circle.fill.ar	iOS=17.2	macOS=14.2	tvOS=17.2	visionOS=1.1	watchOS=10.2
35.circle.fill.hi	iOS=17.2	macOS=14.2	tvOS=17.2	visionOS=1.1	watchOS=10.2
35.circle.hi	iOS=17.2	macOS=14.2	tvOS=17.2	visionOS=1.1	watchOS=10.2
35.square.ar	iOS=17.2	macOS=14.2	tvOS=17.2	visionOS=1.1	watchOS=10.2
35.square.fill.ar	iOS=17.2	macOS=14.2	tvOS=17.2	visionOS=1.1	watchOS=10.2
35.square.fill.hi	iOS=17.2	macOS=14.2	tvOS=17.2	visionOS=1.1	watchOS=10.2
35.square.hi	iOS=17.2	macOS=14.2	tvOS=17.2	visionOS=1.1	watchOS=10.2
36.circle.ar	iOS=17.2	macOS=14.2	tvOS=17.2	visionOS=1.1	watchOS=10.2
36.circle.fill.ar	iOS=17.2	macOS=14.2	tvOS=17.2	visionOS=1.1	watchOS=10.2
36.circle.fill.hi	iOS=17.2	macOS=14.2	tvOS=17.2	visionOS=1.1	watchOS=10.2
36.circle.hi	iOS=17.2	macOS=14.2	tvOS=17.2	visionOS=1.1	watchOS=10.2
36.square.ar	iOS=17.2	macOS=14.2	tvOS=17.2	visionOS=1.1	watchOS=10.2
36.square.fill.ar	iOS=17.2	macOS=14.2	tvOS=17.2	visionOS=1.1	watchOS=10.2
36.square.fill.hi	iOS=17.2	macOS=14.2	tvOS=17.2	visionOS=1.1	watchOS=10.2
36.square.hi	iOS=17.2	macOS=14.2	tvOS=17.2	visionOS=1.1	watchOS=10.2
37.circle.ar	iOS=17.2	macOS=14.2	tvOS=17.2	visionOS=1.1	watchOS=10.2
37.circle.fill.ar	iOS=17.2	macOS=14.2	tvOS=17.2	visionOS=1.1	watchOS=10.2
37.circle.fill.hi	iOS=17.2	macOS=14.2	tvOS=17.2	visionOS=1.1	watchOS=10.2
37.circle.hi	iOS=17.2	macOS=14.2	tvOS=17.2	visionOS=1.1	watchOS=10.2
37.square.ar	iOS=17.2	macOS=14.2	tvOS=17.2	visionOS=1.1	watchOS=10.2
37.square.fill.ar	iOS=17.2	macOS=14.2	tvOS=17.2	visionOS=1.1	watchOS=10.2
37.square.fill.hi	iOS=17.2	macOS=14.2	tvOS=17.2	visionOS=1.1	watchOS=10.2
37.square.hi	iOS=17.2	macOS=14.2	tvOS=17.2	visionOS=1.1	watchOS=10.2
38.circle.ar	iOS=17.2	macOS=14.2	tvOS=17.2	visionOS=1.1	watchOS=10.2
38.circle.fill.ar	iOS=17.2	macOS=14.2	tvOS=17.2	visionOS=1.1	watchOS=10.2
38.circle.fill.hi	iOS=17.2	macOS=14.2	tvOS=17.2	visionOS=1.1	watchOS=10.2
38.circle.hi	iOS=17.2	macOS=14.2	tvOS=17.2	visionOS=1.1	watchOS=10.2
38.square.ar	iOS=17.2	macOS=14.2	tvOS=17.2	visionOS=1.1	watchOS=10.2
38.square.fill.ar	iOS=17.2	macOS=14.2	tvOS=17.2	visionOS=1.1	watchOS=10.2
38.square.fill.hi	iOS=17.2	macOS=14.2	tvOS=17.2	visionOS=1.1	watchOS=10.2
38.square.hi	iOS=17.2	macOS=14.2	tvOS=17.2	visionOS=1.1	watchOS=10.2
39.circle.ar	iOS=17.2	macOS=14.2	tvOS=17.2	visionOS=1.1	watchOS=10.2
39.circle.fill.ar	iOS=17.2	macOS=14.2	tvOS=17.2	visionOS=1.1	watchOS=10.2
39.circle.fill.hi	iOS=17.2	macOS=14.2	tvOS=17.2	visionOS=1.1	watchOS=10.2
39.circle.hi	iOS=17.2	macOS=14.2	tvOS=17.2	visionOS=1.1	watchOS=10.2
39.square.ar	iOS=17.2	macOS=14.2	tvOS=17.2	visionOS=1.1	watchOS=10.2
39.square.fill.ar	iOS=17.2	macOS=14.2	tvOS=17.2	visionOS=1.1	watchOS=10.2
39.square.fill.hi	iOS=17.2	macOS=14.2	tvOS=17.2	visionOS=1.1	watchOS=10.2
39.square.hi	iOS=17.2	macOS=14.2	tvOS=17.2	visionOS=1.1	watchOS=10.2
4.circle.fill.hi	iOS=17.2	macOS=14.2	tvOS=17.2	visionOS=1.1	watchOS=10.2
4.circle.hi	iOS=17.2	macOS=14.2	tvOS=17.2	visionOS=1.1	watchOS=10.2
4.square.fill.hi	iOS=17.2	macOS=14.2	tvOS=17.2	visionOS=1.1	watchOS=10.2
4.square.hi	iOS=17.2	macOS=14.2	tvOS=17.2	visionOS=1.1	watchOS=10.2
40.circle.ar	iOS=17.2	macOS=14.2	tvOS=17.2	visionOS=1.1	watchOS=10.2
40.circle.fill.ar	iOS=17.2	macOS=14.2	tvOS=17.2	visionOS=1.1	watchOS=10.2
40.circle.fill.hi	iOS=17.2	macOS=14.2	tvOS=17.2	visionOS=1.1	watchOS=10.2
40.circle.hi	iOS=17.2	macOS=14.2	tvOS=17.2	visionOS=1.1	watchOS=10.2
40.square.ar	iOS=17.2	macOS=14.2	tvOS=17.2	visionOS=1.1	watchOS=10.2
40.square.fill.ar	iOS=17.2	macOS=14.2	tvOS=17.2	visionOS=1.1	watchOS=10.2
40.square.fill.hi	iOS=17.2	macOS=14.2	tvOS=17.2	visionOS=1.1	watchOS=10.2
40.square.hi	iOS=17.2	macOS=14.2	tvOS=17.2	visionOS=1.1	watchOS=10.2
41.circle.ar	iOS=17.2	macOS=14.2	tvOS=17.2	visionOS=1.1	watchOS=10.2
41.circle.fill.ar	iOS=17.2	macOS=14.2	tvOS=17.2	visionOS=1.1	watchOS=10.2
41.circle.fill.hi	iOS=17.2	macOS=14.2	tvOS=17.2	visionOS=1.1	watchOS=10.2
41.circle.hi	iOS=17.2	macOS=14.2	tvOS=17.2	visionOS=1.1	watchOS=10.2
41.square.ar	iOS=17.2	macOS=14.2	tvOS=17.2	visionOS=1.1	watchOS=10.2
41.square.fill.ar	iOS=17.2	macOS=14.2	tvOS=17.2	visionOS=1.1	watchOS=10.2
41.square.fill.hi	iOS=17.2	macOS=14.2	tvOS=17.2	visionOS=1.1	watchOS=10.2
41.square.hi	iOS=17.2	macOS=14.2	tvOS=17.2	visionOS=1.1	watchOS=10.2
42.circle.ar	iOS=17.2	macOS=14.2	tvOS=17.2	visionOS=1.1	watchOS=10.2
42.circle.fill.ar	iOS=17.2	macOS=14.2	tvOS=17.2	visionOS=1.1	watchOS=10.2
42.circle.fill.hi	iOS=17.2	macOS=14.2	tvOS=17.2	visionOS=1.1	watchOS=10.2
42.circle.hi	iOS=17.2	macOS=14.2	tvOS=17.2	visionOS=1.1	watchOS=10.2
42.square.ar	iOS=17.2	macOS=14.2	tvOS=17.2	visionOS=1.1	watchOS=10.2
42.square.fill.ar	iOS=17.2	macOS=14.2	tvOS=17.2	visionOS=1.1	watchOS=10.2
42.square.fill.hi	iOS=17.2	macOS=14.2	tvOS=17.2	visionOS=1.1	watchOS=10.2
42.square.hi	iOS=17.2	macOS=14.2	tvOS=17.2	visionOS=1.1	watchOS=10.2
43.circle.ar	iOS=17.2	macOS=14.2	tvOS=17.2	visionOS=1.1	watchOS=10.2
43.circle.fill.ar	iOS=17.2	macOS=14.2	tvOS=17.2	visionOS=1.1	watchOS=10.2
43.circle.fill.hi	iOS=17.2	macOS=14.2	tvOS=17.2	visionOS=1.1	watchOS=10.2
43.circle.hi	iOS=17.2	macOS=14.2	tvOS=17.2	visionOS=1.1	watchOS=10.2
43.square.ar	iOS=17.2	macOS=14.2	tvOS=17.2	visionOS=1.1	watchOS=10.2
43.square.fill.ar	iOS=17.2	macOS=14.2	tvOS=17.2	visionOS=1.1	watchOS=10.2
43.square.fill.hi	iOS=17.2	macOS=14.2	tvOS=17.2	visionOS=1.1	watchOS=10.2
43.square.hi	iOS=17.2	macOS=14.2	tvOS=17.2	visionOS=1.1	watchOS=10.2
44.circle.ar	iOS=17.2	macOS=14.2	tvOS=17.2	visionOS=1.1	watchOS=10.2
44.circle.fill.ar	iOS=17.2	macOS=14.2	tvOS=17.2	visionOS=1.1	watchOS=10.2
44.circle.fill.hi	iOS=17.2	macOS=14.2	tvOS=17.2	visionOS=1.1	watchOS=10.2
44.circle.hi	iOS=17.2	macOS=14.2	tvOS=17.2	visionOS=1.1	watchOS=10.2
44.square.ar	iOS=17.2	macOS=14.2	tvOS=17.2	visionOS=1.1	watchOS=10.2
44.square.fill.ar	iOS=17.2	macOS=14.2	tvOS=17.2	visionOS=1.1	watchOS=10.2
44.square.fill.hi	iOS=17.2	macOS=14.2	tvOS=17.2	visionOS=1.1	watchOS=10.2
44.square.hi	iOS=17.2	macOS=14.2	tvOS=17.2	visionOS=1.1	watchOS=10.2
45.circle.ar	iOS=17.2	macOS=14.2	tvOS=17.2	visionOS=1.1	watchOS=10.2
45.circle.fill.ar	iOS=17.2	macOS=14.2	tvOS=17.2	visionOS=1.1	watchOS=10.2
45.circle.fill.hi	iOS=17.2	macOS=14.2	tvOS=17.2	visionOS=1.1	watchOS=10.2
45.circle.hi	iOS=17.2	macOS=14.2	tvOS=17.2	visionOS=1.1	watchOS=10.2
45.square.ar	iOS=17.2	macOS=14.2	tvOS=17.2	visionOS=1.1	watchOS=10.2
45.square.fill.ar	iOS=17.2	macOS=14.2	tvOS=17.2	visionOS=1.1	watchOS=10.2
45.square.fill.hi	iOS=17.2	macOS=14.2	tvOS=17.2	visionOS=1.1	watchOS=10.2
45.square.hi	iOS=17.2	macOS=14.2	tvOS=17.2	visionOS=1.1	watchOS=10.2
46.circle.ar	iOS=17.2	macOS=14.2	tvOS=17.2	visionOS=1.1	watchOS=10.2
46.circle.fill.ar	iOS=17.2	macOS=14.2	tvOS=17.2	visionOS=1.1	watchOS=10.2
46.circle.fill.hi	iOS=17.2	macOS=14.2	tvOS=17.2	visionOS=1.1	watchOS=10.2
46.circle.hi	iOS=17.2	macOS=14.2	tvOS=17.2	visionOS=1.1	watchOS=10.2
46.square.ar	iOS=17.2	macOS=14.2	tvOS=17.2	visionOS=1.1	watchOS=10.2
46.square.fill.ar	iOS=17.2	macOS=14.2	tvOS=17.2	visionOS=1.1	watchOS=10.2
46.square.fill.hi	iOS=17.2	macOS=14.2	tvOS=17.2	visionOS=1.1	watchOS=10.2
46.square.hi	iOS=17.2	macOS=14.2	tvOS=17.2	visionOS=1.1	watchOS=10.2
47.circle.ar	iOS=17.2	macOS=14.2	tvOS=17.2	visionOS=1.1	watchOS=10.2
47.circle.fill.ar	iOS=17.2	macOS=14.2	tvOS=17.2	visionOS=1.1	watchOS=10.2
47.circle.fill.hi	iOS=17.2	macOS=14.2	tvOS=17.2	visionOS=1.1	watchOS=10.2
47.circle.hi	iOS=17.2	macOS=14.2	tvOS=17.2	visionOS=1.1	watchOS=10.2
47.square.ar	iOS=17.2	macOS=14.2	tvOS=17.2	visionOS=1.1	watchOS=10.2
47.square.fill.ar	iOS=17.2	macOS=14.2	tvOS=17.2	visionOS=1.1	watchOS=10.2
47.square.fill.hi	iOS=17.2	macOS=14.2	tvOS=17.2	visionOS=1.1	watchOS=10.2
47.square.hi	iOS=17.2	macOS=14.2	tvOS=17.2	visionOS=1.1	watchOS=10.2
48.circle.ar	iOS=17.2	macOS=14.2	tvOS=17.2	visionOS=1.1	watchOS=10.2
48.circle.fill.ar	iOS=17.2	macOS=14.2	tvOS=17.2	visionOS=1.1	watchOS=10.2
48.circle.fill.hi	iOS=17.2	macOS=14.2	tvOS=17.2	visionOS=1.1	watchOS=10.2
48.circle.hi	iOS=17.2	macOS=14.2	tvOS=17.2	visionOS=1.1	watchOS=10.2
48.square.ar	iOS=17.2	macOS=14.2	tvOS=17.2	visionOS=1.1	watchOS=10.2
48.square.fill.ar	iOS=17.2	macOS=14.2	tvOS=17.2	visionOS=1.1	watchOS=10.2
48.square.fill.hi	iOS=17.2	macOS=14.2	tvOS=17.2	visionOS=1.1	watchOS=10.2
48.square.hi	iOS=17.2	macOS=14.2	tvOS=17.2	visionOS=1.1	watchOS=10.2
49.circle.ar	iOS=17.2	macOS=14.2	tvOS=17.2	visionOS=1.1	watchOS=10.2
49.circle.fill.ar	iOS=17.2	macOS=14.2	tvOS=17.2	visionOS=1.1	watchOS=10.2
49.circle.fill.hi	iOS=17.2	macOS=14.2	tvOS=17.2	visionOS=1.1	watchOS=10.2
49.circle.hi	iOS=17.2	macOS=14.2	tvOS=17.2	visionOS=1.1	watchOS=10.2
49.square.ar	iOS=17.2	macOS=14.2	tvOS=17.2	visionOS=1.1	watchOS=10.2
49.square.fill.ar	iOS=17.2	macOS=14.2	tvOS=17.2	visionOS=1.1	watchOS=10.2
49.square.fill.hi	iOS=17.2	macOS=14.2	tvOS=17.2	visionOS=1.1	watchOS=10.2
49.square.hi	iOS=17.2	macOS=14.2	tvOS=17.2	visionOS=1.1	watchOS=10.2
5.circle.fill.hi	iOS=17.2	macOS=14.2	tvOS=17.2	visionOS=1.1	watchOS=10.2
5.circle.hi	iOS=17.2	macOS=14.2	tvOS=17.2	visionOS=1.1	watchOS=10.2
5.square.fill.hi	iOS=17.2	macOS=14.2	tvOS=17.2	visionOS=1.1	watchOS=10.2
5.square.hi	iOS=17.2	macOS=14.2	tvOS=17.2	visionOS=1.1	watchOS=10.2
50.circle.ar	iOS=17.2	macOS=14.2	tvOS=17.2	visionOS=1.1	watchOS=10.2
50.circle.fill.ar	iOS=17.2	macOS=14.2	tvOS=17.2	visionOS=1.1	watchOS=10.2
50.circle.fill.hi	iOS=17.2	macOS=14.2	tvOS=17.2	visionOS=1.1	watchOS=10.2
50.circle.hi	iOS=17.2	macOS=14.2	tvOS=17.2	visionOS=1.1	watchOS=10.2
50.square.ar	iOS=17.2	macOS=14.2	tvOS=17.2	visionOS=1.1	watchOS=10.2
50.square.fill.ar	iOS=17.2	macOS=14.2	tvOS=17.2	visionOS=1.1	watchOS=10.2
50.square.fill.hi	iOS=17.2	macOS=14.2	tvOS=17.2	visionOS=1.1	watchOS=10.2
50.square.hi	iOS=17.2	macOS=14.2	tvOS=17.2	visionOS=1.1	watchOS=10.2
6.circle.fill.hi	iOS=17.2	macOS=14.2	tvOS=17.2	visionOS=1.1	watchOS=10.2
6.circle.hi	iOS=17.2	macOS=14.2	tvOS=17.2	visionOS=1.1	watchOS=10.2
6.square.fill.hi	iOS=17.2	macOS=14.2	tvOS=17.2	visionOS=1.1	watchOS=10.2
6.square.hi	iOS=17.2	macOS=14.2	tvOS=17.2	visionOS=1.1	watchOS=10.2
7.circle.fill.hi	iOS=17.2	macOS=14.2	tvOS=17.2	visionOS=1.1	watchOS=10.2
7.circle.hi	iOS=17.2	macOS=14.2	tvOS=17.2	visionOS=1.1	watchOS=10.2
7.square.fill.hi	iOS=17.2	macOS=14.2	tvOS=17.2	visionOS=1.1	watchOS=10.2
7.square.hi	iOS=17.2	macOS=14.2	tvOS=17.2	visionOS=1.1	watchOS=10.2
8.circle.fill.hi	iOS=17.2	macOS=14.2	tvOS=17.2	visionOS=1.1	watchOS=10.2
8.circle.hi	iOS=17.2	macOS=14.2	tvOS=17.2	visionOS=1.1	watchOS=10.2
8.square.fill.hi	iOS=17.2	macOS=14.2	tvOS=17.2	visionOS=1.1	watchOS=10.2
8.square.hi	iOS=17.2	macOS=14.2	tvOS=17.2	visionOS=1.1	watchOS=10.2
9.circle.fill.hi	iOS=17.2	macOS=14.2	tvOS=17.2	visionOS=1.1	watchOS=10.2
9.circle.hi	iOS=17.2	macOS=14.2	tvOS=17.2	visionOS=1.1	watchOS=10.2
9.square.fill.hi	iOS=17.2	macOS=14.2	tvOS=17.2	visionOS=1.1	watchOS=10.2
9.square.hi	iOS=17.2	macOS=14.2	tvOS=17.2	visionOS=1.1	watchOS=10.2
square.and.arrow.up.badge.clock	iOS=17.2	macOS=14.2	tvOS=17.2	visionOS=1.1	watchOS=10.2
square.and.arrow.up.badge.clock.fill	iOS=17.2	macOS=14.2	tvOS=17.2	visionOS=1.1	watchOS=10.2
apple.meditate	iOS=17.4	macOS=14.4	tvOS=17.4	visionOS=1.1	watchOS=10.4
apple.meditate.square.stack	iOS=17.4	macOS=14.4	tvOS=17.4	visionOS=1.1	watchOS=10.4
apple.meditate.square.stack.fill	iOS=17.4	macOS=14.4	tvOS=17.4	visionOS=1.1	watchOS=10.4
apple.terminal.circle	iOS=17.4	macOS=14.4	tvOS=17.4	visionOS=1.1	watchOS=10.4
apple.terminal.circle.fill	iOS=17.4	macOS=14.4	tvOS=17.4	visionOS=1.1	watchOS=10.4
arrow.down.app.dashed	iOS=17.4	macOS=14.4	tvOS=17.4	visionOS=1.1	watchOS=10.4
arrow.down.app.dashed.trianglebadge.exclamationmark	iOS=17.4	macOS=14.4	tvOS=17.4	visionOS=1.1	watchOS=10.4
audio.jack.mono	iOS=17.4	macOS=14.4	tvOS=17.4	visionOS=1.1	watchOS=10.4
audio.jack.stereo	iOS=17.4	macOS=14.4	tvOS=17.4	visionOS=1.1	watchOS=10.4
ipad.badge.exclamationmark	iOS=17.4	macOS=14.4	tvOS=17.4	visionOS=1.1	watchOS=10.4
ipad.gen1.badge.exclamationmark	iOS=17.4	macOS=14.4	tvOS=17.4	visionOS=1.1	watchOS=10.4
ipad.gen1.landscape.badge.exclamationmark	iOS=17.4	macOS=14.4	tvOS=17.4	visionOS=1.1	watchOS=10.4
ipad.gen2.badge.exclamationmark	iOS=17.4	macOS=14.4	tvOS=17.4	visionOS=1.1	watchOS=10.4
ipad.gen2.landscape.badge.exclamationmark	iOS=17.4	macOS=14.4	tvOS=17.4	visionOS=1.1	watchOS=10.4
ipad.landscape.badge.exclamationmark	iOS=17.4	macOS=14.4	tvOS=17.4	visionOS=1.1	watchOS=10.4
iphone.badge.exclamationmark	iOS=17.4	macOS=14.4	tvOS=17.4	visionOS=1.1	watchOS=10.4
iphone.gen1.badge.exclamationmark	iOS=17.4	macOS=14.4	tvOS=17.4	visionOS=1.1	watchOS=10.4
iphone.gen2.badge.exclamationmark	iOS=17.4	macOS=14.4	tvOS=17.4	visionOS=1.1	watchOS=10.4
iphone.gen3.badge.exclamationmark	iOS=17.4	macOS=14.4	tvOS=17.4	visionOS=1.1	watchOS=10.4
medal.star	iOS=17.4	macOS=14.4	tvOS=17.4	visionOS=1.1	watchOS=10.4
medal.star.fill	iOS=17.4	macOS=14.4	tvOS=17.4	visionOS=1.1	watchOS=10.4
plus.circle.dashed	iOS=17.4	macOS=14.4	tvOS=17.4	visionOS=1.1	watchOS=10.4
translate	iOS=17.4	macOS=14.4	tvOS=17.4	visionOS=1.1	watchOS=10.4
beats.pill	iOS=17.6	macOS=14.6	tvOS=17.6	visionOS=1.3	watchOS=10.6
beats.pill.fill	iOS=17.6	macOS=14.6	tvOS=17.6	visionOS=1.3	watchOS=10.6
beats.solobuds	iOS=17.6	macOS=14.6	tvOS=17.6	visionOS=1.3	watchOS=10.6
beats.solobuds.chargingcase	iOS=17.6	macOS=14.6	tvOS=17.6	visionOS=1.3	watchOS=10.6
beats.solobuds.chargingcase.fill	iOS=17.6	macOS=14.6	tvOS=17.6	visionOS=1.3	watchOS=10.6
beats.solobuds.left	iOS=17.6	macOS=14.6	tvOS=17.6	visionOS=1.3	watchOS=10.6
beats.solobuds.right	iOS=17.6	macOS=14.6	tvOS=17.6	visionOS=1.3	watchOS=10.6
10.arrow.trianglehead.clockwise	iOS=18.0	macOS=15.0	tvOS=18.0	visionOS=2.0	watchOS=11.0
10.arrow.trianglehead.clockwise.ar	iOS=18.0	macOS=15.0	tvOS=18.0	visionOS=2.0	watchOS=11.0
10.arrow.trianglehead.clockwise.hi	iOS=18.0	macOS=15.0	tvOS=18.0	visionOS=2.0	watchOS=11.0
10.arrow.trianglehead.counterclockwise	iOS=18.0	macOS=15.0	tvOS=18.0	visionOS=2.0	watchOS=11.0
10.arrow.trianglehead.counterclockwise.ar	iOS=18.0	macOS=15.0	tvOS=18.0	visionOS=2.0	watchOS=11.0
10.arrow.trianglehead.counterclockwise.hi	iOS=18.0	macOS=15.0	tvOS=18.0	visionOS=2.0	watchOS=11.0
15.arrow.trianglehead.clockwise	iOS=18.0	macOS=15.0	tvOS=18.0	visionOS=2.0	watchOS=11.0
15.arrow.trianglehead.clockwise.ar	iOS=18.0	macOS=15.0	tvOS=18.0	visionOS=2.0	watchOS=11.0
15.arrow.trianglehead.clockwise.hi	iOS=18.0	macOS=15.0	tvOS=18.0	visionOS=2.0	watchOS=11.0
15.arrow.trianglehead.counterclockwise	iOS=18.0	macOS=15.0	tvOS=18.0	visionOS=2.0	watchOS=11.0
15.arrow.trianglehead.counterclockwise.ar	iOS=18.0	macOS=15.0	tvOS=18.0	visionOS=2.0	watchOS=11.0
15.arrow.trianglehead.counterclockwise.hi	iOS=18.0	macOS=15.0	tvOS=18.0	visionOS=2.0	watchOS=11.0
30.arrow.trianglehead.clockwise	iOS=18.0	macOS=15.0	tvOS=18.0	visionOS=2.0	watchOS=11.0
30.arrow.trianglehead.clockwise.ar	iOS=18.0	macOS=15.0	tvOS=18.0	visionOS=2.0	watchOS=11.0
30.arrow.trianglehead.clockwise.hi	iOS=18.0	macOS=15.0	tvOS=18.0	visionOS=2.0	watchOS=11.0
30.arrow.trianglehead.counterclockwise	iOS=18.0	macOS=15.0	tvOS=18.0	visionOS=2.0	watchOS=11.0
30.arrow.trianglehead.counterclockwise.ar	iOS=18.0	macOS=15.0	tvOS=18.0	visionOS=2.0	watchOS=11.0
30.arrow.trianglehead.counterclockwise.hi	iOS=18.0	macOS=15.0	tvOS=18.0	visionOS=2.0	watchOS=11.0
45.arrow.trianglehead.clockwise	iOS=18.0	macOS=15.0	tvOS=18.0	visionOS=2.0	watchOS=11.0
45.arrow.trianglehead.clockwise.ar	iOS=18.0	macOS=15.0	tvOS=18.0	visionOS=2.0	watchOS=11.0
45.arrow.trianglehead.clockwise.hi	iOS=18.0	macOS=15.0	tvOS=18.0	visionOS=2.0	watchOS=11.0
45.arrow.trianglehead.counterclockwise	iOS=18.0	macOS=15.0	tvOS=18.0	visionOS=2.0	watchOS=11.0
45.arrow.trianglehead.counterclockwise.ar	iOS=18.0	macOS=15.0	tvOS=18.0	visionOS=2.0	watchOS=11.0
45.arrow.trianglehead.counterclockwise.hi	iOS=18.0	macOS=15.0	tvOS=18.0	visionOS=2.0	watchOS=11.0
5.arrow.trianglehead.clockwise	iOS=18.0	macOS=15.0	tvOS=18.0	visionOS=2.0	watchOS=11.0
5.arrow.trianglehead.clockwise.ar	iOS=18.0	macOS=15.0	tvOS=18.0	visionOS=2.0	watchOS=11.0
5.arrow.trianglehead.clockwise.hi	iOS=18.0	macOS=15.0	tvOS=18.0	visionOS=2.0	watchOS=11.0
5.arrow.trianglehead.counterclockwise	iOS=18.0	macOS=15.0	tvOS=18.0	visionOS=2.0	watchOS=11.0
5.arrow.trianglehead.counterclockwise.ar	iOS=18.0	macOS=15.0	tvOS=18.0	visionOS=2.0	watchOS=11.0
5.arrow.trianglehead.counterclockwise.hi	iOS=18.0	macOS=15.0	tvOS=18.0	visionOS=2.0	watchOS=11.0
60.arrow.trianglehead.clockwise	iOS=18.0	macOS=15.0	tvOS=18.0	visionOS=2.0	watchOS=11.0
60.arrow.trianglehead.clockwise.ar	iOS=18.0	macOS=15.0	tvOS=18.0	visionOS=2.0	watchOS=11.0
60.arrow.trianglehead.clockwise.hi	iOS=18.0	macOS=15.0	tvOS=18.0	visionOS=2.0	watchOS=11.0
60.arrow.trianglehead.counterclockwise	iOS=18.0	macOS=15.0	tvOS=18.0	visionOS=2.0	watchOS=11.0
60.arrow.trianglehead.counterclockwise.ar	iOS=18.0	macOS=15.0	tvOS=18.0	visionOS=2.0	watchOS=11.0
60.arrow.trianglehead.counterclockwise.hi	iOS=18.0	macOS=15.0	tvOS=18.0	visionOS=2.0	watchOS=11.0
75.arrow.trianglehead.clockwise	iOS=18.0	macOS=15.0	tvOS=18.0	visionOS=2.0	watchOS=11.0
75.arrow.trianglehead.clockwise.ar	iOS=18.0	macOS=15.0	tvOS=18.0	visionOS=2.0	watchOS=11.0
75.arrow.trianglehead.clockwise.hi	iOS=18.0	macOS=15.0	tvOS=18.0	visionOS=2.0	watchOS=11.0
75.arrow.trianglehead.counterclockwise	iOS=18.0	macOS=15.0	tvOS=18.0	visionOS=2.0	watchOS=11.0
75.arrow.trianglehead.counterclockwise.ar	iOS=18.0	macOS=15.0	tvOS=18.0	visionOS=2.0	watchOS=11.0
75.arrow.trianglehead.counterclockwise.hi	iOS=18.0	macOS=15.0	tvOS=18.0	visionOS=2.0	watchOS=11.0
90.arrow.trianglehead.clockwise	iOS=18.0	macOS=15.0	tvOS=18.0	visionOS=2.0	watchOS=11.0
90.arrow.trianglehead.clockwise.ar	iOS=18.0	macOS=15.0	tvOS=18.0	visionOS=2.0	watchOS=11.0
90.arrow.trianglehead.clockwise.hi	iOS=18.0	macOS=15.0	tvOS=18.0	visionOS=2.0	watchOS=11.0
90.arrow.trianglehead.counterclockwise	iOS=18.0	macOS=15.0	tvOS=18.0	visionOS=2.0	watchOS=11.0
90.arrow.trianglehead.counterclockwise.ar	iOS=18.0	macOS=15.0	tvOS=18.0	visionOS=2.0	watchOS=11.0
90.arrow.trianglehead.counterclockwise.hi	iOS=18.0	macOS=15.0	tvOS=18.0	visionOS=2.0	watchOS=11.0
air.car.side	iOS=18.0	macOS=15.0	tvOS=18.0	visionOS=2.0	watchOS=11.0
air.car.side.fill	iOS=18.0	macOS=15.0	tvOS=18.0	visionOS=2.0	watchOS=11.0
air.convertible.side	iOS=18.0	macOS=15.0	tvOS=18.0	visionOS=2.0	watchOS=11.0
air.convertible.side.fill	iOS=18.0	macOS=15.0	tvOS=18.0	visionOS=2.0	watchOS=11.0
air.pickup.side	iOS=18.0	macOS=15.0	tvOS=18.0	visionOS=2.0	watchOS=11.0
air.pickup.side.fill	iOS=18.0	macOS=15.0	tvOS=18.0	visionOS=2.0	watchOS=11.0
air.suv.side	iOS=18.0	macOS=15.0	tvOS=18.0	visionOS=2.0	watchOS=11.0
air.suv.side.fill	iOS=18.0	macOS=15.0	tvOS=18.0	visionOS=2.0	watchOS=11.0
airplay.audio	iOS=18.0	macOS=15.0	tvOS=18.0	visionOS=2.0	watchOS=11.0
airplay.audio.badge.exclamationmark	iOS=18.0	macOS=15.0	tvOS=18.0	visionOS=2.0	watchOS=11.0
airplay.audio.circle	iOS=18.0	macOS=15.0	tvOS=18.0	visionOS=2.0	watchOS=11.0
airplay.audio.circle.fill	iOS=18.0	macOS=15.0	tvOS=18.0	visionOS=2.0	watchOS=11.0
airplay.video	iOS=18.0	macOS=15.0	tvOS=18.0	visionOS=2.0	watchOS=11.0
airplay.video.badge.exclamationmark	iOS=18.0	macOS=15.0	tvOS=18.0	visionOS=2.0	watchOS=11.0
airplay.video.circle	iOS=18.0	macOS=15.0	tvOS=18.0	visionOS=2.0	watchOS=11.0
airplay.video.circle.fill	iOS=18.0	macOS=15.0	tvOS=18.0	visionOS=2.0	watchOS=11.0
airpods.max	iOS=18.0	macOS=15.0	tvOS=18.0	visionOS=2.0	watchOS=11.0
airpods.pro	iOS=18.0	macOS=15.0	tvOS=18.0	visionOS=2.0	watchOS=11.0
airpods.pro.chargingcase.wireless	iOS=18.0	macOS=15.0	tvOS=18.0	visionOS=2.0	watchOS=11.0
airpods.pro.chargingcase.wireless.fill	iOS=18.0	macOS=15.0	tvOS=18.0	visionOS=2.0	watchOS=11.0
airpods.pro.chargingcase.wireless.radiowaves.left.and.right	iOS=18.0	macOS=15.0	tvOS=18.0	visionOS=2.0	watchOS=11.0
airpods.pro.chargingcase.wireless.radiowaves.left.and.right.fill	iOS=18.0	macOS=15.0	tvOS=18.0	visionOS=2.0	watchOS=11.0
airpods.pro.left	iOS=18.0	macOS=15.0	tvOS=18.0	visionOS=2.0	watchOS=11.0
airpods.pro.right	iOS=18.0	macOS=15.0	tvOS=18.0	visionOS=2.0	watchOS=11.0
american.football	iOS=18.0	macOS=15.0	tvOS=18.0	visionOS=2.0	watchOS=11.0
american.football.circle	iOS=18.0	macOS=15.0	tvOS=18.0	visionOS=2.0	watchOS=11.0
american.football.circle.fill	iOS=18.0	macOS=15.0	tvOS=18.0	visionOS=2.0	watchOS=11.0
american.football.fill	iOS=18.0	macOS=15.0	tvOS=18.0	visionOS=2.0	watchOS=11.0
american.football.professional	iOS=18.0	macOS=15.0	tvOS=18.0	visionOS=2.0	watchOS=11.0
american.football.professional.circle	iOS=18.0	macOS=15.0	tvOS=18.0	visionOS=2.0	watchOS=11.0
american.football.professional.circle.fill	iOS=18.0	macOS=15.0	tvOS=18.0	visionOS=2.0	watchOS=11.0
american.football.professional.fill	iOS=18.0	macOS=15.0	tvOS=18.0	visionOS=2.0	watchOS=11.0
antenna.radiowaves.left.and.right.slash.circle	iOS=18.0	macOS=15.0	tvOS=18.0	visionOS=2.0	watchOS=11.0
antenna.radiowaves.left.and.right.slash.circle.fill	iOS=18.0	macOS=15.0	tvOS=18.0	visionOS=2.0	watchOS=11.0
app.badge.clock	iOS=18.0	macOS=15.0	tvOS=18.0	visionOS=2.0	watchOS=11.0
app.badge.clock.fill	iOS=18.0	macOS=15.0	tvOS=18.0	visionOS=2.0	watchOS=11.0
append.page	iOS=18.0	macOS=15.0	tvOS=18.0	visionOS=2.0	watchOS=11.0
append.page.fill	iOS=18.0	macOS=15.0	tvOS=18.0	visionOS=2.0	watchOS=11.0
append.page.fill.rtl	iOS=18.0	macOS=15.0	tvOS=18.0	visionOS=2.0	watchOS=11.0
append.page.rtl	iOS=18.0	macOS=15.0	tvOS=18.0	visionOS=2.0	watchOS=11.0
apple.haptics.and.exclamationmark.triangle	iOS=18.0	macOS=15.0	tvOS=18.0	visionOS=2.0	watchOS=11.0
apple.haptics.and.music.note	iOS=18.0	macOS=15.0	tvOS=18.0	visionOS=2.0	watchOS=11.0
apple.haptics.and.music.note.slash	iOS=18.0	macOS=15.0	tvOS=18.0	visionOS=2.0	watchOS=11.0
apple.image.playground	iOS=18.0	macOS=15.0	tvOS=18.0	visionOS=2.0	watchOS=11.0
apple.image.playground.fill	iOS=18.0	macOS=15.0	tvOS=18.0	visionOS=2.0	watchOS=11.0
apple.intelligence	iOS=18.0	macOS=15.0	tvOS=18.0	visionOS=2.0	watchOS=11.0
apple.meditate.circle	iOS=18.0	macOS=15.0	tvOS=18.0	visionOS=2.0	watchOS=11.0
apple.meditate.circle.fill	iOS=18.0	macOS=15.0	tvOS=18.0	visionOS=2.0	watchOS=11.0
applepencil.doubletap	iOS=18.0	macOS=15.0	tvOS=18.0	visionOS=2.0	watchOS=11.0
applepencil.hover	iOS=18.0	macOS=15.0	tvOS=18.0	visionOS=2.0	watchOS=11.0
applepencil.squeeze	iOS=18.0	macOS=15.0	tvOS=18.0	visionOS=2.0	watchOS=11.0
applewatch.case.sizes	iOS=18.0	macOS=15.0	tvOS=18.0	visionOS=2.0	watchOS=11.0
arcade.stick.and.arrow.left.and.arrow.right.outward	iOS=18.0	macOS=15.0	tvOS=18.0	visionOS=2.0	watchOS=11.0
arrow.backward.circle.dotted	iOS=18.0	macOS=15.0	tvOS=18.0	visionOS=2.0	watchOS=11.0
arrow.down.backward.and.arrow.up.forward.rectangle	iOS=18.0	macOS=15.0	tvOS=18.0	visionOS=2.0	watchOS=11.0
arrow.down.backward.and.arrow.up.forward.rectangle.fill	iOS=18.0	macOS=15.0	tvOS=18.0	visionOS=2.0	watchOS=11.0
arrow.down.backward.circle.dotted	iOS=18.0	macOS=15.0	tvOS=18.0	visionOS=2.0	watchOS=11.0
arrow.down.document	iOS=18.0	macOS=15.0	tvOS=18.0	visionOS=2.0	watchOS=11.0
arrow.down.document.fill	iOS=18.0	macOS=15.0	tvOS=18.0	visionOS=2.0	watchOS=11.0
arrow.down.forward.and.arrow.up.backward.rectangle	iOS=18.0	macOS=15.0	tvOS=18.0	visionOS=2.0	watchOS=11.0
arrow.down.forward.and.arrow.up.backward.rectangle.fill	iOS=18.0	macOS=15.0	tvOS=18.0	visionOS=2.0	watchOS=11.0
arrow.down.forward.circle.dotted	iOS=18.0	macOS=15.0	tvOS=18.0	visionOS=2.0	watchOS=11.0
arrow.down.left.and.arrow.up.right.rectangle	iOS=18.0	macOS=15.0	tvOS=18.0	visionOS=2.0	watchOS=11.0
arrow.down.left.and.arrow.up.right.rectangle.fill	iOS=18.0	macOS=15.0	tvOS=18.0	visionOS=2.0	watchOS=11.0
arrow.down.left.circle.dotted	iOS=18.0	macOS=15.0	tvOS=18.0	visionOS=2.0	watchOS=11.0
arrow.down.right.and.arrow.up.left.rectangle	iOS=18.0	macOS=15.0	tvOS=18.0	visionOS=2.0	watchOS=11.0
arrow.down.right.and.arrow.up.left.rectangle.fill	iOS=18.0	macOS=15.0	tvOS=18.0	visionOS=2.0	watchOS=11.0
arrow.down.right.circle.dotted	iOS=18.0	macOS=15.0	tvOS=18.0	visionOS=2.0	watchOS=11.0
arrow.forward.circle.dotted	iOS=18.0	macOS=15.0	tvOS=18.0	visionOS=2.0	watchOS=11.0
arrow.left.circle.dotted	iOS=18.0	macOS=15.0	tvOS=18.0	visionOS=2.0	watchOS=11.0
arrow.right.circle.dotted	iOS=18.0	macOS=15.0	tvOS=18.0	visionOS=2.0	watchOS=11.0
arrow.right.filled.filter.arrow.right	iOS=18.0	macOS=15.0	tvOS=18.0	visionOS=2.0	watchOS=11.0
arrow.right.page.on.clipboard	iOS=18.0	macOS=15.0	tvOS=18.0	visionOS=2.0	watchOS=11.0
arrow.trianglehead.2.clockwise	iOS=18.0	macOS=15.0	tvOS=18.0	visionOS=2.0	watchOS=11.0
arrow.trianglehead.2.clockwise.rotate.90	iOS=18.0	macOS=15.0	tvOS=18.0	visionOS=2.0	watchOS=11.0
arrow.trianglehead.2.clockwise.rotate.90.camera	iOS=18.0	macOS=15.0	tvOS=18.0	visionOS=2.0	watchOS=11.0
arrow.trianglehead.2.clockwise.rotate.90.camera.fill	iOS=18.0	macOS=15.0	tvOS=18.0	visionOS=2.0	watchOS=11.0
arrow.trianglehead.2.clockwise.rotate.90.circle	iOS=18.0	macOS=15.0	tvOS=18.0	visionOS=2.0	watchOS=11.0
arrow.trianglehead.2.clockwise.rotate.90.circle.fill	iOS=18.0	macOS=15.0	tvOS=18.0	visionOS=2.0	watchOS=11.0
arrow.trianglehead.2.clockwise.rotate.90.icloud	iOS=18.0	macOS=15.0	tvOS=18.0	visionOS=2.0	watchOS=11.0
arrow.trianglehead.2.clockwise.rotate.90.icloud.fill	iOS=18.0	macOS=15.0	tvOS=18.0	visionOS=2.0	watchOS=11.0
arrow.trianglehead.2.clockwise.rotate.90.page.on.clipboard	iOS=18.0	macOS=15.0	tvOS=18.0	visionOS=2.0	watchOS=11.0
arrow.trianglehead.2.counterclockwise	iOS=18.0	macOS=15.0	tvOS=18.0	visionOS=2.0	watchOS=11.0
arrow.trianglehead.2.counterclockwise.rotate.90	iOS=18.0	macOS=15.0	tvOS=18.0	visionOS=2.0	watchOS=11.0
arrow.trianglehead.bottomleft.capsulepath.clockwise	iOS=18.0	macOS=15.0	tvOS=18.0	visionOS=2.0	watchOS=11.0
arrow.trianglehead.branch	iOS=18.0	macOS=15.0	tvOS=18.0	visionOS=2.0	watchOS=11.0
arrow.trianglehead.clockwise	iOS=18.0	macOS=15.0	tvOS=18.0	visionOS=2.0	watchOS=11.0
arrow.trianglehead.clockwise.heart	iOS=18.0	macOS=15.0	tvOS=18.0	visionOS=2.0	watchOS=11.0
arrow.trianglehead.clockwise.heart.fill	iOS=18.0	macOS=15.0	tvOS=18.0	visionOS=2.0	watchOS=11.0
arrow.trianglehead.clockwise.icloud	iOS=18.0	macOS=15.0	tvOS=18.0	visionOS=2.0	watchOS=11.0
arrow.trianglehead.clockwise.icloud.fill	iOS=18.0	macOS=15.0	tvOS=18.0	visionOS=2.0	watchOS=11.0
arrow.trianglehead.clockwise.rotate.90	iOS=18.0	macOS=15.0	tvOS=18.0	visionOS=2.0	watchOS=11.0
arrow.trianglehead.counterclockwise	iOS=18.0	macOS=15.0	tvOS=18.0	visionOS=2.0	watchOS=11.0
arrow.trianglehead.counterclockwise.icloud	iOS=18.0	macOS=15.0	tvOS=18.0	visionOS=2.0	watchOS=11.0
arrow.trianglehead.counterclockwise.icloud.fill	iOS=18.0	macOS=15.0	tvOS=18.0	visionOS=2.0	watchOS=11.0
arrow.trianglehead.counterclockwise.rotate.90	iOS=18.0	macOS=15.0	tvOS=18.0	visionOS=2.0	watchOS=11.0
arrow.trianglehead.left.and.right.righttriangle.left.righttriangle.right	iOS=18.0	macOS=15.0	tvOS=18.0	visionOS=2.0	watchOS=11.0
arrow.trianglehead.left.and.right.righttriangle.left.righttriangle.right.fill	iOS=18.0	macOS=15.0	tvOS=18.0	visionOS=2.0	watchOS=11.0
arrow.trianglehead.merge	iOS=18.0	macOS=15.0	tvOS=18.0	visionOS=2.0	watchOS=11.0
arrow.trianglehead.pull	iOS=18.0	macOS=15.0	tvOS=18.0	visionOS=2.0	watchOS=11.0
arrow.trianglehead.rectanglepath	iOS=18.0	macOS=15.0	tvOS=18.0	visionOS=2.0	watchOS=11.0
arrow.trianglehead.swap	iOS=18.0	macOS=15.0	tvOS=18.0	visionOS=2.0	watchOS=11.0
arrow.trianglehead.topright.capsulepath.clockwise	iOS=18.0	macOS=15.0	tvOS=18.0	visionOS=2.0	watchOS=11.0
arrow.trianglehead.turn.up.right.circle	iOS=18.0	macOS=15.0	tvOS=18.0	visionOS=2.0	watchOS=11.0
arrow.trianglehead.turn.up.right.circle.fill	iOS=18.0	macOS=15.0	tvOS=18.0	visionOS=2.0	watchOS=11.0
arrow.trianglehead.turn.up.right.diamond	iOS=18.0	macOS=15.0	tvOS=18.0	visionOS=2.0	watchOS=11.0
arrow.trianglehead.turn.up.right.diamond.fill	iOS=18.0	macOS=15.0	tvOS=18.0	visionOS=2.0	watchOS=11.0
arrow.trianglehead.up.and.down.righttriangle.up.righttriangle.down	iOS=18.0	macOS=15.0	tvOS=18.0	visionOS=2.0	watchOS=11.0
arrow.trianglehead.up.and.down.righttriangle.up.righttriangle.down.fill	iOS=18.0	macOS=15.0	tvOS=18.0	visionOS=2.0	watchOS=11.0
arrow.up.backward.and.arrow.down.forward.rectangle	iOS=18.0	macOS=15.0	tvOS=18.0	visionOS=2.0	watchOS=11.0
arrow.up.backward.and.arrow.down.forward.rectangle.fill	iOS=18.0	macOS=15.0	tvOS=18.0	visionOS=2.0	watchOS=11.0
arrow.up.backward.circle.dotted	iOS=18.0	macOS=15.0	tvOS=18.0	visionOS=2.0	watchOS=11.0
arrow.up.circle.dotted	iOS=18.0	macOS=15.0	tvOS=18.0	visionOS=2.0	watchOS=11.0
arrow.up.document	iOS=18.0	macOS=15.0	tvOS=18.0	visionOS=2.0	watchOS=11.0
arrow.up.document.fill	iOS=18.0	macOS=15.0	tvOS=18.0	visionOS=2.0	watchOS=11.0
arrow.up.forward.and.arrow.down.backward.rectangle	iOS=18.0	macOS=15.0	tvOS=18.0	visionOS=2.0	watchOS=11.0
arrow.up.forward.and.arrow.down.backward.rectangle.fill	iOS=18.0	macOS=15.0	tvOS=18.0	visionOS=2.0	watchOS=11.0
arrow.up.forward.circle.dotted	iOS=18.0	macOS=15.0	tvOS=18.0	visionOS=2.0	watchOS=11.0
arrow.up.left.and.arrow.down.right.rectangle	iOS=18.0	macOS=15.0	tvOS=18.0	visionOS=2.0	watchOS=11.0
arrow.up.left.and.arrow.down.right.rectangle.fill	iOS=18.0	macOS=15.0	tvOS=18.0	visionOS=2.0	watchOS=11.0
arrow.up.left.circle.dotted	iOS=18.0	macOS=15.0	tvOS=18.0	visionOS=2.0	watchOS=11.0
arrow.up.page.on.clipboard	iOS=18.0	macOS=15.0	tvOS=18.0	visionOS=2.0	watchOS=11.0
arrow.up.right.circle.dotted	iOS=18.0	macOS=15.0	tvOS=18.0	visionOS=2.0	watchOS=11.0
australian.football	iOS=18.0	macOS=15.0	tvOS=18.0	visionOS=2.0	watchOS=11.0
australian.football.circle	iOS=18.0	macOS=15.0	tvOS=18.0	visionOS=2.0	watchOS=11.0
australian.football.circle.fill	iOS=18.0	macOS=15.0	tvOS=18.0	visionOS=2.0	watchOS=11.0
australian.football.fill	iOS=18.0	macOS=15.0	tvOS=18.0	visionOS=2.0	watchOS=11.0
australiandollarsign.arrow.trianglehead.counterclockwise.rotate.90	iOS=18.0	macOS=15.0	tvOS=18.0	visionOS=2.0	watchOS=11.0
australiandollarsign.bank.building	iOS=18.0	macOS=15.0	tvOS=18.0	visionOS=2.0	watchOS=11.0
australiandollarsign.bank.building.fill	iOS=18.0	macOS=15.0	tvOS=18.0	visionOS=2.0	watchOS=11.0
australiandollarsign.gauge.chart.lefthalf.righthalf	iOS=18.0	macOS=15.0	tvOS=18.0	visionOS=2.0	watchOS=11.0
australiandollarsign.gauge.chart.leftthird.topthird.rightthird	iOS=18.0	macOS=15.0	tvOS=18.0	visionOS=2.0	watchOS=11.0
australiandollarsign.ring	iOS=18.0	macOS=15.0	tvOS=18.0	visionOS=2.0	watchOS=11.0
australiandollarsign.ring.dashed	iOS=18.0	macOS=15.0	tvOS=18.0	visionOS=2.0	watchOS=11.0
australsign.arrow.trianglehead.counterclockwise.rotate.90	iOS=18.0	macOS=15.0	tvOS=18.0	visionOS=2.0	watchOS=11.0
australsign.bank.building	iOS=18.0	macOS=15.0	tvOS=18.0	visionOS=2.0	watchOS=11.0
australsign.bank.building.fill	iOS=18.0	macOS=15.0	tvOS=18.0	visionOS=2.0	watchOS=11.0
australsign.gauge.chart.lefthalf.righthalf	iOS=18.0	macOS=15.0	tvOS=18.0	visionOS=2.0	watchOS=11.0
australsign.gauge.chart.leftthird.topthird.rightthird	iOS=18.0	macOS=15.0	tvOS=18.0	visionOS=2.0	watchOS=11.0
australsign.ring	iOS=18.0	macOS=15.0	tvOS=18.0	visionOS=2.0	watchOS=11.0
australsign.ring.dashed	iOS=18.0	macOS=15.0	tvOS=18.0	visionOS=2.0	watchOS=11.0
bahtsign.arrow.trianglehead.counterclockwise.rotate.90	iOS=18.0	macOS=15.0	tvOS=18.0	visionOS=2.0	watchOS=11.0
bahtsign.bank.building	iOS=18.0	macOS=15.0	tvOS=18.0	visionOS=2.0	watchOS=11.0
bahtsign.bank.building.fill	iOS=18.0	macOS=15.0	tvOS=18.0	visionOS=2.0	watchOS=11.0
bahtsign.gauge.chart.lefthalf.righthalf	iOS=18.0	macOS=15.0	tvOS=18.0	visionOS=2.0	watchOS=11.0
bahtsign.gauge.chart.leftthird.topthird.rightthird	iOS=18.0	macOS=15.0	tvOS=18.0	visionOS=2.0	watchOS=11.0
bahtsign.ring	iOS=18.0	macOS=15.0	tvOS=18.0	visionOS=2.0	watchOS=11.0
bahtsign.ring.dashed	iOS=18.0	macOS=15.0	tvOS=18.0	visionOS=2.0	watchOS=11.0
base.unit	iOS=18.0	macOS=15.0	tvOS=18.0	visionOS=2.0	watchOS=11.0
baseball.diamond.bases.outs.indicator	iOS=18.0	macOS=15.0	tvOS=18.0	visionOS=2.0	watchOS=11.0
batteryblock.stack	iOS=18.0	macOS=15.0	tvOS=18.0	visionOS=2.0	watchOS=11.0
batteryblock.stack.badge.snowflake	iOS=18.0	macOS=15.0	tvOS=18.0	visionOS=2.0	watchOS=11.0
batteryblock.stack.badge.snowflake.fill	iOS=18.0	macOS=15.0	tvOS=18.0	visionOS=2.0	watchOS=11.0
batteryblock.stack.fill	iOS=18.0	macOS=15.0	tvOS=18.0	visionOS=2.0	watchOS=11.0
batteryblock.stack.trianglebadge.exclamationmark	iOS=18.0	macOS=15.0	tvOS=18.0	visionOS=2.0	watchOS=11.0
batteryblock.stack.trianglebadge.exclamationmark.fill	iOS=18.0	macOS=15.0	tvOS=18.0	visionOS=2.0	watchOS=11.0
beats.powerbeats.pro	iOS=18.0	macOS=15.0	tvOS=18.0	visionOS=2.0	watchOS=11.0
beats.powerbeats.pro.chargingcase	iOS=18.0	macOS=15.0	tvOS=18.0	visionOS=2.0	watchOS=11.0
beats.powerbeats.pro.chargingcase.fill	iOS=18.0	macOS=15.0	tvOS=18.0	visionOS=2.0	watchOS=11.0
beats.powerbeats.pro.left	iOS=18.0	macOS=15.0	tvOS=18.0	visionOS=2.0	watchOS=11.0
beats.powerbeats.pro.right	iOS=18.0	macOS=15.0	tvOS=18.0	visionOS=2.0	watchOS=11.0
beats.studiobuds.left	iOS=18.0	macOS=15.0	tvOS=18.0	visionOS=2.0	watchOS=11.0
beats.studiobuds.plus	iOS=18.0	macOS=15.0	tvOS=18.0	visionOS=2.0	watchOS=11.0
beats.studiobuds.plus.chargingcase	iOS=18.0	macOS=15.0	tvOS=18.0	visionOS=2.0	watchOS=11.0
beats.studiobuds.plus.chargingcase.fill	iOS=18.0	macOS=15.0	tvOS=18.0	visionOS=2.0	watchOS=11.0
beats.studiobuds.plus.left	iOS=18.0	macOS=15.0	tvOS=18.0	visionOS=2.0	watchOS=11.0
beats.studiobuds.plus.right	iOS=18.0	macOS=15.0	tvOS=18.0	visionOS=2.0	watchOS=11.0
beats.studiobuds.right	iOS=18.0	macOS=15.0	tvOS=18.0	visionOS=2.0	watchOS=11.0
beziercurve	iOS=18.0	macOS=15.0	tvOS=18.0	visionOS=2.0	watchOS=11.0
bitcoinsign.arrow.trianglehead.counterclockwise.rotate.90	iOS=18.0	macOS=15.0	tvOS=18.0	visionOS=2.0	watchOS=11.0
bitcoinsign.bank.building	iOS=18.0	macOS=15.0	tvOS=18.0	visionOS=2.0	watchOS=11.0
bitcoinsign.bank.building.fill	iOS=18.0	macOS=15.0	tvOS=18.0	visionOS=2.0	watchOS=11.0
bitcoinsign.gauge.chart.lefthalf.righthalf	iOS=18.0	macOS=15.0	tvOS=18.0	visionOS=2.0	watchOS=11.0
bitcoinsign.gauge.chart.leftthird.topthird.rightthird	iOS=18.0	macOS=15.0	tvOS=18.0	visionOS=2.0	watchOS=11.0
bitcoinsign.ring	iOS=18.0	macOS=15.0	tvOS=18.0	visionOS=2.0	watchOS=11.0
bitcoinsign.ring.dashed	iOS=18.0	macOS=15.0	tvOS=18.0	visionOS=2.0	watchOS=11.0
brazilianrealsign.arrow.trianglehead.counterclockwise.rotate.90	iOS=18.0	macOS=15.0	tvOS=18.0	visionOS=2.0	watchOS=11.0
brazilianrealsign.bank.building	iOS=18.0	macOS=15.0	tvOS=18.0	visionOS=2.0	watchOS=11.0
brazilianrealsign.bank.building.fill	iOS=18.0	macOS=15.0	tvOS=18.0	visionOS=2.0	watchOS=11.0
brazilianrealsign.gauge.chart.lefthalf.righthalf	iOS=18.0	macOS=15.0	tvOS=18.0	visionOS=2.0	watchOS=11.0
brazilianrealsign.gauge.chart.leftthird.topthird.rightthird	iOS=18.0	macOS=15.0	tvOS=18.0	visionOS=2.0	watchOS=11.0
brazilianrealsign.ring	iOS=18.0	macOS=15.0	tvOS=18.0	visionOS=2.0	watchOS=11.0
brazilianrealsign.ring.dashed	iOS=18.0	macOS=15.0	tvOS=18.0	visionOS=2.0	watchOS=11.0
bubble.and.pencil	iOS=18.0	macOS=15.0	tvOS=18.0	visionOS=2.0	watchOS=11.0
bubble.and.pencil.rtl	iOS=18.0	macOS=15.0	tvOS=18.0	visionOS=2.0	watchOS=11.0
calendar.and.person	iOS=18.0	macOS=15.0	tvOS=18.0	visionOS=2.0	watchOS=11.0
camera.macro.slash	iOS=18.0	macOS=15.0	tvOS=18.0	visionOS=2.0	watchOS=11.0
camera.macro.slash.circle	iOS=18.0	macOS=15.0	tvOS=18.0	visionOS=2.0	watchOS=11.0
camera.macro.slash.circle.fill	iOS=18.0	macOS=15.0	tvOS=18.0	visionOS=2.0	watchOS=11.0
capsule.on.capsule	iOS=18.0	macOS=15.0	tvOS=18.0	visionOS=2.0	watchOS=11.0
capsule.on.capsule.fill	iOS=18.0	macOS=15.0	tvOS=18.0	visionOS=2.0	watchOS=11.0
capsule.on.rectangle	iOS=18.0	macOS=15.0	tvOS=18.0	visionOS=2.0	watchOS=11.0
capsule.on.rectangle.fill	iOS=18.0	macOS=15.0	tvOS=18.0	visionOS=2.0	watchOS=11.0
car.badge.gearshape	iOS=18.0	macOS=15.0	tvOS=18.0	visionOS=2.0	watchOS=11.0
car.badge.gearshape.fill	iOS=18.0	macOS=15.0	tvOS=18.0	visionOS=2.0	watchOS=11.0
car.front.waves.left.and.right.and.up	iOS=18.0	macOS=15.0	tvOS=18.0	visionOS=2.0	watchOS=11.0
car.front.waves.left.and.right.and.up.fill	iOS=18.0	macOS=15.0	tvOS=18.0	visionOS=2.0	watchOS=11.0
car.rear.and.tire.marks.off	iOS=18.0	macOS=15.0	tvOS=18.0	visionOS=2.0	watchOS=11.0
car.rear.hazardsign	iOS=18.0	macOS=15.0	tvOS=18.0	visionOS=2.0	watchOS=11.0
car.rear.hazardsign.fill	iOS=18.0	macOS=15.0	tvOS=18.0	visionOS=2.0	watchOS=11.0
car.rear.road.lane.distance.1	iOS=18.0	macOS=15.0	tvOS=18.0	visionOS=2.0	watchOS=11.0
car.rear.road.lane.distance.1.and.gauge.open.with.lines.needle.67percent.and.arrowtriangle	iOS=18.0	macOS=15.0	tvOS=18.0	visionOS=2.0	watchOS=11.0
car.rear.road.lane.distance.2	iOS=18.0	macOS=15.0	tvOS=18.0	visionOS=2.0	watchOS=11.0
car.rear.road.lane.distance.2.and.gauge.open.with.lines.needle.67percent.and.arrowtriangle	iOS=18.0	macOS=15.0	tvOS=18.0	visionOS=2.0	watchOS=11.0
car.rear.road.lane.distance.3	iOS=18.0	macOS=15.0	tvOS=18.0	visionOS=2.0	watchOS=11.0
car.rear.road.lane.distance.3.and.gauge.open.with.lines.needle.67percent.and.arrowtriangle	iOS=18.0	macOS=15.0	tvOS=18.0	visionOS=2.0	watchOS=11.0
car.rear.road.lane.distance.4	iOS=18.0	macOS=15.0	tvOS=18.0	visionOS=2.0	watchOS=11.0
car.rear.road.lane.distance.4.and.gauge.open.with.lines.needle.67percent.and.arrowtriangle	iOS=18.0	macOS=15.0	tvOS=18.0	visionOS=2.0	watchOS=11.0
car.rear.road.lane.distance.5	iOS=18.0	macOS=15.0	tvOS=18.0	visionOS=2.0	watchOS=11.0
car.rear.road.lane.distance.5.and.gauge.open.with.lines.needle.67percent.and.arrowtriangle	iOS=18.0	macOS=15.0	tvOS=18.0	visionOS=2.0	watchOS=11.0
car.rear.road.lane.off	iOS=18.0	macOS=15.0	tvOS=18.0	visionOS=2.0	watchOS=11.0
car.rear.road.lane.wave.up	iOS=18.0	macOS=15.0	tvOS=18.0	visionOS=2.0	watchOS=11.0
car.rear.tilt.road.lanes.curved.right	iOS=18.0	macOS=15.0	tvOS=18.0	visionOS=2.0	watchOS=11.0
car.side.front.open.crop	iOS=18.0	macOS=15.0	tvOS=18.0	visionOS=2.0	watchOS=11.0
car.side.front.open.crop.fill	iOS=18.0	macOS=15.0	tvOS=18.0	visionOS=2.0	watchOS=11.0
car.side.hill.descent.control	iOS=18.0	macOS=15.0	tvOS=18.0	visionOS=2.0	watchOS=11.0
car.side.hill.descent.control.fill	iOS=18.0	macOS=15.0	tvOS=18.0	visionOS=2.0	watchOS=11.0
car.side.rear.and.exclamationmark.and.car.side.front.off	iOS=18.0	macOS=15.0	tvOS=18.0	visionOS=2.0	watchOS=11.0
car.side.rear.crop.trunk.partition	iOS=18.0	macOS=15.0	tvOS=18.0	visionOS=2.0	watchOS=11.0
car.side.rear.crop.trunk.partition.fill	iOS=18.0	macOS=15.0	tvOS=18.0	visionOS=2.0	watchOS=11.0
car.side.rear.open.crop	iOS=18.0	macOS=15.0	tvOS=18.0	visionOS=2.0	watchOS=11.0
car.side.rear.open.crop.fill	iOS=18.0	macOS=15.0	tvOS=18.0	visionOS=2.0	watchOS=11.0
car.side.rear.tow.hitch	iOS=18.0	macOS=15.0	tvOS=18.0	visionOS=2.0	watchOS=11.0
car.side.rear.tow.hitch.fill	iOS=18.0	macOS=15.0	tvOS=18.0	visionOS=2.0	watchOS=11.0
car.side.roof.cargo.carrier	iOS=18.0	macOS=15.0	tvOS=18.0	visionOS=2.0	watchOS=11.0
car.side.roof.cargo.carrier.fill	iOS=18.0	macOS=15.0	tvOS=18.0	visionOS=2.0	watchOS=11.0
car.side.roof.cargo.carrier.slash	iOS=18.0	macOS=15.0	tvOS=18.0	visionOS=2.0	watchOS=11.0
car.side.roof.cargo.carrier.slash.fill	iOS=18.0	macOS=15.0	tvOS=18.0	visionOS=2.0	watchOS=11.0
car.top.arrowtriangle.front.left	iOS=18.0	macOS=15.0	tvOS=18.0	visionOS=2.0	watchOS=11.0
car.top.arrowtriangle.front.left.fill	iOS=18.0	macOS=15.0	tvOS=18.0	visionOS=2.0	watchOS=11.0
car.top.arrowtriangle.front.right	iOS=18.0	macOS=15.0	tvOS=18.0	visionOS=2.0	watchOS=11.0
car.top.arrowtriangle.front.right.fill	iOS=18.0	macOS=15.0	tvOS=18.0	visionOS=2.0	watchOS=11.0
car.top.arrowtriangle.rear.left	iOS=18.0	macOS=15.0	tvOS=18.0	visionOS=2.0	watchOS=11.0
car.top.arrowtriangle.rear.left.fill	iOS=18.0	macOS=15.0	tvOS=18.0	visionOS=2.0	watchOS=11.0
car.top.arrowtriangle.rear.right	iOS=18.0	macOS=15.0	tvOS=18.0	visionOS=2.0	watchOS=11.0
car.top.arrowtriangle.rear.right.fill	iOS=18.0	macOS=15.0	tvOS=18.0	visionOS=2.0	watchOS=11.0
car.top.front.radiowaves.front.left.and.front.and.front.right	iOS=18.0	macOS=15.0	tvOS=18.0	visionOS=2.0	watchOS=11.0
car.top.front.radiowaves.front.left.and.front.and.front.right.fill	iOS=18.0	macOS=15.0	tvOS=18.0	visionOS=2.0	watchOS=11.0
car.top.radiowaves.rear.left.car.top.front	iOS=18.0	macOS=15.0	tvOS=18.0	visionOS=2.0	watchOS=11.0
car.top.radiowaves.rear.left.car.top.front.fill	iOS=18.0	macOS=15.0	tvOS=18.0	visionOS=2.0	watchOS=11.0
car.top.radiowaves.rear.right.car.top.front	iOS=18.0	macOS=15.0	tvOS=18.0	visionOS=2.0	watchOS=11.0
car.top.radiowaves.rear.right.car.top.front.fill	iOS=18.0	macOS=15.0	tvOS=18.0	visionOS=2.0	watchOS=11.0
car.top.rear.radiowaves.rear.left.and.rear.and.rear.right	iOS=18.0	macOS=15.0	tvOS=18.0	visionOS=2.0	watchOS=11.0
car.top.rear.radiowaves.rear.left.and.rear.and.rear.right.fill	iOS=18.0	macOS=15.0	tvOS=18.0	visionOS=2.0	watchOS=11.0
car.top.video.rear.left	iOS=18.0	macOS=15.0	tvOS=18.0	visionOS=2.0	watchOS=11.0
car.top.video.rear.left.fill	iOS=18.0	macOS=15.0	tvOS=18.0	visionOS=2.0	watchOS=11.0
car.top.video.rear.right	iOS=18.0	macOS=15.0	tvOS=18.0	visionOS=2.0	watchOS=11.0
car.top.video.rear.right.fill	iOS=18.0	macOS=15.0	tvOS=18.0	visionOS=2.0	watchOS=11.0
cart.badge.clock	iOS=18.0	macOS=15.0	tvOS=18.0	visionOS=2.0	watchOS=11.0
cart.badge.clock.fill	iOS=18.0	macOS=15.0	tvOS=18.0	visionOS=2.0	watchOS=11.0
cart.badge.clock.fill.rtl	iOS=18.0	macOS=15.0	tvOS=18.0	visionOS=2.0	watchOS=11.0
cart.badge.clock.rtl	iOS=18.0	macOS=15.0	tvOS=18.0	visionOS=2.0	watchOS=11.0
cedisign.arrow.trianglehead.counterclockwise.rotate.90	iOS=18.0	macOS=15.0	tvOS=18.0	visionOS=2.0	watchOS=11.0
cedisign.bank.building	iOS=18.0	macOS=15.0	tvOS=18.0	visionOS=2.0	watchOS=11.0
cedisign.bank.building.fill	iOS=18.0	macOS=15.0	tvOS=18.0	visionOS=2.0	watchOS=11.0
cedisign.gauge.chart.lefthalf.righthalf	iOS=18.0	macOS=15.0	tvOS=18.0	visionOS=2.0	watchOS=11.0
cedisign.gauge.chart.leftthird.topthird.rightthird	iOS=18.0	macOS=15.0	tvOS=18.0	visionOS=2.0	watchOS=11.0
cedisign.ring	iOS=18.0	macOS=15.0	tvOS=18.0	visionOS=2.0	watchOS=11.0
cedisign.ring.dashed	iOS=18.0	macOS=15.0	tvOS=18.0	visionOS=2.0	watchOS=11.0
centsign.arrow.trianglehead.counterclockwise.rotate.90	iOS=18.0	macOS=15.0	tvOS=18.0	visionOS=2.0	watchOS=11.0
centsign.bank.building	iOS=18.0	macOS=15.0	tvOS=18.0	visionOS=2.0	watchOS=11.0
centsign.bank.building.fill	iOS=18.0	macOS=15.0	tvOS=18.0	visionOS=2.0	watchOS=11.0
centsign.gauge.chart.lefthalf.righthalf	iOS=18.0	macOS=15.0	tvOS=18.0	visionOS=2.0	watchOS=11.0
centsign.gauge.chart.leftthird.topthird.rightthird	iOS=18.0	macOS=15.0	tvOS=18.0	visionOS=2.0	watchOS=11.0
centsign.ring	iOS=18.0	macOS=15.0	tvOS=18.0	visionOS=2.0	watchOS=11.0
centsign.ring.dashed	iOS=18.0	macOS=15.0	tvOS=18.0	visionOS=2.0	watchOS=11.0
character.bn	iOS=18.0	macOS=15.0	tvOS=18.0	visionOS=2.0	watchOS=11.0
character.circle	iOS=18.0	macOS=15.0	tvOS=18.0	visionOS=2.0	watchOS=11.0
character.circle.ar	iOS=18.0	macOS=15.0	tvOS=18.0	visionOS=2.0	watchOS=11.0
character.circle.fill	iOS=18.0	macOS=15.0	tvOS=18.0	visionOS=2.0	watchOS=11.0
character.circle.fill.ar	iOS=18.0	macOS=15.0	tvOS=18.0	visionOS=2.0	watchOS=11.0
character.circle.fill.he	iOS=18.0	macOS=15.0	tvOS=18.0	visionOS=2.0	watchOS=11.0
character.circle.fill.hi	iOS=18.0	macOS=15.0	tvOS=18.0	visionOS=2.0	watchOS=11.0
character.circle.fill.ja	iOS=18.0	macOS=15.0	tvOS=18.0	visionOS=2.0	watchOS=11.0
character.circle.fill.ko	iOS=18.0	macOS=15.0	tvOS=18.0	visionOS=2.0	watchOS=11.0
character.circle.fill.th	iOS=18.0	macOS=15.0	tvOS=18.0	visionOS=2.0	watchOS=11.0
character.circle.fill.zh	iOS=18.0	macOS=15.0	tvOS=18.0	visionOS=2.0	watchOS=11.0
character.circle.he	iOS=18.0	macOS=15.0	tvOS=18.0	visionOS=2.0	watchOS=11.0
character.circle.hi	iOS=18.0	macOS=15.0	tvOS=18.0	visionOS=2.0	watchOS=11.0
character.circle.ja	iOS=18.0	macOS=15.0	tvOS=18.0	visionOS=2.0	watchOS=11.0
character.circle.ko	iOS=18.0	macOS=15.0	tvOS=18.0	visionOS=2.0	watchOS=11.0
character.circle.th	iOS=18.0	macOS=15.0	tvOS=18.0	visionOS=2.0	watchOS=11.0
character.circle.zh	iOS=18.0	macOS=15.0	tvOS=18.0	visionOS=2.0	watchOS=11.0
character.gu	iOS=18.0	macOS=15.0	tvOS=18.0	visionOS=2.0	watchOS=11.0
character.kn	iOS=18.0	macOS=15.0	tvOS=18.0	visionOS=2.0	watchOS=11.0
character.ml	iOS=18.0	macOS=15.0	tvOS=18.0	visionOS=2.0	watchOS=11.0
character.mni	iOS=18.0	macOS=15.0	tvOS=18.0	visionOS=2.0	watchOS=11.0
character.mr	iOS=18.0	macOS=15.0	tvOS=18.0	visionOS=2.0	watchOS=11.0
character.or	iOS=18.0	macOS=15.0	tvOS=18.0	visionOS=2.0	watchOS=11.0
character.pa	iOS=18.0	macOS=15.0	tvOS=18.0	visionOS=2.0	watchOS=11.0
character.sat	iOS=18.0	macOS=15.0	tvOS=18.0	visionOS=2.0	watchOS=11.0
character.si	iOS=18.0	macOS=15.0	tvOS=18.0	visionOS=2.0	watchOS=11.0
character.square	iOS=18.0	macOS=15.0	tvOS=18.0	visionOS=2.0	watchOS=11.0
character.square.ar	iOS=18.0	macOS=15.0	tvOS=18.0	visionOS=2.0	watchOS=11.0
character.square.fill	iOS=18.0	macOS=15.0	tvOS=18.0	visionOS=2.0	watchOS=11.0
character.square.fill.ar	iOS=18.0	macOS=15.0	tvOS=18.0	visionOS=2.0	watchOS=11.0
character.square.fill.he	iOS=18.0	macOS=15.0	tvOS=18.0	visionOS=2.0	watchOS=11.0
character.square.fill.hi	iOS=18.0	macOS=15.0	tvOS=18.0	visionOS=2.0	watchOS=11.0
character.square.fill.ja	iOS=18.0	macOS=15.0	tvOS=18.0	visionOS=2.0	watchOS=11.0
character.square.fill.ko	iOS=18.0	macOS=15.0	tvOS=18.0	visionOS=2.0	watchOS=11.0
character.square.fill.th	iOS=18.0	macOS=15.0	tvOS=18.0	visionOS=2.0	watchOS=11.0
character.square.fill.zh	iOS=18.0	macOS=15.0	tvOS=18.0	visionOS=2.0	watchOS=11.0
character.square.he	iOS=18.0	macOS=15.0	tvOS=18.0	visionOS=2.0	watchOS=11.0
character.square.hi	iOS=18.0	macOS=15.0	tvOS=18.0	visionOS=2.0	watchOS=11.0
character.square.ja	iOS=18.0	macOS=15.0	tvOS=18.0	visionOS=2.0	watchOS=11.0
character.square.ko	iOS=18.0	macOS=15.0	tvOS=18.0	visionOS=2.0	watchOS=11.0
character.square.th	iOS=18.0	macOS=15.0	tvOS=18.0	visionOS=2.0	watchOS=11.0
character.square.zh	iOS=18.0	macOS=15.0	tvOS=18.0	visionOS=2.0	watchOS=11.0
character.ta	iOS=18.0	macOS=15.0	tvOS=18.0	visionOS=2.0	watchOS=11.0
character.te	iOS=18.0	macOS=15.0	tvOS=18.0	visionOS=2.0	watchOS=11.0
characters.lowercase	iOS=18.0	macOS=15.0	tvOS=18.0	visionOS=2.0	watchOS=11.0
characters.lowercase.el	iOS=18.0	macOS=15.0	tvOS=18.0	visionOS=2.0	watchOS=11.0
characters.lowercase.ru	iOS=18.0	macOS=15.0	tvOS=18.0	visionOS=2.0	watchOS=11.0
characters.uppercase	iOS=18.0	macOS=15.0	tvOS=18.0	visionOS=2.0	watchOS=11.0
characters.uppercase.el	iOS=18.0	macOS=15.0	tvOS=18.0	visionOS=2.0	watchOS=11.0
characters.uppercase.ru	iOS=18.0	macOS=15.0	tvOS=18.0	visionOS=2.0	watchOS=11.0
chart.bar.horizontal.page	iOS=18.0	macOS=15.0	tvOS=18.0	visionOS=2.0	watchOS=11.0
chart.bar.horizontal.page.fill	iOS=18.0	macOS=15.0	tvOS=18.0	visionOS=2.0	watchOS=11.0
chart.bar.yaxis	iOS=18.0	macOS=15.0	tvOS=18.0	visionOS=2.0	watchOS=11.0
chart.line.text.clipboard	iOS=18.0	macOS=15.0	tvOS=18.0	visionOS=2.0	watchOS=11.0
chart.line.text.clipboard.fill	iOS=18.0	macOS=15.0	tvOS=18.0	visionOS=2.0	watchOS=11.0
checkmark.arrow.trianglehead.counterclockwise	iOS=18.0	macOS=15.0	tvOS=18.0	visionOS=2.0	watchOS=11.0
checkmark.seal.text.page	iOS=18.0	macOS=15.0	tvOS=18.0	visionOS=2.0	watchOS=11.0
checkmark.seal.text.page.fill	iOS=18.0	macOS=15.0	tvOS=18.0	visionOS=2.0	watchOS=11.0
checkmark.seal.text.page.fill.rtl	iOS=18.0	macOS=15.0	tvOS=18.0	visionOS=2.0	watchOS=11.0
checkmark.seal.text.page.rtl	iOS=18.0	macOS=15.0	tvOS=18.0	visionOS=2.0	watchOS=11.0
chevron.backward.chevron.backward.dotted	iOS=18.0	macOS=15.0	tvOS=18.0	visionOS=2.0	watchOS=11.0
chevron.compact.left.chevron.compact.right	iOS=18.0	macOS=15.0	tvOS=18.0	visionOS=2.0	watchOS=11.0
chevron.compact.up.chevron.compact.down	iOS=18.0	macOS=15.0	tvOS=18.0	visionOS=2.0	watchOS=11.0
chevron.compact.up.chevron.compact.right.chevron.compact.down.chevron.compact.left	iOS=18.0	macOS=15.0	tvOS=18.0	visionOS=2.0	watchOS=11.0
chevron.down.2	iOS=18.0	macOS=15.0	tvOS=18.0	visionOS=2.0	watchOS=11.0
chevron.down.dotted.2	iOS=18.0	macOS=15.0	tvOS=18.0	visionOS=2.0	watchOS=11.0
chevron.down.forward.2	iOS=18.0	macOS=15.0	tvOS=18.0	visionOS=2.0	watchOS=11.0
chevron.down.forward.dotted.2	iOS=18.0	macOS=15.0	tvOS=18.0	visionOS=2.0	watchOS=11.0
chevron.down.right.2	iOS=18.0	macOS=15.0	tvOS=18.0	visionOS=2.0	watchOS=11.0
chevron.down.right.dotted.2	iOS=18.0	macOS=15.0	tvOS=18.0	visionOS=2.0	watchOS=11.0
chevron.forward.dotted.chevron.forward	iOS=18.0	macOS=15.0	tvOS=18.0	visionOS=2.0	watchOS=11.0
chevron.left.chevron.left.dotted	iOS=18.0	macOS=15.0	tvOS=18.0	visionOS=2.0	watchOS=11.0
chevron.left.chevron.right	iOS=18.0	macOS=15.0	tvOS=18.0	visionOS=2.0	watchOS=11.0
chevron.right.dotted.chevron.right	iOS=18.0	macOS=15.0	tvOS=18.0	visionOS=2.0	watchOS=11.0
chevron.up.2	iOS=18.0	macOS=15.0	tvOS=18.0	visionOS=2.0	watchOS=11.0
chevron.up.chevron.down.square	iOS=18.0	macOS=15.0	tvOS=18.0	visionOS=2.0	watchOS=11.0
chevron.up.chevron.down.square.fill	iOS=18.0	macOS=15.0	tvOS=18.0	visionOS=2.0	watchOS=11.0
chevron.up.chevron.right.chevron.down.chevron.left	iOS=18.0	macOS=15.0	tvOS=18.0	visionOS=2.0	watchOS=11.0
chevron.up.dotted.2	iOS=18.0	macOS=15.0	tvOS=18.0	visionOS=2.0	watchOS=11.0
chevron.up.forward.2	iOS=18.0	macOS=15.0	tvOS=18.0	visionOS=2.0	watchOS=11.0
chevron.up.forward.dotted.2	iOS=18.0	macOS=15.0	tvOS=18.0	visionOS=2.0	watchOS=11.0
chevron.up.right.2	iOS=18.0	macOS=15.0	tvOS=18.0	visionOS=2.0	watchOS=11.0
chevron.up.right.dotted.2	iOS=18.0	macOS=15.0	tvOS=18.0	visionOS=2.0	watchOS=11.0
chineseyuanrenminbisign.arrow.trianglehead.counterclockwise.rotate.90	iOS=18.0	macOS=15.0	tvOS=18.0	visionOS=2.0	watchOS=11.0
chineseyuanrenminbisign.bank.building	iOS=18.0	macOS=15.0	tvOS=18.0	visionOS=2.0	watchOS=11.0
chineseyuanrenminbisign.bank.building.fill	iOS=18.0	macOS=15.0	tvOS=18.0	visionOS=2.0	watchOS=11.0
chineseyuanrenminbisign.gauge.chart.lefthalf.righthalf	iOS=18.0	macOS=15.0	tvOS=18.0	visionOS=2.0	watchOS=11.0
chineseyuanrenminbisign.gauge.chart.leftthird.topthird.rightthird	iOS=18.0	macOS=15.0	tvOS=18.0	visionOS=2.0	watchOS=11.0
chineseyuanrenminbisign.ring	iOS=18.0	macOS=15.0	tvOS=18.0	visionOS=2.0	watchOS=11.0
chineseyuanrenminbisign.ring.dashed	iOS=18.0	macOS=15.0	tvOS=18.0	visionOS=2.0	watchOS=11.0
circle.bottomrighthalf.pattern.checkered	iOS=18.0	macOS=15.0	tvOS=18.0	visionOS=2.0	watchOS=11.0
clock.arrow.trianglehead.2.counterclockwise.rotate.90	iOS=18.0	macOS=15.0	tvOS=18.0	visionOS=2.0	watchOS=11.0
clock.arrow.trianglehead.counterclockwise.rotate.90	iOS=18.0	macOS=15.0	tvOS=18.0	visionOS=2.0	watchOS=11.0
cloud.rainbow.crop	iOS=18.0	macOS=15.0	tvOS=18.0	visionOS=2.0	watchOS=11.0
cloud.rainbow.crop.fill	iOS=18.0	macOS=15.0	tvOS=18.0	visionOS=2.0	watchOS=11.0
coat	iOS=18.0	macOS=15.0	tvOS=18.0	visionOS=2.0	watchOS=11.0
coat.fill	iOS=18.0	macOS=15.0	tvOS=18.0	visionOS=2.0	watchOS=11.0
coloncurrencysign.arrow.trianglehead.counterclockwise.rotate.90	iOS=18.0	macOS=15.0	tvOS=18.0	visionOS=2.0	watchOS=11.0
coloncurrencysign.bank.building	iOS=18.0	macOS=15.0	tvOS=18.0	visionOS=2.0	watchOS=11.0
coloncurrencysign.bank.building.fill	iOS=18.0	macOS=15.0	tvOS=18.0	visionOS=2.0	watchOS=11.0
coloncurrencysign.gauge.chart.lefthalf.righthalf	iOS=18.0	macOS=15.0	tvOS=18.0	visionOS=2.0	watchOS=11.0
coloncurrencysign.gauge.chart.leftthird.topthird.rightthird	iOS=18.0	macOS=15.0	tvOS=18.0	visionOS=2.0	watchOS=11.0
coloncurrencysign.ring	iOS=18.0	macOS=15.0	tvOS=18.0	visionOS=2.0	watchOS=11.0
coloncurrencysign.ring.dashed	iOS=18.0	macOS=15.0	tvOS=18.0	visionOS=2.0	watchOS=11.0
convertible.side	iOS=18.0	macOS=15.0	tvOS=18.0	visionOS=2.0	watchOS=11.0
convertible.side.air.circulate	iOS=18.0	macOS=15.0	tvOS=18.0	visionOS=2.0	watchOS=11.0
convertible.side.air.circulate.fill	iOS=18.0	macOS=15.0	tvOS=18.0	visionOS=2.0	watchOS=11.0
convertible.side.air.fresh	iOS=18.0	macOS=15.0	tvOS=18.0	visionOS=2.0	watchOS=11.0
convertible.side.air.fresh.fill	iOS=18.0	macOS=15.0	tvOS=18.0	visionOS=2.0	watchOS=11.0
convertible.side.and.exclamationmark	iOS=18.0	macOS=15.0	tvOS=18.0	visionOS=2.0	watchOS=11.0
convertible.side.and.exclamationmark.fill	iOS=18.0	macOS=15.0	tvOS=18.0	visionOS=2.0	watchOS=11.0
convertible.side.arrow.trianglehead.backward	iOS=18.0	macOS=15.0	tvOS=18.0	visionOS=2.0	watchOS=11.0
convertible.side.arrow.trianglehead.backward.fill	iOS=18.0	macOS=15.0	tvOS=18.0	visionOS=2.0	watchOS=11.0
convertible.side.arrow.trianglehead.forward	iOS=18.0	macOS=15.0	tvOS=18.0	visionOS=2.0	watchOS=11.0
convertible.side.arrow.trianglehead.forward.and.backward	iOS=18.0	macOS=15.0	tvOS=18.0	visionOS=2.0	watchOS=11.0
convertible.side.arrow.trianglehead.forward.and.backward.fill	iOS=18.0	macOS=15.0	tvOS=18.0	visionOS=2.0	watchOS=11.0
convertible.side.arrow.trianglehead.forward.fill	iOS=18.0	macOS=15.0	tvOS=18.0	visionOS=2.0	watchOS=11.0
convertible.side.arrowtriangle.down	iOS=18.0	macOS=15.0	tvOS=18.0	visionOS=2.0	watchOS=11.0
convertible.side.arrowtriangle.down.fill	iOS=18.0	macOS=15.0	tvOS=18.0	visionOS=2.0	watchOS=11.0
convertible.side.arrowtriangle.up	iOS=18.0	macOS=15.0	tvOS=18.0	visionOS=2.0	watchOS=11.0
convertible.side.arrowtriangle.up.arrowtriangle.down	iOS=18.0	macOS=15.0	tvOS=18.0	visionOS=2.0	watchOS=11.0
convertible.side.arrowtriangle.up.arrowtriangle.down.fill	iOS=18.0	macOS=15.0	tvOS=18.0	visionOS=2.0	watchOS=11.0
convertible.side.arrowtriangle.up.fill	iOS=18.0	macOS=15.0	tvOS=18.0	visionOS=2.0	watchOS=11.0
convertible.side.fill	iOS=18.0	macOS=15.0	tvOS=18.0	visionOS=2.0	watchOS=11.0
convertible.side.front.open	iOS=18.0	macOS=15.0	tvOS=18.0	visionOS=2.0	watchOS=11.0
convertible.side.front.open.crop	iOS=18.0	macOS=15.0	tvOS=18.0	visionOS=2.0	watchOS=11.0
convertible.side.front.open.crop.fill	iOS=18.0	macOS=15.0	tvOS=18.0	visionOS=2.0	watchOS=11.0
convertible.side.front.open.fill	iOS=18.0	macOS=15.0	tvOS=18.0	visionOS=2.0	watchOS=11.0
convertible.side.hill.descent.control	iOS=18.0	macOS=15.0	tvOS=18.0	visionOS=2.0	watchOS=11.0
convertible.side.hill.descent.control.fill	iOS=18.0	macOS=15.0	tvOS=18.0	visionOS=2.0	watchOS=11.0
convertible.side.hill.down	iOS=18.0	macOS=15.0	tvOS=18.0	visionOS=2.0	watchOS=11.0
convertible.side.hill.down.fill	iOS=18.0	macOS=15.0	tvOS=18.0	visionOS=2.0	watchOS=11.0
convertible.side.hill.up	iOS=18.0	macOS=15.0	tvOS=18.0	visionOS=2.0	watchOS=11.0
convertible.side.hill.up.fill	iOS=18.0	macOS=15.0	tvOS=18.0	visionOS=2.0	watchOS=11.0
convertible.side.lock	iOS=18.0	macOS=15.0	tvOS=18.0	visionOS=2.0	watchOS=11.0
convertible.side.lock.fill	iOS=18.0	macOS=15.0	tvOS=18.0	visionOS=2.0	watchOS=11.0
convertible.side.lock.open	iOS=18.0	macOS=15.0	tvOS=18.0	visionOS=2.0	watchOS=11.0
convertible.side.lock.open.fill	iOS=18.0	macOS=15.0	tvOS=18.0	visionOS=2.0	watchOS=11.0
cruzeirosign.arrow.trianglehead.counterclockwise.rotate.90	iOS=18.0	macOS=15.0	tvOS=18.0	visionOS=2.0	watchOS=11.0
cruzeirosign.bank.building	iOS=18.0	macOS=15.0	tvOS=18.0	visionOS=2.0	watchOS=11.0
cruzeirosign.bank.building.fill	iOS=18.0	macOS=15.0	tvOS=18.0	visionOS=2.0	watchOS=11.0
cruzeirosign.gauge.chart.lefthalf.righthalf	iOS=18.0	macOS=15.0	tvOS=18.0	visionOS=2.0	watchOS=11.0
cruzeirosign.gauge.chart.leftthird.topthird.rightthird	iOS=18.0	macOS=15.0	tvOS=18.0	visionOS=2.0	watchOS=11.0
cruzeirosign.ring	iOS=18.0	macOS=15.0	tvOS=18.0	visionOS=2.0	watchOS=11.0
cruzeirosign.ring.dashed	iOS=18.0	macOS=15.0	tvOS=18.0	visionOS=2.0	watchOS=11.0
cup.and.heat.waves	iOS=18.0	macOS=15.0	tvOS=18.0	visionOS=2.0	watchOS=11.0
cup.and.heat.waves.fill	iOS=18.0	macOS=15.0	tvOS=18.0	visionOS=2.0	watchOS=11.0
danishkronesign.arrow.trianglehead.counterclockwise.rotate.90	iOS=18.0	macOS=15.0	tvOS=18.0	visionOS=2.0	watchOS=11.0
danishkronesign.bank.building	iOS=18.0	macOS=15.0	tvOS=18.0	visionOS=2.0	watchOS=11.0
danishkronesign.bank.building.fill	iOS=18.0	macOS=15.0	tvOS=18.0	visionOS=2.0	watchOS=11.0
danishkronesign.gauge.chart.lefthalf.righthalf	iOS=18.0	macOS=15.0	tvOS=18.0	visionOS=2.0	watchOS=11.0
danishkronesign.gauge.chart.leftthird.topthird.rightthird	iOS=18.0	macOS=15.0	tvOS=18.0	visionOS=2.0	watchOS=11.0
danishkronesign.ring	iOS=18.0	macOS=15.0	tvOS=18.0	visionOS=2.0	watchOS=11.0
danishkronesign.ring.dashed	iOS=18.0	macOS=15.0	tvOS=18.0	visionOS=2.0	watchOS=11.0
degreesign.celsius	iOS=18.0	macOS=15.0	tvOS=18.0	visionOS=2.0	watchOS=11.0
degreesign.fahrenheit	iOS=18.0	macOS=15.0	tvOS=18.0	visionOS=2.0	watchOS=11.0
desktopcomputer.and.macbook	iOS=18.0	macOS=15.0	tvOS=18.0	visionOS=2.0	watchOS=11.0
distribute.horizontal	iOS=18.0	macOS=15.0	tvOS=18.0	visionOS=2.0	watchOS=11.0
distribute.horizontal.fill	iOS=18.0	macOS=15.0	tvOS=18.0	visionOS=2.0	watchOS=11.0
distribute.vertical	iOS=18.0	macOS=15.0	tvOS=18.0	visionOS=2.0	watchOS=11.0
distribute.vertical.fill	iOS=18.0	macOS=15.0	tvOS=18.0	visionOS=2.0	watchOS=11.0
document	iOS=18.0	macOS=15.0	tvOS=18.0	visionOS=2.0	watchOS=11.0
document.badge.arrow.up	iOS=18.0	macOS=15.0	tvOS=18.0	visionOS=2.0	watchOS=11.0
document.badge.arrow.up.fill	iOS=18.0	macOS=15.0	tvOS=18.0	visionOS=2.0	watchOS=11.0
document.badge.clock	iOS=18.0	macOS=15.0	tvOS=18.0	visionOS=2.0	watchOS=11.0
document.badge.clock.fill	iOS=18.0	macOS=15.0	tvOS=18.0	visionOS=2.0	watchOS=11.0
document.badge.ellipsis	iOS=18.0	macOS=15.0	tvOS=18.0	visionOS=2.0	watchOS=11.0
document.badge.ellipsis.fill	iOS=18.0	macOS=15.0	tvOS=18.0	visionOS=2.0	watchOS=11.0
document.badge.gearshape	iOS=18.0	macOS=15.0	tvOS=18.0	visionOS=2.0	watchOS=11.0
document.badge.gearshape.fill	iOS=18.0	macOS=15.0	tvOS=18.0	visionOS=2.0	watchOS=11.0
document.badge.plus	iOS=18.0	macOS=15.0	tvOS=18.0	visionOS=2.0	watchOS=11.0
document.badge.plus.fill	iOS=18.0	macOS=15.0	tvOS=18.0	visionOS=2.0	watchOS=11.0
document.circle	iOS=18.0	macOS=15.0	tvOS=18.0	visionOS=2.0	watchOS=11.0
document.circle.fill	iOS=18.0	macOS=15.0	tvOS=18.0	visionOS=2.0	watchOS=11.0
document.fill	iOS=18.0	macOS=15.0	tvOS=18.0	visionOS=2.0	watchOS=11.0
document.on.clipboard	iOS=18.0	macOS=15.0	tvOS=18.0	visionOS=2.0	watchOS=11.0
document.on.clipboard.fill	iOS=18.0	macOS=15.0	tvOS=18.0	visionOS=2.0	watchOS=11.0
document.on.document	iOS=18.0	macOS=15.0	tvOS=18.0	visionOS=2.0	watchOS=11.0
document.on.document.fill	iOS=18.0	macOS=15.0	tvOS=18.0	visionOS=2.0	watchOS=11.0
document.viewfinder	iOS=18.0	macOS=15.0	tvOS=18.0	visionOS=2.0	watchOS=11.0
document.viewfinder.fill	iOS=18.0	macOS=15.0	tvOS=18.0	visionOS=2.0	watchOS=11.0
dollarsign.arrow.trianglehead.counterclockwise.rotate.90	iOS=18.0	macOS=15.0	tvOS=18.0	visionOS=2.0	watchOS=11.0
dollarsign.bank.building	iOS=18.0	macOS=15.0	tvOS=18.0	visionOS=2.0	watchOS=11.0
dollarsign.bank.building.fill	iOS=18.0	macOS=15.0	tvOS=18.0	visionOS=2.0	watchOS=11.0
dollarsign.gauge.chart.lefthalf.righthalf	iOS=18.0	macOS=15.0	tvOS=18.0	visionOS=2.0	watchOS=11.0
dollarsign.gauge.chart.leftthird.topthird.rightthird	iOS=18.0	macOS=15.0	tvOS=18.0	visionOS=2.0	watchOS=11.0
dollarsign.ring	iOS=18.0	macOS=15.0	tvOS=18.0	visionOS=2.0	watchOS=11.0
dollarsign.ring.dashed	iOS=18.0	macOS=15.0	tvOS=18.0	visionOS=2.0	watchOS=11.0
dongsign.arrow.trianglehead.counterclockwise.rotate.90	iOS=18.0	macOS=15.0	tvOS=18.0	visionOS=2.0	watchOS=11.0
dongsign.bank.building	iOS=18.0	macOS=15.0	tvOS=18.0	visionOS=2.0	watchOS=11.0
dongsign.bank.building.fill	iOS=18.0	macOS=15.0	tvOS=18.0	visionOS=2.0	watchOS=11.0
dongsign.gauge.chart.lefthalf.righthalf	iOS=18.0	macOS=15.0	tvOS=18.0	visionOS=2.0	watchOS=11.0
dongsign.gauge.chart.leftthird.topthird.rightthird	iOS=18.0	macOS=15.0	tvOS=18.0	visionOS=2.0	watchOS=11.0
dongsign.ring	iOS=18.0	macOS=15.0	tvOS=18.0	visionOS=2.0	watchOS=11.0
dongsign.ring.dashed	iOS=18.0	macOS=15.0	tvOS=18.0	visionOS=2.0	watchOS=11.0
drone	iOS=18.0	macOS=15.0	tvOS=18.0	visionOS=2.0	watchOS=11.0
drone.fill	iOS=18.0	macOS=15.0	tvOS=18.0	visionOS=2.0	watchOS=11.0
duffle.bag	iOS=18.0	macOS=15.0	tvOS=18.0	visionOS=2.0	watchOS=11.0
duffle.bag.fill	iOS=18.0	macOS=15.0	tvOS=18.0	visionOS=2.0	watchOS=11.0
ecg.text.page	iOS=18.0	macOS=15.0	tvOS=18.0	visionOS=2.0	watchOS=11.0
ecg.text.page.fill	iOS=18.0	macOS=15.0	tvOS=18.0	visionOS=2.0	watchOS=11.0
ecg.text.page.fill.rtl	iOS=18.0	macOS=15.0	tvOS=18.0	visionOS=2.0	watchOS=11.0
ecg.text.page.rtl	iOS=18.0	macOS=15.0	tvOS=18.0	visionOS=2.0	watchOS=11.0
engine.emission.and.exclamationmark	iOS=18.0	macOS=15.0	tvOS=18.0	visionOS=2.0	watchOS=11.0
engine.emission.and.filter	iOS=18.0	macOS=15.0	tvOS=18.0	visionOS=2.0	watchOS=11.0
envelope.and.arrow.trianglehead.branch	iOS=18.0	macOS=15.0	tvOS=18.0	visionOS=2.0	watchOS=11.0
envelope.and.arrow.trianglehead.branch.fill	iOS=18.0	macOS=15.0	tvOS=18.0	visionOS=2.0	watchOS=11.0
envelope.front	iOS=18.0	macOS=15.0	tvOS=18.0	visionOS=2.0	watchOS=11.0
envelope.front.fill	iOS=18.0	macOS=15.0	tvOS=18.0	visionOS=2.0	watchOS=11.0
envelope.front.fill.rtl	iOS=18.0	macOS=15.0	tvOS=18.0	visionOS=2.0	watchOS=11.0
envelope.front.rtl	iOS=18.0	macOS=15.0	tvOS=18.0	visionOS=2.0	watchOS=11.0
eurosign.arrow.trianglehead.counterclockwise.rotate.90	iOS=18.0	macOS=15.0	tvOS=18.0	visionOS=2.0	watchOS=11.0
eurosign.bank.building	iOS=18.0	macOS=15.0	tvOS=18.0	visionOS=2.0	watchOS=11.0
eurosign.bank.building.fill	iOS=18.0	macOS=15.0	tvOS=18.0	visionOS=2.0	watchOS=11.0
eurosign.gauge.chart.lefthalf.righthalf	iOS=18.0	macOS=15.0	tvOS=18.0	visionOS=2.0	watchOS=11.0
eurosign.gauge.chart.leftthird.topthird.rightthird	iOS=18.0	macOS=15.0	tvOS=18.0	visionOS=2.0	watchOS=11.0
eurosign.ring	iOS=18.0	macOS=15.0	tvOS=18.0	visionOS=2.0	watchOS=11.0
eurosign.ring.dashed	iOS=18.0	macOS=15.0	tvOS=18.0	visionOS=2.0	watchOS=11.0
eurozonesign.arrow.trianglehead.counterclockwise.rotate.90	iOS=18.0	macOS=15.0	tvOS=18.0	visionOS=2.0	watchOS=11.0
eurozonesign.bank.building	iOS=18.0	macOS=15.0	tvOS=18.0	visionOS=2.0	watchOS=11.0
eurozonesign.bank.building.fill	iOS=18.0	macOS=15.0	tvOS=18.0	visionOS=2.0	watchOS=11.0
eurozonesign.gauge.chart.lefthalf.righthalf	iOS=18.0	macOS=15.0	tvOS=18.0	visionOS=2.0	watchOS=11.0
eurozonesign.gauge.chart.leftthird.topthird.rightthird	iOS=18.0	macOS=15.0	tvOS=18.0	visionOS=2.0	watchOS=11.0
eurozonesign.ring	iOS=18.0	macOS=15.0	tvOS=18.0	visionOS=2.0	watchOS=11.0
eurozonesign.ring.dashed	iOS=18.0	macOS=15.0	tvOS=18.0	visionOS=2.0	watchOS=11.0
exclamationmark.arrow.trianglehead.2.clockwise.rotate.90	iOS=18.0	macOS=15.0	tvOS=18.0	visionOS=2.0	watchOS=11.0
exclamationmark.arrow.trianglehead.counterclockwise.rotate.90	iOS=18.0	macOS=15.0	tvOS=18.0	visionOS=2.0	watchOS=11.0
figure.2.left.holdinghands	iOS=18.0	macOS=15.0	tvOS=18.0	visionOS=2.0	watchOS=11.0
figure.2.right.holdinghands	iOS=18.0	macOS=15.0	tvOS=18.0	visionOS=2.0	watchOS=11.0
figure.american.football.circle	iOS=18.0	macOS=15.0	tvOS=18.0	visionOS=2.0	watchOS=11.0
figure.american.football.circle.fill	iOS=18.0	macOS=15.0	tvOS=18.0	visionOS=2.0	watchOS=11.0
figure.archery.circle	iOS=18.0	macOS=15.0	tvOS=18.0	visionOS=2.0	watchOS=11.0
figure.archery.circle.fill	iOS=18.0	macOS=15.0	tvOS=18.0	visionOS=2.0	watchOS=11.0
figure.australian.football.circle	iOS=18.0	macOS=15.0	tvOS=18.0	visionOS=2.0	watchOS=11.0
figure.australian.football.circle.fill	iOS=18.0	macOS=15.0	tvOS=18.0	visionOS=2.0	watchOS=11.0
figure.badminton.circle	iOS=18.0	macOS=15.0	tvOS=18.0	visionOS=2.0	watchOS=11.0
figure.badminton.circle.fill	iOS=18.0	macOS=15.0	tvOS=18.0	visionOS=2.0	watchOS=11.0
figure.barre.circle	iOS=18.0	macOS=15.0	tvOS=18.0	visionOS=2.0	watchOS=11.0
figure.barre.circle.fill	iOS=18.0	macOS=15.0	tvOS=18.0	visionOS=2.0	watchOS=11.0
figure.baseball.circle	iOS=18.0	macOS=15.0	tvOS=18.0	visionOS=2.0	watchOS=11.0
figure.baseball.circle.fill	iOS=18.0	macOS=15.0	tvOS=18.0	visionOS=2.0	watchOS=11.0
figure.basketball.circle	iOS=18.0	macOS=15.0	tvOS=18.0	visionOS=2.0	watchOS=11.0
figure.basketball.circle.fill	iOS=18.0	macOS=15.0	tvOS=18.0	visionOS=2.0	watchOS=11.0
figure.bowling.circle	iOS=18.0	macOS=15.0	tvOS=18.0	visionOS=2.0	watchOS=11.0
figure.bowling.circle.fill	iOS=18.0	macOS=15.0	tvOS=18.0	visionOS=2.0	watchOS=11.0
figure.boxing.circle	iOS=18.0	macOS=15.0	tvOS=18.0	visionOS=2.0	watchOS=11.0
figure.boxing.circle.fill	iOS=18.0	macOS=15.0	tvOS=18.0	visionOS=2.0	watchOS=11.0
figure.climbing.circle	iOS=18.0	macOS=15.0	tvOS=18.0	visionOS=2.0	watchOS=11.0
figure.climbing.circle.fill	iOS=18.0	macOS=15.0	tvOS=18.0	visionOS=2.0	watchOS=11.0
figure.cooldown.circle	iOS=18.0	macOS=15.0	tvOS=18.0	visionOS=2.0	watchOS=11.0
figure.cooldown.circle.fill	iOS=18.0	macOS=15.0	tvOS=18.0	visionOS=2.0	watchOS=11.0
figure.core.training.circle	iOS=18.0	macOS=15.0	tvOS=18.0	visionOS=2.0	watchOS=11.0
figure.core.training.circle.fill	iOS=18.0	macOS=15.0	tvOS=18.0	visionOS=2.0	watchOS=11.0
figure.cricket.circle	iOS=18.0	macOS=15.0	tvOS=18.0	visionOS=2.0	watchOS=11.0
figure.cricket.circle.fill	iOS=18.0	macOS=15.0	tvOS=18.0	visionOS=2.0	watchOS=11.0
figure.cross.training.circle	iOS=18.0	macOS=15.0	tvOS=18.0	visionOS=2.0	watchOS=11.0
figure.cross.training.circle.fill	iOS=18.0	macOS=15.0	tvOS=18.0	visionOS=2.0	watchOS=11.0
figure.curling.circle	iOS=18.0	macOS=15.0	tvOS=18.0	visionOS=2.0	watchOS=11.0
figure.curling.circle.fill	iOS=18.0	macOS=15.0	tvOS=18.0	visionOS=2.0	watchOS=11.0
figure.dance.circle	iOS=18.0	macOS=15.0	tvOS=18.0	visionOS=2.0	watchOS=11.0
figure.dance.circle.fill	iOS=18.0	macOS=15.0	tvOS=18.0	visionOS=2.0	watchOS=11.0
figure.disc.sports.circle	iOS=18.0	macOS=15.0	tvOS=18.0	visionOS=2.0	watchOS=11.0
figure.disc.sports.circle.fill	iOS=18.0	macOS=15.0	tvOS=18.0	visionOS=2.0	watchOS=11.0
figure.elliptical.circle	iOS=18.0	macOS=15.0	tvOS=18.0	visionOS=2.0	watchOS=11.0
figure.elliptical.circle.fill	iOS=18.0	macOS=15.0	tvOS=18.0	visionOS=2.0	watchOS=11.0
figure.equestrian.sports.circle	iOS=18.0	macOS=15.0	tvOS=18.0	visionOS=2.0	watchOS=11.0
figure.equestrian.sports.circle.fill	iOS=18.0	macOS=15.0	tvOS=18.0	visionOS=2.0	watchOS=11.0
figure.fencing.circle	iOS=18.0	macOS=15.0	tvOS=18.0	visionOS=2.0	watchOS=11.0
figure.fencing.circle.fill	iOS=18.0	macOS=15.0	tvOS=18.0	visionOS=2.0	watchOS=11.0
figure.field.hockey	iOS=18.0	macOS=15.0	tvOS=18.0	visionOS=2.0	watchOS=11.0
figure.field.hockey.circle	iOS=18.0	macOS=15.0	tvOS=18.0	visionOS=2.0	watchOS=11.0
figure.field.hockey.circle.fill	iOS=18.0	macOS=15.0	tvOS=18.0	visionOS=2.0	watchOS=11.0
figure.fishing.circle	iOS=18.0	macOS=15.0	tvOS=18.0	visionOS=2.0	watchOS=11.0
figure.fishing.circle.fill	iOS=18.0	macOS=15.0	tvOS=18.0	visionOS=2.0	watchOS=11.0
figure.flexibility.circle	iOS=18.0	macOS=15.0	tvOS=18.0	visionOS=2.0	watchOS=11.0
figure.flexibility.circle.fill	iOS=18.0	macOS=15.0	tvOS=18.0	visionOS=2.0	watchOS=11.0
figure.golf.circle	iOS=18.0	macOS=15.0	tvOS=18.0	visionOS=2.0	watchOS=11.0
figure.golf.circle.fill	iOS=18.0	macOS=15.0	tvOS=18.0	visionOS=2.0	watchOS=11.0
figure.gymnastics.circle	iOS=18.0	macOS=15.0	tvOS=18.0	visionOS=2.0	watchOS=11.0
figure.gymnastics.circle.fill	iOS=18.0	macOS=15.0	tvOS=18.0	visionOS=2.0	watchOS=11.0
figure.hand.cycling.circle	iOS=18.0	macOS=15.0	tvOS=18.0	visionOS=2.0	watchOS=11.0
figure.hand.cycling.circle.fill	iOS=18.0	macOS=15.0	tvOS=18.0	visionOS=2.0	watchOS=11.0
figure.handball.circle	iOS=18.0	macOS=15.0	tvOS=18.0	visionOS=2.0	watchOS=11.0
figure.handball.circle.fill	iOS=18.0	macOS=15.0	tvOS=18.0	visionOS=2.0	watchOS=11.0
figure.highintensity.intervaltraining.circle	iOS=18.0	macOS=15.0	tvOS=18.0	visionOS=2.0	watchOS=11.0
figure.highintensity.intervaltraining.circle.fill	iOS=18.0	macOS=15.0	tvOS=18.0	visionOS=2.0	watchOS=11.0
figure.hiking.circle	iOS=18.0	macOS=15.0	tvOS=18.0	visionOS=2.0	watchOS=11.0
figure.hiking.circle.fill	iOS=18.0	macOS=15.0	tvOS=18.0	visionOS=2.0	watchOS=11.0
figure.hockey.circle	iOS=18.0	macOS=15.0	tvOS=18.0	visionOS=2.0	watchOS=11.0
figure.hockey.circle.fill	iOS=18.0	macOS=15.0	tvOS=18.0	visionOS=2.0	watchOS=11.0
figure.hunting.circle	iOS=18.0	macOS=15.0	tvOS=18.0	visionOS=2.0	watchOS=11.0
figure.hunting.circle.fill	iOS=18.0	macOS=15.0	tvOS=18.0	visionOS=2.0	watchOS=11.0
figure.ice.hockey	iOS=18.0	macOS=15.0	tvOS=18.0	visionOS=2.0	watchOS=11.0
figure.ice.hockey.circle	iOS=18.0	macOS=15.0	tvOS=18.0	visionOS=2.0	watchOS=11.0
figure.ice.hockey.circle.fill	iOS=18.0	macOS=15.0	tvOS=18.0	visionOS=2.0	watchOS=11.0
figure.ice.skating	iOS=18.0	macOS=15.0	tvOS=18.0	visionOS=2.0	watchOS=11.0
figure.ice.skating.circle	iOS=18.0	macOS=15.0	tvOS=18.0	visionOS=2.0	watchOS=11.0
figure.ice.skating.circle.fill	iOS=18.0	macOS=15.0	tvOS=18.0	visionOS=2.0	watchOS=11.0
figure.indoor.cycle.circle	iOS=18.0	macOS=15.0	tvOS=18.0	visionOS=2.0	watchOS=11.0
figure.indoor.cycle.circle.fill	iOS=18.0	macOS=15.0	tvOS=18.0	visionOS=2.0	watchOS=11.0
figure.indoor.rowing	iOS=18.0	macOS=15.0	tvOS=18.0	visionOS=2.0	watchOS=11.0
figure.indoor.rowing.circle	iOS=18.0	macOS=15.0	tvOS=18.0	visionOS=2.0	watchOS=11.0
figure.indoor.rowing.circle.fill	iOS=18.0	macOS=15.0	tvOS=18.0	visionOS=2.0	watchOS=11.0
figure.indoor.soccer	iOS=18.0	macOS=15.0	tvOS=18.0	visionOS=2.0	watchOS=11.0
figure.indoor.soccer.circle	iOS=18.0	macOS=15.0	tvOS=18.0	visionOS=2.0	watchOS=11.0
figure.indoor.soccer.circle.fill	iOS=18.0	macOS=15.0	tvOS=18.0	visionOS=2.0	watchOS=11.0
figure.jumprope.circle	iOS=18.0	macOS=15.0	tvOS=18.0	visionOS=2.0	watchOS=11.0
figure.jumprope.circle.fill	iOS=18.0	macOS=15.0	tvOS=18.0	visionOS=2.0	watchOS=11.0
figure.kickboxing.circle	iOS=18.0	macOS=15.0	tvOS=18.0	visionOS=2.0	watchOS=11.0
figure.kickboxing.circle.fill	iOS=18.0	macOS=15.0	tvOS=18.0	visionOS=2.0	watchOS=11.0
figure.lacrosse.circle	iOS=18.0	macOS=15.0	tvOS=18.0	visionOS=2.0	watchOS=11.0
figure.lacrosse.circle.fill	iOS=18.0	macOS=15.0	tvOS=18.0	visionOS=2.0	watchOS=11.0
figure.martial.arts.circle	iOS=18.0	macOS=15.0	tvOS=18.0	visionOS=2.0	watchOS=11.0
figure.martial.arts.circle.fill	iOS=18.0	macOS=15.0	tvOS=18.0	visionOS=2.0	watchOS=11.0
figure.mind.and.body.circle	iOS=18.0	macOS=15.0	tvOS=18.0	visionOS=2.0	watchOS=11.0
figure.mind.and.body.circle.fill	iOS=18.0	macOS=15.0	tvOS=18.0	visionOS=2.0	watchOS=11.0
figure.mixed.cardio.circle	iOS=18.0	macOS=15.0	tvOS=18.0	visionOS=2.0	watchOS=11.0
figure.mixed.cardio.circle.fill	iOS=18.0	macOS=15.0	tvOS=18.0	visionOS=2.0	watchOS=11.0
figure.open.water.swim.circle	iOS=18.0	macOS=15.0	tvOS=18.0	visionOS=2.0	watchOS=11.0
figure.open.water.swim.circle.fill	iOS=18.0	macOS=15.0	tvOS=18.0	visionOS=2.0	watchOS=11.0
figure.outdoor.cycle.circle	iOS=18.0	macOS=15.0	tvOS=18.0	visionOS=2.0	watchOS=11.0
figure.outdoor.cycle.circle.fill	iOS=18.0	macOS=15.0	tvOS=18.0	visionOS=2.0	watchOS=11.0
figure.outdoor.rowing	iOS=18.0	macOS=15.0	tvOS=18.0	visionOS=2.0	watchOS=11.0
figure.outdoor.rowing.circle	iOS=18.0	macOS=15.0	tvOS=18.0	visionOS=2.0	watchOS=11.0
figure.outdoor.rowing.circle.fill	iOS=18.0	macOS=15.0	tvOS=18.0	visionOS=2.0	watchOS=11.0
figure.outdoor.soccer	iOS=18.0	macOS=15.0	tvOS=18.0	visionOS=2.0	watchOS=11.0
figure.outdoor.soccer.circle	iOS=18.0	macOS=15.0	tvOS=18.0	visionOS=2.0	watchOS=11.0
figure.outdoor.soccer.circle.fill	iOS=18.0	macOS=15.0	tvOS=18.0	visionOS=2.0	watchOS=11.0
figure.pickleball.circle	iOS=18.0	macOS=15.0	tvOS=18.0	visionOS=2.0	watchOS=11.0
figure.pickleball.circle.fill	iOS=18.0	macOS=15.0	tvOS=18.0	visionOS=2.0	watchOS=11.0
figure.pilates.circle	iOS=18.0	macOS=15.0	tvOS=18.0	visionOS=2.0	watchOS=11.0
figure.pilates.circle.fill	iOS=18.0	macOS=15.0	tvOS=18.0	visionOS=2.0	watchOS=11.0
figure.play.circle	iOS=18.0	macOS=15.0	tvOS=18.0	visionOS=2.0	watchOS=11.0
figure.play.circle.fill	iOS=18.0	macOS=15.0	tvOS=18.0	visionOS=2.0	watchOS=11.0
figure.pool.swim.circle	iOS=18.0	macOS=15.0	tvOS=18.0	visionOS=2.0	watchOS=11.0
figure.pool.swim.circle.fill	iOS=18.0	macOS=15.0	tvOS=18.0	visionOS=2.0	watchOS=11.0
figure.racquetball.circle	iOS=18.0	macOS=15.0	tvOS=18.0	visionOS=2.0	watchOS=11.0
figure.racquetball.circle.fill	iOS=18.0	macOS=15.0	tvOS=18.0	visionOS=2.0	watchOS=11.0
figure.roll.circle	iOS=18.0	macOS=15.0	tvOS=18.0	visionOS=2.0	watchOS=11.0
figure.roll.circle.fill	iOS=18.0	macOS=15.0	tvOS=18.0	visionOS=2.0	watchOS=11.0
figure.roll.runningpace.circle	iOS=18.0	macOS=15.0	tvOS=18.0	visionOS=2.0	watchOS=11.0
figure.roll.runningpace.circle.fill	iOS=18.0	macOS=15.0	tvOS=18.0	visionOS=2.0	watchOS=11.0
figure.rolling.circle	iOS=18.0	macOS=15.0	tvOS=18.0	visionOS=2.0	watchOS=11.0
figure.rolling.circle.fill	iOS=18.0	macOS=15.0	tvOS=18.0	visionOS=2.0	watchOS=11.0
figure.rugby.circle	iOS=18.0	macOS=15.0	tvOS=18.0	visionOS=2.0	watchOS=11.0
figure.rugby.circle.fill	iOS=18.0	macOS=15.0	tvOS=18.0	visionOS=2.0	watchOS=11.0
figure.run.treadmill	iOS=18.0	macOS=15.0	tvOS=18.0	visionOS=2.0	watchOS=11.0
figure.run.treadmill.circle	iOS=18.0	macOS=15.0	tvOS=18.0	visionOS=2.0	watchOS=11.0
figure.run.treadmill.circle.fill	iOS=18.0	macOS=15.0	tvOS=18.0	visionOS=2.0	watchOS=11.0
figure.sailing.circle	iOS=18.0	macOS=15.0	tvOS=18.0	visionOS=2.0	watchOS=11.0
figure.sailing.circle.fill	iOS=18.0	macOS=15.0	tvOS=18.0	visionOS=2.0	watchOS=11.0
figure.seated.seatbelt.left.drive.seats.1	iOS=18.0	macOS=15.0	tvOS=18.0	visionOS=2.0	watchOS=11.0
figure.seated.seatbelt.left.drive.seats.1.1	iOS=18.0	macOS=15.0	tvOS=18.0	visionOS=2.0	watchOS=11.0
figure.seated.seatbelt.left.drive.seats.1.1.fill	iOS=18.0	macOS=15.0	tvOS=18.0	visionOS=2.0	watchOS=11.0
figure.seated.seatbelt.left.drive.seats.1.2	iOS=18.0	macOS=15.0	tvOS=18.0	visionOS=2.0	watchOS=11.0
figure.seated.seatbelt.left.drive.seats.1.2.fill	iOS=18.0	macOS=15.0	tvOS=18.0	visionOS=2.0	watchOS=11.0
figure.seated.seatbelt.left.drive.seats.1.fill	iOS=18.0	macOS=15.0	tvOS=18.0	visionOS=2.0	watchOS=11.0
figure.seated.seatbelt.left.drive.seats.2	iOS=18.0	macOS=15.0	tvOS=18.0	visionOS=2.0	watchOS=11.0
figure.seated.seatbelt.left.drive.seats.2.2	iOS=18.0	macOS=15.0	tvOS=18.0	visionOS=2.0	watchOS=11.0
figure.seated.seatbelt.left.drive.seats.2.2.2	iOS=18.0	macOS=15.0	tvOS=18.0	visionOS=2.0	watchOS=11.0
figure.seated.seatbelt.left.drive.seats.2.2.2.fill	iOS=18.0	macOS=15.0	tvOS=18.0	visionOS=2.0	watchOS=11.0
figure.seated.seatbelt.left.drive.seats.2.2.3	iOS=18.0	macOS=15.0	tvOS=18.0	visionOS=2.0	watchOS=11.0
figure.seated.seatbelt.left.drive.seats.2.2.3.fill	iOS=18.0	macOS=15.0	tvOS=18.0	visionOS=2.0	watchOS=11.0
figure.seated.seatbelt.left.drive.seats.2.2.fill	iOS=18.0	macOS=15.0	tvOS=18.0	visionOS=2.0	watchOS=11.0
figure.seated.seatbelt.left.drive.seats.2.3	iOS=18.0	macOS=15.0	tvOS=18.0	visionOS=2.0	watchOS=11.0
figure.seated.seatbelt.left.drive.seats.2.3.2	iOS=18.0	macOS=15.0	tvOS=18.0	visionOS=2.0	watchOS=11.0
figure.seated.seatbelt.left.drive.seats.2.3.2.fill	iOS=18.0	macOS=15.0	tvOS=18.0	visionOS=2.0	watchOS=11.0
figure.seated.seatbelt.left.drive.seats.2.3.3	iOS=18.0	macOS=15.0	tvOS=18.0	visionOS=2.0	watchOS=11.0
figure.seated.seatbelt.left.drive.seats.2.3.3.fill	iOS=18.0	macOS=15.0	tvOS=18.0	visionOS=2.0	watchOS=11.0
figure.seated.seatbelt.left.drive.seats.2.3.fill	iOS=18.0	macOS=15.0	tvOS=18.0	visionOS=2.0	watchOS=11.0
figure.seated.seatbelt.left.drive.seats.2.fill	iOS=18.0	macOS=15.0	tvOS=18.0	visionOS=2.0	watchOS=11.0
figure.seated.seatbelt.left.drive.seats.3	iOS=18.0	macOS=15.0	tvOS=18.0	visionOS=2.0	watchOS=11.0
figure.seated.seatbelt.left.drive.seats.3.3	iOS=18.0	macOS=15.0	tvOS=18.0	visionOS=2.0	watchOS=11.0
figure.seated.seatbelt.left.drive.seats.3.3.3	iOS=18.0	macOS=15.0	tvOS=18.0	visionOS=2.0	watchOS=11.0
figure.seated.seatbelt.left.drive.seats.3.3.3.fill	iOS=18.0	macOS=15.0	tvOS=18.0	visionOS=2.0	watchOS=11.0
figure.seated.seatbelt.left.drive.seats.3.3.fill	iOS=18.0	macOS=15.0	tvOS=18.0	visionOS=2.0	watchOS=11.0
figure.seated.seatbelt.left.drive.seats.3.fill	iOS=18.0	macOS=15.0	tvOS=18.0	visionOS=2.0	watchOS=11.0
figure.seated.side.left	iOS=18.0	macOS=15.0	tvOS=18.0	visionOS=2.0	watchOS=11.0
figure.seated.side.left.air.distribution.lower	iOS=18.0	macOS=15.0	tvOS=18.0	visionOS=2.0	watchOS=11.0
figure.seated.side.left.air.distribution.middle	iOS=18.0	macOS=15.0	tvOS=18.0	visionOS=2.0	watchOS=11.0
figure.seated.side.left.air.distribution.middle.and.lower	iOS=18.0	macOS=15.0	tvOS=18.0	visionOS=2.0	watchOS=11.0
figure.seated.side.left.air.distribution.middle.and.lower.angled	iOS=18.0	macOS=15.0	tvOS=18.0	visionOS=2.0	watchOS=11.0
figure.seated.side.left.air.distribution.upper	iOS=18.0	macOS=15.0	tvOS=18.0	visionOS=2.0	watchOS=11.0
figure.seated.side.left.air.distribution.upper.angled.and.lower.angled	iOS=18.0	macOS=15.0	tvOS=18.0	visionOS=2.0	watchOS=11.0
figure.seated.side.left.air.distribution.upper.angled.and.middle	iOS=18.0	macOS=15.0	tvOS=18.0	visionOS=2.0	watchOS=11.0
figure.seated.side.left.air.distribution.upper.angled.and.middle.and.lower.angled	iOS=18.0	macOS=15.0	tvOS=18.0	visionOS=2.0	watchOS=11.0
figure.seated.side.left.airbag.off	iOS=18.0	macOS=15.0	tvOS=18.0	visionOS=2.0	watchOS=11.0
figure.seated.side.left.airbag.off.2	iOS=18.0	macOS=15.0	tvOS=18.0	visionOS=2.0	watchOS=11.0
figure.seated.side.left.airbag.on	iOS=18.0	macOS=15.0	tvOS=18.0	visionOS=2.0	watchOS=11.0
figure.seated.side.left.airbag.on.2	iOS=18.0	macOS=15.0	tvOS=18.0	visionOS=2.0	watchOS=11.0
figure.seated.side.left.automatic	iOS=18.0	macOS=15.0	tvOS=18.0	visionOS=2.0	watchOS=11.0
figure.seated.side.left.fan	iOS=18.0	macOS=15.0	tvOS=18.0	visionOS=2.0	watchOS=11.0
figure.seated.side.left.steeringwheel	iOS=18.0	macOS=15.0	tvOS=18.0	visionOS=2.0	watchOS=11.0
figure.seated.side.left.windshield.front.and.heat.waves	iOS=18.0	macOS=15.0	tvOS=18.0	visionOS=2.0	watchOS=11.0
figure.seated.side.left.windshield.front.and.heat.waves.air.distribution.lower	iOS=18.0	macOS=15.0	tvOS=18.0	visionOS=2.0	watchOS=11.0
figure.seated.side.left.windshield.front.and.heat.waves.air.distribution.middle	iOS=18.0	macOS=15.0	tvOS=18.0	visionOS=2.0	watchOS=11.0
figure.seated.side.left.windshield.front.and.heat.waves.air.distribution.middle.and.lower	iOS=18.0	macOS=15.0	tvOS=18.0	visionOS=2.0	watchOS=11.0
figure.seated.side.left.windshield.front.and.heat.waves.air.distribution.upper	iOS=18.0	macOS=15.0	tvOS=18.0	visionOS=2.0	watchOS=11.0
figure.seated.side.left.windshield.front.and.heat.waves.air.distribution.upper.and.lower	iOS=18.0	macOS=15.0	tvOS=18.0	visionOS=2.0	watchOS=11.0
figure.seated.side.left.windshield.front.and.heat.waves.air.distribution.upper.and.middle	iOS=18.0	macOS=15.0	tvOS=18.0	visionOS=2.0	watchOS=11.0
figure.seated.side.left.windshield.front.and.heat.waves.air.distribution.upper.and.middle.and.lower	iOS=18.0	macOS=15.0	tvOS=18.0	visionOS=2.0	watchOS=11.0
figure.seated.side.right	iOS=18.0	macOS=15.0	tvOS=18.0	visionOS=2.0	watchOS=11.0
figure.seated.side.right.air.distribution.lower	iOS=18.0	macOS=15.0	tvOS=18.0	visionOS=2.0	watchOS=11.0
figure.seated.side.right.air.distribution.middle	iOS=18.0	macOS=15.0	tvOS=18.0	visionOS=2.0	watchOS=11.0
figure.seated.side.right.air.distribution.middle.and.lower	iOS=18.0	macOS=15.0	tvOS=18.0	visionOS=2.0	watchOS=11.0
figure.seated.side.right.air.distribution.middle.and.lower.angled	iOS=18.0	macOS=15.0	tvOS=18.0	visionOS=2.0	watchOS=11.0
figure.seated.side.right.air.distribution.upper	iOS=18.0	macOS=15.0	tvOS=18.0	visionOS=2.0	watchOS=11.0
figure.seated.side.right.air.distribution.upper.angled.and.lower.angled	iOS=18.0	macOS=15.0	tvOS=18.0	visionOS=2.0	watchOS=11.0
figure.seated.side.right.air.distribution.upper.angled.and.middle	iOS=18.0	macOS=15.0	tvOS=18.0	visionOS=2.0	watchOS=11.0
figure.seated.side.right.air.distribution.upper.angled.and.middle.and.lower.angled	iOS=18.0	macOS=15.0	tvOS=18.0	visionOS=2.0	watchOS=11.0
figure.seated.side.right.airbag.off	iOS=18.0	macOS=15.0	tvOS=18.0	visionOS=2.0	watchOS=11.0
figure.seated.side.right.airbag.off.2	iOS=18.0	macOS=15.0	tvOS=18.0	visionOS=2.0	watchOS=11.0
figure.seated.side.right.airbag.on	iOS=18.0	macOS=15.0	tvOS=18.0	visionOS=2.0	watchOS=11.0
figure.seated.side.right.airbag.on.2	iOS=18.0	macOS=15.0	tvOS=18.0	visionOS=2.0	watchOS=11.0
figure.seated.side.right.automatic	iOS=18.0	macOS=15.0	tvOS=18.0	visionOS=2.0	watchOS=11.0
figure.seated.side.right.fan	iOS=18.0	macOS=15.0	tvOS=18.0	visionOS=2.0	watchOS=11.0
figure.seated.side.right.steeringwheel	iOS=18.0	macOS=15.0	tvOS=18.0	visionOS=2.0	watchOS=11.0
figure.seated.side.right.windshield.front.and.heat.waves	iOS=18.0	macOS=15.0	tvOS=18.0	visionOS=2.0	watchOS=11.0
figure.seated.side.right.windshield.front.and.heat.waves.air.distribution.lower	iOS=18.0	macOS=15.0	tvOS=18.0	visionOS=2.0	watchOS=11.0
figure.seated.side.right.windshield.front.and.heat.waves.air.distribution.middle	iOS=18.0	macOS=15.0	tvOS=18.0	visionOS=2.0	watchOS=11.0
figure.seated.side.right.windshield.front.and.heat.waves.air.distribution.middle.and.lower	iOS=18.0	macOS=15.0	tvOS=18.0	visionOS=2.0	watchOS=11.0
figure.seated.side.right.windshield.front.and.heat.waves.air.distribution.upper	iOS=18.0	macOS=15.0	tvOS=18.0	visionOS=2.0	watchOS=11.0
figure.seated.side.right.windshield.front.and.heat.waves.air.distribution.upper.and.lower	iOS=18.0	macOS=15.0	tvOS=18.0	visionOS=2.0	watchOS=11.0
figure.seated.side.right.windshield.front.and.heat.waves.air.distribution.upper.and.middle	iOS=18.0	macOS=15.0	tvOS=18.0	visionOS=2.0	watchOS=11.0
figure.seated.side.right.windshield.front.and.heat.waves.air.distribution.upper.and.middle.and.lower	iOS=18.0	macOS=15.0	tvOS=18.0	visionOS=2.0	watchOS=11.0
figure.skateboarding	iOS=18.0	macOS=15.0	tvOS=18.0	visionOS=2.0	watchOS=11.0
figure.skateboarding.circle	iOS=18.0	macOS=15.0	tvOS=18.0	visionOS=2.0	watchOS=11.0
figure.skateboarding.circle.fill	iOS=18.0	macOS=15.0	tvOS=18.0	visionOS=2.0	watchOS=11.0
figure.skiing.crosscountry.circle	iOS=18.0	macOS=15.0	tvOS=18.0	visionOS=2.0	watchOS=11.0
figure.skiing.crosscountry.circle.fill	iOS=18.0	macOS=15.0	tvOS=18.0	visionOS=2.0	watchOS=11.0
figure.skiing.downhill.circle	iOS=18.0	macOS=15.0	tvOS=18.0	visionOS=2.0	watchOS=11.0
figure.skiing.downhill.circle.fill	iOS=18.0	macOS=15.0	tvOS=18.0	visionOS=2.0	watchOS=11.0
figure.snowboarding.circle	iOS=18.0	macOS=15.0	tvOS=18.0	visionOS=2.0	watchOS=11.0
figure.snowboarding.circle.fill	iOS=18.0	macOS=15.0	tvOS=18.0	visionOS=2.0	watchOS=11.0
figure.socialdance.circle	iOS=18.0	macOS=15.0	tvOS=18.0	visionOS=2.0	watchOS=11.0
figure.socialdance.circle.fill	iOS=18.0	macOS=15.0	tvOS=18.0	visionOS=2.0	watchOS=11.0
figure.softball.circle	iOS=18.0	macOS=15.0	tvOS=18.0	visionOS=2.0	watchOS=11.0
figure.softball.circle.fill	iOS=18.0	macOS=15.0	tvOS=18.0	visionOS=2.0	watchOS=11.0
figure.squash.circle	iOS=18.0	macOS=15.0	tvOS=18.0	visionOS=2.0	watchOS=11.0
figure.squash.circle.fill	iOS=18.0	macOS=15.0	tvOS=18.0	visionOS=2.0	watchOS=11.0
figure.stair.stepper.circle	iOS=18.0	macOS=15.0	tvOS=18.0	visionOS=2.0	watchOS=11.0
figure.stair.stepper.circle.fill	iOS=18.0	macOS=15.0	tvOS=18.0	visionOS=2.0	watchOS=11.0
figure.stairs.circle	iOS=18.0	macOS=15.0	tvOS=18.0	visionOS=2.0	watchOS=11.0
figure.stairs.circle.fill	iOS=18.0	macOS=15.0	tvOS=18.0	visionOS=2.0	watchOS=11.0
figure.stand.dress	iOS=18.0	macOS=15.0	tvOS=18.0	visionOS=2.0	watchOS=11.0
figure.stand.dress.line.vertical.figure	iOS=18.0	macOS=15.0	tvOS=18.0	visionOS=2.0	watchOS=11.0
figure.step.training.circle	iOS=18.0	macOS=15.0	tvOS=18.0	visionOS=2.0	watchOS=11.0
figure.step.training.circle.fill	iOS=18.0	macOS=15.0	tvOS=18.0	visionOS=2.0	watchOS=11.0
figure.strengthtraining.functional.circle	iOS=18.0	macOS=15.0	tvOS=18.0	visionOS=2.0	watchOS=11.0
figure.strengthtraining.functional.circle.fill	iOS=18.0	macOS=15.0	tvOS=18.0	visionOS=2.0	watchOS=11.0
figure.strengthtraining.traditional.circle	iOS=18.0	macOS=15.0	tvOS=18.0	visionOS=2.0	watchOS=11.0
figure.strengthtraining.traditional.circle.fill	iOS=18.0	macOS=15.0	tvOS=18.0	visionOS=2.0	watchOS=11.0
figure.surfing.circle	iOS=18.0	macOS=15.0	tvOS=18.0	visionOS=2.0	watchOS=11.0
figure.surfing.circle.fill	iOS=18.0	macOS=15.0	tvOS=18.0	visionOS=2.0	watchOS=11.0
figure.table.tennis.circle	iOS=18.0	macOS=15.0	tvOS=18.0	visionOS=2.0	watchOS=11.0
figure.table.tennis.circle.fill	iOS=18.0	macOS=15.0	tvOS=18.0	visionOS=2.0	watchOS=11.0
figure.taichi.circle	iOS=18.0	macOS=15.0	tvOS=18.0	visionOS=2.0	watchOS=11.0
figure.taichi.circle.fill	iOS=18.0	macOS=15.0	tvOS=18.0	visionOS=2.0	watchOS=11.0
figure.tennis.circle	iOS=18.0	macOS=15.0	tvOS=18.0	visionOS=2.0	watchOS=11.0
figure.tennis.circle.fill	iOS=18.0	macOS=15.0	tvOS=18.0	visionOS=2.0	watchOS=11.0
figure.track.and.field.circle	iOS=18.0	macOS=15.0	tvOS=18.0	visionOS=2.0	watchOS=11.0
figure.track.and.field.circle.fill	iOS=18.0	macOS=15.0	tvOS=18.0	visionOS=2.0	watchOS=11.0
figure.volleyball.circle	iOS=18.0	macOS=15.0	tvOS=18.0	visionOS=2.0	watchOS=11.0
figure.volleyball.circle.fill	iOS=18.0	macOS=15.0	tvOS=18.0	visionOS=2.0	watchOS=11.0
figure.walk.treadmill	iOS=18.0	macOS=15.0	tvOS=18.0	visionOS=2.0	watchOS=11.0
figure.walk.treadmill.circle	iOS=18.0	macOS=15.0	tvOS=18.0	visionOS=2.0	watchOS=11.0
figure.walk.treadmill.circle.fill	iOS=18.0	macOS=15.0	tvOS=18.0	visionOS=2.0	watchOS=11.0
figure.walk.triangle	iOS=18.0	macOS=15.0	tvOS=18.0	visionOS=2.0	watchOS=11.0
figure.walk.triangle.fill	iOS=18.0	macOS=15.0	tvOS=18.0	visionOS=2.0	watchOS=11.0
figure.water.fitness.circle	iOS=18.0	macOS=15.0	tvOS=18.0	visionOS=2.0	watchOS=11.0
figure.water.fitness.circle.fill	iOS=18.0	macOS=15.0	tvOS=18.0	visionOS=2.0	watchOS=11.0
figure.waterpolo.circle	iOS=18.0	macOS=15.0	tvOS=18.0	visionOS=2.0	watchOS=11.0
figure.waterpolo.circle.fill	iOS=18.0	macOS=15.0	tvOS=18.0	visionOS=2.0	watchOS=11.0
figure.wrestling.circle	iOS=18.0	macOS=15.0	tvOS=18.0	visionOS=2.0	watchOS=11.0
figure.wrestling.circle.fill	iOS=18.0	macOS=15.0	tvOS=18.0	visionOS=2.0	watchOS=11.0
figure.yoga.circle	iOS=18.0	macOS=15.0	tvOS=18.0	visionOS=2.0	watchOS=11.0
figure.yoga.circle.fill	iOS=18.0	macOS=15.0	tvOS=18.0	visionOS=2.0	watchOS=11.0
fire.extinguisher	iOS=18.0	macOS=15.0	tvOS=18.0	visionOS=2.0	watchOS=11.0
fire.extinguisher.fill	iOS=18.0	macOS=15.0	tvOS=18.0	visionOS=2.0	watchOS=11.0
flag.pattern.checkered	iOS=18.0	macOS=15.0	tvOS=18.0	visionOS=2.0	watchOS=11.0
flag.pattern.checkered.2.crossed	iOS=18.0	macOS=15.0	tvOS=18.0	visionOS=2.0	watchOS=11.0
flag.pattern.checkered.circle	iOS=18.0	macOS=15.0	tvOS=18.0	visionOS=2.0	watchOS=11.0
flag.pattern.checkered.circle.fill	iOS=18.0	macOS=15.0	tvOS=18.0	visionOS=2.0	watchOS=11.0
florinsign.arrow.trianglehead.counterclockwise.rotate.90	iOS=18.0	macOS=15.0	tvOS=18.0	visionOS=2.0	watchOS=11.0
florinsign.bank.building	iOS=18.0	macOS=15.0	tvOS=18.0	visionOS=2.0	watchOS=11.0
florinsign.bank.building.fill	iOS=18.0	macOS=15.0	tvOS=18.0	visionOS=2.0	watchOS=11.0
florinsign.gauge.chart.lefthalf.righthalf	iOS=18.0	macOS=15.0	tvOS=18.0	visionOS=2.0	watchOS=11.0
florinsign.gauge.chart.leftthird.topthird.rightthird	iOS=18.0	macOS=15.0	tvOS=18.0	visionOS=2.0	watchOS=11.0
florinsign.ring	iOS=18.0	macOS=15.0	tvOS=18.0	visionOS=2.0	watchOS=11.0
florinsign.ring.dashed	iOS=18.0	macOS=15.0	tvOS=18.0	visionOS=2.0	watchOS=11.0
fluid.batteryblock	iOS=18.0	macOS=15.0	tvOS=18.0	visionOS=2.0	watchOS=11.0
fluid.coolant	iOS=18.0	macOS=15.0	tvOS=18.0	visionOS=2.0	watchOS=11.0
formfitting.gamecontroller	iOS=18.0	macOS=15.0	tvOS=18.0	visionOS=2.0	watchOS=11.0
formfitting.gamecontroller.fill	iOS=18.0	macOS=15.0	tvOS=18.0	visionOS=2.0	watchOS=11.0
francsign.arrow.trianglehead.counterclockwise.rotate.90	iOS=18.0	macOS=15.0	tvOS=18.0	visionOS=2.0	watchOS=11.0
francsign.bank.building	iOS=18.0	macOS=15.0	tvOS=18.0	visionOS=2.0	watchOS=11.0
francsign.bank.building.fill	iOS=18.0	macOS=15.0	tvOS=18.0	visionOS=2.0	watchOS=11.0
francsign.gauge.chart.lefthalf.righthalf	iOS=18.0	macOS=15.0	tvOS=18.0	visionOS=2.0	watchOS=11.0
francsign.gauge.chart.leftthird.topthird.rightthird	iOS=18.0	macOS=15.0	tvOS=18.0	visionOS=2.0	watchOS=11.0
francsign.ring	iOS=18.0	macOS=15.0	tvOS=18.0	visionOS=2.0	watchOS=11.0
francsign.ring.dashed	iOS=18.0	macOS=15.0	tvOS=18.0	visionOS=2.0	watchOS=11.0
fuelpump.and.filter	iOS=18.0	macOS=15.0	tvOS=18.0	visionOS=2.0	watchOS=11.0
gamecontroller.circle	iOS=18.0	macOS=15.0	tvOS=18.0	visionOS=2.0	watchOS=11.0
gamecontroller.circle.fill	iOS=18.0	macOS=15.0	tvOS=18.0	visionOS=2.0	watchOS=11.0
gauge.open.with.lines.needle.33percent.and.arrow.trianglehead.from.0percent.to.50percent	iOS=18.0	macOS=15.0	tvOS=18.0	visionOS=2.0	watchOS=11.0
gearshape.arrow.trianglehead.2.clockwise.rotate.90	iOS=18.0	macOS=15.0	tvOS=18.0	visionOS=2.0	watchOS=11.0
greaterthanorequalto	iOS=18.0	macOS=15.0	tvOS=18.0	visionOS=2.0	watchOS=11.0
greaterthanorequalto.circle	iOS=18.0	macOS=15.0	tvOS=18.0	visionOS=2.0	watchOS=11.0
greaterthanorequalto.circle.fill	iOS=18.0	macOS=15.0	tvOS=18.0	visionOS=2.0	watchOS=11.0
greaterthanorequalto.square	iOS=18.0	macOS=15.0	tvOS=18.0	visionOS=2.0	watchOS=11.0
greaterthanorequalto.square.fill	iOS=18.0	macOS=15.0	tvOS=18.0	visionOS=2.0	watchOS=11.0
guaranisign.arrow.trianglehead.counterclockwise.rotate.90	iOS=18.0	macOS=15.0	tvOS=18.0	visionOS=2.0	watchOS=11.0
guaranisign.bank.building	iOS=18.0	macOS=15.0	tvOS=18.0	visionOS=2.0	watchOS=11.0
guaranisign.bank.building.fill	iOS=18.0	macOS=15.0	tvOS=18.0	visionOS=2.0	watchOS=11.0
guaranisign.gauge.chart.lefthalf.righthalf	iOS=18.0	macOS=15.0	tvOS=18.0	visionOS=2.0	watchOS=11.0
guaranisign.gauge.chart.leftthird.topthird.rightthird	iOS=18.0	macOS=15.0	tvOS=18.0	visionOS=2.0	watchOS=11.0
guaranisign.ring	iOS=18.0	macOS=15.0	tvOS=18.0	visionOS=2.0	watchOS=11.0
guaranisign.ring.dashed	iOS=18.0	macOS=15.0	tvOS=18.0	visionOS=2.0	watchOS=11.0
hand.draw.badge.ellipsis	iOS=18.0	macOS=15.0	tvOS=18.0	visionOS=2.0	watchOS=11.0
hand.draw.badge.ellipsis.fill	iOS=18.0	macOS=15.0	tvOS=18.0	visionOS=2.0	watchOS=11.0
hand.palm.facing	iOS=18.0	macOS=15.0	tvOS=18.0	visionOS=2.0	watchOS=11.0
hand.palm.facing.fill	iOS=18.0	macOS=15.0	tvOS=18.0	visionOS=2.0	watchOS=11.0
hand.pinch	iOS=18.0	macOS=15.0	tvOS=18.0	visionOS=2.0	watchOS=11.0
hand.pinch.fill	iOS=18.0	macOS=15.0	tvOS=18.0	visionOS=2.0	watchOS=11.0
hand.point.up.braille.badge.ellipsis	iOS=18.0	macOS=15.0	tvOS=18.0	visionOS=2.0	watchOS=11.0
hand.point.up.braille.badge.ellipsis.fill	iOS=18.0	macOS=15.0	tvOS=18.0	visionOS=2.0	watchOS=11.0
hand.raised.palm.facing	iOS=18.0	macOS=15.0	tvOS=18.0	visionOS=2.0	watchOS=11.0
hand.raised.palm.facing.fill	iOS=18.0	macOS=15.0	tvOS=18.0	visionOS=2.0	watchOS=11.0
hand.rays	iOS=18.0	macOS=15.0	tvOS=18.0	visionOS=2.0	watchOS=11.0
hand.rays.fill	iOS=18.0	macOS=15.0	tvOS=18.0	visionOS=2.0	watchOS=11.0
hat.cap	iOS=18.0	macOS=15.0	tvOS=18.0	visionOS=2.0	watchOS=11.0
hat.cap.fill	iOS=18.0	macOS=15.0	tvOS=18.0	visionOS=2.0	watchOS=11.0
hat.widebrim	iOS=18.0	macOS=15.0	tvOS=18.0	visionOS=2.0	watchOS=11.0
hat.widebrim.fill	iOS=18.0	macOS=15.0	tvOS=18.0	visionOS=2.0	watchOS=11.0
head.profile.arrow.forward.and.vision.pro	iOS=18.0	macOS=15.0	tvOS=18.0	visionOS=2.0	watchOS=11.0
headphones.slash	iOS=18.0	macOS=15.0	tvOS=18.0	visionOS=2.0	watchOS=11.0
headset	iOS=18.0	macOS=15.0	tvOS=18.0	visionOS=2.0	watchOS=11.0
headset.circle	iOS=18.0	macOS=15.0	tvOS=18.0	visionOS=2.0	watchOS=11.0
headset.circle.fill	iOS=18.0	macOS=15.0	tvOS=18.0	visionOS=2.0	watchOS=11.0
heart.text.clipboard	iOS=18.0	macOS=15.0	tvOS=18.0	visionOS=2.0	watchOS=11.0
heart.text.clipboard.fill	iOS=18.0	macOS=15.0	tvOS=18.0	visionOS=2.0	watchOS=11.0
heat.waves.and.fan	iOS=18.0	macOS=15.0	tvOS=18.0	visionOS=2.0	watchOS=11.0
helmet	iOS=18.0	macOS=15.0	tvOS=18.0	visionOS=2.0	watchOS=11.0
helmet.fill	iOS=18.0	macOS=15.0	tvOS=18.0	visionOS=2.0	watchOS=11.0
hifispeaker.2.badge.minus	iOS=18.0	macOS=15.0	tvOS=18.0	visionOS=2.0	watchOS=11.0
hifispeaker.2.badge.minus.fill	iOS=18.0	macOS=15.0	tvOS=18.0	visionOS=2.0	watchOS=11.0
hifispeaker.2.badge.plus	iOS=18.0	macOS=15.0	tvOS=18.0	visionOS=2.0	watchOS=11.0
hifispeaker.2.badge.plus.fill	iOS=18.0	macOS=15.0	tvOS=18.0	visionOS=2.0	watchOS=11.0
hifispeaker.and.homepod.badge.minus	iOS=18.0	macOS=15.0	tvOS=18.0	visionOS=2.0	watchOS=11.0
hifispeaker.and.homepod.badge.minus.fill	iOS=18.0	macOS=15.0	tvOS=18.0	visionOS=2.0	watchOS=11.0
hifispeaker.and.homepod.badge.plus	iOS=18.0	macOS=15.0	tvOS=18.0	visionOS=2.0	watchOS=11.0
hifispeaker.and.homepod.badge.plus.fill	iOS=18.0	macOS=15.0	tvOS=18.0	visionOS=2.0	watchOS=11.0
hifispeaker.and.homepod.mini	iOS=18.0	macOS=15.0	tvOS=18.0	visionOS=2.0	watchOS=11.0
hifispeaker.and.homepod.mini.badge.minus	iOS=18.0	macOS=15.0	tvOS=18.0	visionOS=2.0	watchOS=11.0
hifispeaker.and.homepod.mini.badge.minus.fill	iOS=18.0	macOS=15.0	tvOS=18.0	visionOS=2.0	watchOS=11.0
hifispeaker.and.homepod.mini.badge.plus	iOS=18.0	macOS=15.0	tvOS=18.0	visionOS=2.0	watchOS=11.0
hifispeaker.and.homepod.mini.badge.plus.fill	iOS=18.0	macOS=15.0	tvOS=18.0	visionOS=2.0	watchOS=11.0
hifispeaker.and.homepod.mini.fill	iOS=18.0	macOS=15.0	tvOS=18.0	visionOS=2.0	watchOS=11.0
hifispeaker.arrow.forward	iOS=18.0	macOS=15.0	tvOS=18.0	visionOS=2.0	watchOS=11.0
hifispeaker.arrow.forward.fill	iOS=18.0	macOS=15.0	tvOS=18.0	visionOS=2.0	watchOS=11.0
hifispeaker.badge.minus	iOS=18.0	macOS=15.0	tvOS=18.0	visionOS=2.0	watchOS=11.0
hifispeaker.badge.minus.fill	iOS=18.0	macOS=15.0	tvOS=18.0	visionOS=2.0	watchOS=11.0
hifispeaker.badge.plus	iOS=18.0	macOS=15.0	tvOS=18.0	visionOS=2.0	watchOS=11.0
hifispeaker.badge.plus.fill	iOS=18.0	macOS=15.0	tvOS=18.0	visionOS=2.0	watchOS=11.0
homepod.2.badge.minus	iOS=18.0	macOS=15.0	tvOS=18.0	visionOS=2.0	watchOS=11.0
homepod.2.badge.minus.fill	iOS=18.0	macOS=15.0	tvOS=18.0	visionOS=2.0	watchOS=11.0
homepod.2.badge.plus	iOS=18.0	macOS=15.0	tvOS=18.0	visionOS=2.0	watchOS=11.0
homepod.2.badge.plus.fill	iOS=18.0	macOS=15.0	tvOS=18.0	visionOS=2.0	watchOS=11.0
homepod.and.homepod.mini	iOS=18.0	macOS=15.0	tvOS=18.0	visionOS=2.0	watchOS=11.0
homepod.and.homepod.mini.badge.minus	iOS=18.0	macOS=15.0	tvOS=18.0	visionOS=2.0	watchOS=11.0
homepod.and.homepod.mini.badge.minus.fill	iOS=18.0	macOS=15.0	tvOS=18.0	visionOS=2.0	watchOS=11.0
homepod.and.homepod.mini.badge.plus	iOS=18.0	macOS=15.0	tvOS=18.0	visionOS=2.0	watchOS=11.0
homepod.and.homepod.mini.badge.plus.fill	iOS=18.0	macOS=15.0	tvOS=18.0	visionOS=2.0	watchOS=11.0
homepod.and.homepod.mini.fill	iOS=18.0	macOS=15.0	tvOS=18.0	visionOS=2.0	watchOS=11.0
homepod.arrow.forward	iOS=18.0	macOS=15.0	tvOS=18.0	visionOS=2.0	watchOS=11.0
homepod.arrow.forward.fill	iOS=18.0	macOS=15.0	tvOS=18.0	visionOS=2.0	watchOS=11.0
homepod.badge.minus	iOS=18.0	macOS=15.0	tvOS=18.0	visionOS=2.0	watchOS=11.0
homepod.badge.minus.fill	iOS=18.0	macOS=15.0	tvOS=18.0	visionOS=2.0	watchOS=11.0
homepod.badge.plus	iOS=18.0	macOS=15.0	tvOS=18.0	visionOS=2.0	watchOS=11.0
homepod.badge.plus.fill	iOS=18.0	macOS=15.0	tvOS=18.0	visionOS=2.0	watchOS=11.0
homepod.mini	iOS=18.0	macOS=15.0	tvOS=18.0	visionOS=2.0	watchOS=11.0
homepod.mini.2	iOS=18.0	macOS=15.0	tvOS=18.0	visionOS=2.0	watchOS=11.0
homepod.mini.2.badge.minus	iOS=18.0	macOS=15.0	tvOS=18.0	visionOS=2.0	watchOS=11.0
homepod.mini.2.badge.minus.fill	iOS=18.0	macOS=15.0	tvOS=18.0	visionOS=2.0	watchOS=11.0
homepod.mini.2.badge.plus	iOS=18.0	macOS=15.0	tvOS=18.0	visionOS=2.0	watchOS=11.0
homepod.mini.2.badge.plus.fill	iOS=18.0	macOS=15.0	tvOS=18.0	visionOS=2.0	watchOS=11.0
homepod.mini.2.fill	iOS=18.0	macOS=15.0	tvOS=18.0	visionOS=2.0	watchOS=11.0
homepod.mini.arrow.forward	iOS=18.0	macOS=15.0	tvOS=18.0	visionOS=2.0	watchOS=11.0
homepod.mini.arrow.forward.fill	iOS=18.0	macOS=15.0	tvOS=18.0	visionOS=2.0	watchOS=11.0
homepod.mini.badge.minus	iOS=18.0	macOS=15.0	tvOS=18.0	visionOS=2.0	watchOS=11.0
homepod.mini.badge.minus.fill	iOS=18.0	macOS=15.0	tvOS=18.0	visionOS=2.0	watchOS=11.0
homepod.mini.badge.plus	iOS=18.0	macOS=15.0	tvOS=18.0	visionOS=2.0	watchOS=11.0
homepod.mini.badge.plus.fill	iOS=18.0	macOS=15.0	tvOS=18.0	visionOS=2.0	watchOS=11.0
homepod.mini.fill	iOS=18.0	macOS=15.0	tvOS=18.0	visionOS=2.0	watchOS=11.0
hourglass.badge.eye	iOS=18.0	macOS=15.0	tvOS=18.0	visionOS=2.0	watchOS=11.0
house.badge.exclamationmark	iOS=18.0	macOS=15.0	tvOS=18.0	visionOS=2.0	watchOS=11.0
house.badge.exclamationmark.fill	iOS=18.0	macOS=15.0	tvOS=18.0	visionOS=2.0	watchOS=11.0
house.badge.wifi	iOS=18.0	macOS=15.0	tvOS=18.0	visionOS=2.0	watchOS=11.0
house.badge.wifi.fill	iOS=18.0	macOS=15.0	tvOS=18.0	visionOS=2.0	watchOS=11.0
house.slash	iOS=18.0	macOS=15.0	tvOS=18.0	visionOS=2.0	watchOS=11.0
house.slash.fill	iOS=18.0	macOS=15.0	tvOS=18.0	visionOS=2.0	watchOS=11.0
hryvniasign.arrow.trianglehead.counterclockwise.rotate.90	iOS=18.0	macOS=15.0	tvOS=18.0	visionOS=2.0	watchOS=11.0
hryvniasign.bank.building	iOS=18.0	macOS=15.0	tvOS=18.0	visionOS=2.0	watchOS=11.0
hryvniasign.bank.building.fill	iOS=18.0	macOS=15.0	tvOS=18.0	visionOS=2.0	watchOS=11.0
hryvniasign.gauge.chart.lefthalf.righthalf	iOS=18.0	macOS=15.0	tvOS=18.0	visionOS=2.0	watchOS=11.0
hryvniasign.gauge.chart.leftthird.topthird.rightthird	iOS=18.0	macOS=15.0	tvOS=18.0	visionOS=2.0	watchOS=11.0
hryvniasign.ring	iOS=18.0	macOS=15.0	tvOS=18.0	visionOS=2.0	watchOS=11.0
hryvniasign.ring.dashed	iOS=18.0	macOS=15.0	tvOS=18.0	visionOS=2.0	watchOS=11.0
indianrupeesign.arrow.trianglehead.counterclockwise.rotate.90	iOS=18.0	macOS=15.0	tvOS=18.0	visionOS=2.0	watchOS=11.0
indianrupeesign.bank.building	iOS=18.0	macOS=15.0	tvOS=18.0	visionOS=2.0	watchOS=11.0
indianrupeesign.bank.building.fill	iOS=18.0	macOS=15.0	tvOS=18.0	visionOS=2.0	watchOS=11.0
indianrupeesign.gauge.chart.lefthalf.righthalf	iOS=18.0	macOS=15.0	tvOS=18.0	visionOS=2.0	watchOS=11.0
indianrupeesign.gauge.chart.leftthird.topthird.rightthird	iOS=18.0	macOS=15.0	tvOS=18.0	visionOS=2.0	watchOS=11.0
indianrupeesign.ring	iOS=18.0	macOS=15.0	tvOS=18.0	visionOS=2.0	watchOS=11.0
indianrupeesign.ring.dashed	iOS=18.0	macOS=15.0	tvOS=18.0	visionOS=2.0	watchOS=11.0
inhaler	iOS=18.0	macOS=15.0	tvOS=18.0	visionOS=2.0	watchOS=11.0
inhaler.fill	iOS=18.0	macOS=15.0	tvOS=18.0	visionOS=2.0	watchOS=11.0
inset.filled.applewatch.case	iOS=18.0	macOS=15.0	tvOS=18.0	visionOS=2.0	watchOS=11.0
inset.filled.bottomhalf.rectangle	iOS=18.0	macOS=15.0	tvOS=18.0	visionOS=2.0	watchOS=11.0
inset.filled.bottomhalf.rectangle.portrait	iOS=18.0	macOS=15.0	tvOS=18.0	visionOS=2.0	watchOS=11.0
inset.filled.bottomhalf.tophalf.rectangle	iOS=18.0	macOS=15.0	tvOS=18.0	visionOS=2.0	watchOS=11.0
inset.filled.bottomleading.rectangle	iOS=18.0	macOS=15.0	tvOS=18.0	visionOS=2.0	watchOS=11.0
inset.filled.bottomleading.rectangle.portrait	iOS=18.0	macOS=15.0	tvOS=18.0	visionOS=2.0	watchOS=11.0
inset.filled.bottomleft.rectangle	iOS=18.0	macOS=15.0	tvOS=18.0	visionOS=2.0	watchOS=11.0
inset.filled.bottomleft.rectangle.portrait	iOS=18.0	macOS=15.0	tvOS=18.0	visionOS=2.0	watchOS=11.0
inset.filled.bottomright.rectangle	iOS=18.0	macOS=15.0	tvOS=18.0	visionOS=2.0	watchOS=11.0
inset.filled.bottomright.rectangle.portrait	iOS=18.0	macOS=15.0	tvOS=18.0	visionOS=2.0	watchOS=11.0
inset.filled.bottomthird.rectangle	iOS=18.0	macOS=15.0	tvOS=18.0	visionOS=2.0	watchOS=11.0
inset.filled.bottomthird.rectangle.portrait	iOS=18.0	macOS=15.0	tvOS=18.0	visionOS=2.0	watchOS=11.0
inset.filled.bottomthird.square	iOS=18.0	macOS=15.0	tvOS=18.0	visionOS=2.0	watchOS=11.0
inset.filled.bottomtrailing.rectangle	iOS=18.0	macOS=15.0	tvOS=18.0	visionOS=2.0	watchOS=11.0
inset.filled.bottomtrailing.rectangle.portrait	iOS=18.0	macOS=15.0	tvOS=18.0	visionOS=2.0	watchOS=11.0
inset.filled.capsule	iOS=18.0	macOS=15.0	tvOS=18.0	visionOS=2.0	watchOS=11.0
inset.filled.capsule.portrait	iOS=18.0	macOS=15.0	tvOS=18.0	visionOS=2.0	watchOS=11.0
inset.filled.center.rectangle	iOS=18.0	macOS=15.0	tvOS=18.0	visionOS=2.0	watchOS=11.0
inset.filled.center.rectangle.badge.plus	iOS=18.0	macOS=15.0	tvOS=18.0	visionOS=2.0	watchOS=11.0
inset.filled.center.rectangle.portrait	iOS=18.0	macOS=15.0	tvOS=18.0	visionOS=2.0	watchOS=11.0
inset.filled.circle	iOS=18.0	macOS=15.0	tvOS=18.0	visionOS=2.0	watchOS=11.0
inset.filled.circle.dashed	iOS=18.0	macOS=15.0	tvOS=18.0	visionOS=2.0	watchOS=11.0
inset.filled.diamond	iOS=18.0	macOS=15.0	tvOS=18.0	visionOS=2.0	watchOS=11.0
inset.filled.leadinghalf.arrow.leading.rectangle	iOS=18.0	macOS=15.0	tvOS=18.0	visionOS=2.0	watchOS=11.0
inset.filled.leadinghalf.rectangle	iOS=18.0	macOS=15.0	tvOS=18.0	visionOS=2.0	watchOS=11.0
inset.filled.leadinghalf.rectangle.portrait	iOS=18.0	macOS=15.0	tvOS=18.0	visionOS=2.0	watchOS=11.0
inset.filled.leadinghalf.toptrailing.bottomtrailing.rectangle	iOS=18.0	macOS=15.0	tvOS=18.0	visionOS=2.0	watchOS=11.0
inset.filled.leadinghalf.trailinghalf.rectangle	iOS=18.0	macOS=15.0	tvOS=18.0	visionOS=2.0	watchOS=11.0
inset.filled.leadingthird.rectangle	iOS=18.0	macOS=15.0	tvOS=18.0	visionOS=2.0	watchOS=11.0
inset.filled.leadingthird.rectangle.portrait	iOS=18.0	macOS=15.0	tvOS=18.0	visionOS=2.0	watchOS=11.0
inset.filled.leadingthird.square	iOS=18.0	macOS=15.0	tvOS=18.0	visionOS=2.0	watchOS=11.0
inset.filled.lefthalf.arrow.left.rectangle	iOS=18.0	macOS=15.0	tvOS=18.0	visionOS=2.0	watchOS=11.0
inset.filled.lefthalf.rectangle	iOS=18.0	macOS=15.0	tvOS=18.0	visionOS=2.0	watchOS=11.0
inset.filled.lefthalf.rectangle.portrait	iOS=18.0	macOS=15.0	tvOS=18.0	visionOS=2.0	watchOS=11.0
inset.filled.lefthalf.righthalf.rectangle	iOS=18.0	macOS=15.0	tvOS=18.0	visionOS=2.0	watchOS=11.0
inset.filled.lefthalf.topright.bottomright.rectangle	iOS=18.0	macOS=15.0	tvOS=18.0	visionOS=2.0	watchOS=11.0
inset.filled.leftthird.rectangle	iOS=18.0	macOS=15.0	tvOS=18.0	visionOS=2.0	watchOS=11.0
inset.filled.leftthird.rectangle.portrait	iOS=18.0	macOS=15.0	tvOS=18.0	visionOS=2.0	watchOS=11.0
inset.filled.leftthird.square	iOS=18.0	macOS=15.0	tvOS=18.0	visionOS=2.0	watchOS=11.0
inset.filled.oval	iOS=18.0	macOS=15.0	tvOS=18.0	visionOS=2.0	watchOS=11.0
inset.filled.oval.portrait	iOS=18.0	macOS=15.0	tvOS=18.0	visionOS=2.0	watchOS=11.0
inset.filled.rectangle	iOS=18.0	macOS=15.0	tvOS=18.0	visionOS=2.0	watchOS=11.0
inset.filled.rectangle.and.cursorarrow	iOS=18.0	macOS=15.0	tvOS=18.0	visionOS=2.0	watchOS=11.0
inset.filled.rectangle.and.person.filled	iOS=18.0	macOS=15.0	tvOS=18.0	visionOS=2.0	watchOS=11.0
inset.filled.rectangle.badge.record	iOS=18.0	macOS=15.0	tvOS=18.0	visionOS=2.0	watchOS=11.0
inset.filled.rectangle.on.rectangle	iOS=18.0	macOS=15.0	tvOS=18.0	visionOS=2.0	watchOS=11.0
inset.filled.rectangle.portrait	iOS=18.0	macOS=15.0	tvOS=18.0	visionOS=2.0	watchOS=11.0
inset.filled.righthalf.arrow.right.rectangle	iOS=18.0	macOS=15.0	tvOS=18.0	visionOS=2.0	watchOS=11.0
inset.filled.righthalf.lefthalf.rectangle	iOS=18.0	macOS=15.0	tvOS=18.0	visionOS=2.0	watchOS=11.0
inset.filled.righthalf.rectangle	iOS=18.0	macOS=15.0	tvOS=18.0	visionOS=2.0	watchOS=11.0
inset.filled.righthalf.rectangle.portrait	iOS=18.0	macOS=15.0	tvOS=18.0	visionOS=2.0	watchOS=11.0
inset.filled.rightthird.rectangle	iOS=18.0	macOS=15.0	tvOS=18.0	visionOS=2.0	watchOS=11.0
inset.filled.rightthird.rectangle.portrait	iOS=18.0	macOS=15.0	tvOS=18.0	visionOS=2.0	watchOS=11.0
inset.filled.rightthird.square	iOS=18.0	macOS=15.0	tvOS=18.0	visionOS=2.0	watchOS=11.0
inset.filled.square	iOS=18.0	macOS=15.0	tvOS=18.0	visionOS=2.0	watchOS=11.0
inset.filled.square.dashed	iOS=18.0	macOS=15.0	tvOS=18.0	visionOS=2.0	watchOS=11.0
inset.filled.tophalf.bottomhalf.rectangle	iOS=18.0	macOS=15.0	tvOS=18.0	visionOS=2.0	watchOS=11.0
inset.filled.tophalf.bottomleft.bottomright.rectangle	iOS=18.0	macOS=15.0	tvOS=18.0	visionOS=2.0	watchOS=11.0
inset.filled.tophalf.rectangle	iOS=18.0	macOS=15.0	tvOS=18.0	visionOS=2.0	watchOS=11.0
inset.filled.tophalf.rectangle.portrait	iOS=18.0	macOS=15.0	tvOS=18.0	visionOS=2.0	watchOS=11.0
inset.filled.topleading.bottomleading.trailinghalf.rectangle	iOS=18.0	macOS=15.0	tvOS=18.0	visionOS=2.0	watchOS=11.0
inset.filled.topleading.rectangle	iOS=18.0	macOS=15.0	tvOS=18.0	visionOS=2.0	watchOS=11.0
inset.filled.topleading.rectangle.portrait	iOS=18.0	macOS=15.0	tvOS=18.0	visionOS=2.0	watchOS=11.0
inset.filled.topleft.bottomleft.righthalf.rectangle	iOS=18.0	macOS=15.0	tvOS=18.0	visionOS=2.0	watchOS=11.0
inset.filled.topleft.rectangle	iOS=18.0	macOS=15.0	tvOS=18.0	visionOS=2.0	watchOS=11.0
inset.filled.topleft.rectangle.portrait	iOS=18.0	macOS=15.0	tvOS=18.0	visionOS=2.0	watchOS=11.0
inset.filled.topleft.topright.bottomhalf.rectangle	iOS=18.0	macOS=15.0	tvOS=18.0	visionOS=2.0	watchOS=11.0
inset.filled.topleft.topright.bottomleft.bottomright.rectangle	iOS=18.0	macOS=15.0	tvOS=18.0	visionOS=2.0	watchOS=11.0
inset.filled.topright.rectangle	iOS=18.0	macOS=15.0	tvOS=18.0	visionOS=2.0	watchOS=11.0
inset.filled.topright.rectangle.portrait	iOS=18.0	macOS=15.0	tvOS=18.0	visionOS=2.0	watchOS=11.0
inset.filled.topthird.rectangle	iOS=18.0	macOS=15.0	tvOS=18.0	visionOS=2.0	watchOS=11.0
inset.filled.topthird.rectangle.portrait	iOS=18.0	macOS=15.0	tvOS=18.0	visionOS=2.0	watchOS=11.0
inset.filled.topthird.square	iOS=18.0	macOS=15.0	tvOS=18.0	visionOS=2.0	watchOS=11.0
inset.filled.toptrailing.rectangle	iOS=18.0	macOS=15.0	tvOS=18.0	visionOS=2.0	watchOS=11.0
inset.filled.toptrailing.rectangle.portrait	iOS=18.0	macOS=15.0	tvOS=18.0	visionOS=2.0	watchOS=11.0
inset.filled.trailinghalf.arrow.trailing.rectangle	iOS=18.0	macOS=15.0	tvOS=18.0	visionOS=2.0	watchOS=11.0
inset.filled.trailinghalf.leadinghalf.rectangle	iOS=18.0	macOS=15.0	tvOS=18.0	visionOS=2.0	watchOS=11.0
inset.filled.trailinghalf.rectangle	iOS=18.0	macOS=15.0	tvOS=18.0	visionOS=2.0	watchOS=11.0
inset.filled.trailinghalf.rectangle.portrait	iOS=18.0	macOS=15.0	tvOS=18.0	visionOS=2.0	watchOS=11.0
inset.filled.trailingthird.rectangle	iOS=18.0	macOS=15.0	tvOS=18.0	visionOS=2.0	watchOS=11.0
inset.filled.trailingthird.rectangle.portrait	iOS=18.0	macOS=15.0	tvOS=18.0	visionOS=2.0	watchOS=11.0
inset.filled.trailingthird.square	iOS=18.0	macOS=15.0	tvOS=18.0	visionOS=2.0	watchOS=11.0
inset.filled.triangle	iOS=18.0	macOS=15.0	tvOS=18.0	visionOS=2.0	watchOS=11.0
inset.filled.tv	iOS=18.0	macOS=15.0	tvOS=18.0	visionOS=2.0	watchOS=11.0
ipad.badge.location	iOS=18.0	macOS=15.0	tvOS=18.0	visionOS=2.0	watchOS=11.0
ipad.gen1.badge.location	iOS=18.0	macOS=15.0	tvOS=18.0	visionOS=2.0	watchOS=11.0
ipad.gen1.landscape.badge.location	iOS=18.0	macOS=15.0	tvOS=18.0	visionOS=2.0	watchOS=11.0
ipad.gen1.landscape.slash	iOS=18.0	macOS=15.0	tvOS=18.0	visionOS=2.0	watchOS=11.0
ipad.gen1.slash	iOS=18.0	macOS=15.0	tvOS=18.0	visionOS=2.0	watchOS=11.0
ipad.gen2.badge.location	iOS=18.0	macOS=15.0	tvOS=18.0	visionOS=2.0	watchOS=11.0
ipad.gen2.landscape.badge.location	iOS=18.0	macOS=15.0	tvOS=18.0	visionOS=2.0	watchOS=11.0
ipad.gen2.landscape.slash	iOS=18.0	macOS=15.0	tvOS=18.0	visionOS=2.0	watchOS=11.0
ipad.gen2.slash	iOS=18.0	macOS=15.0	tvOS=18.0	visionOS=2.0	watchOS=11.0
ipad.landscape.and.iphone	iOS=18.0	macOS=15.0	tvOS=18.0	visionOS=2.0	watchOS=11.0
ipad.landscape.and.iphone.slash	iOS=18.0	macOS=15.0	tvOS=18.0	visionOS=2.0	watchOS=11.0
ipad.landscape.badge.location	iOS=18.0	macOS=15.0	tvOS=18.0	visionOS=2.0	watchOS=11.0
iphone.and.arrow.forward.inward	iOS=18.0	macOS=15.0	tvOS=18.0	visionOS=2.0	watchOS=11.0
iphone.and.arrow.forward.outward	iOS=18.0	macOS=15.0	tvOS=18.0	visionOS=2.0	watchOS=11.0
iphone.and.arrow.left.and.arrow.right.inward	iOS=18.0	macOS=15.0	tvOS=18.0	visionOS=2.0	watchOS=11.0
iphone.and.arrow.right.inward	iOS=18.0	macOS=15.0	tvOS=18.0	visionOS=2.0	watchOS=11.0
iphone.and.arrow.right.outward	iOS=18.0	macOS=15.0	tvOS=18.0	visionOS=2.0	watchOS=11.0
iphone.app.switcher	iOS=18.0	macOS=15.0	tvOS=18.0	visionOS=2.0	watchOS=11.0
iphone.badge.location	iOS=18.0	macOS=15.0	tvOS=18.0	visionOS=2.0	watchOS=11.0
iphone.crop.circle	iOS=18.0	macOS=15.0	tvOS=18.0	visionOS=2.0	watchOS=11.0
iphone.dock.motorized.viewfinder	iOS=18.0	macOS=15.0	tvOS=18.0	visionOS=2.0	watchOS=11.0
iphone.gen1.and.arrow.left	iOS=18.0	macOS=15.0	tvOS=18.0	visionOS=2.0	watchOS=11.0
iphone.gen1.badge.location	iOS=18.0	macOS=15.0	tvOS=18.0	visionOS=2.0	watchOS=11.0
iphone.gen1.crop.circle	iOS=18.0	macOS=15.0	tvOS=18.0	visionOS=2.0	watchOS=11.0
iphone.gen1.landscape.slash	iOS=18.0	macOS=15.0	tvOS=18.0	visionOS=2.0	watchOS=11.0
iphone.gen1.motion	iOS=18.0	macOS=15.0	tvOS=18.0	visionOS=2.0	watchOS=11.0
iphone.gen2.and.arrow.left.and.arrow.right.inward	iOS=18.0	macOS=15.0	tvOS=18.0	visionOS=2.0	watchOS=11.0
iphone.gen2.badge.location	iOS=18.0	macOS=15.0	tvOS=18.0	visionOS=2.0	watchOS=11.0
iphone.gen2.crop.circle	iOS=18.0	macOS=15.0	tvOS=18.0	visionOS=2.0	watchOS=11.0
iphone.gen2.landscape.slash	iOS=18.0	macOS=15.0	tvOS=18.0	visionOS=2.0	watchOS=11.0
iphone.gen2.motion	iOS=18.0	macOS=15.0	tvOS=18.0	visionOS=2.0	watchOS=11.0
iphone.gen3.and.arrow.left.and.arrow.right.inward	iOS=18.0	macOS=15.0	tvOS=18.0	visionOS=2.0	watchOS=11.0
iphone.gen3.badge.location	iOS=18.0	macOS=15.0	tvOS=18.0	visionOS=2.0	watchOS=11.0
iphone.gen3.crop.circle	iOS=18.0	macOS=15.0	tvOS=18.0	visionOS=2.0	watchOS=11.0
iphone.gen3.landscape.slash	iOS=18.0	macOS=15.0	tvOS=18.0	visionOS=2.0	watchOS=11.0
iphone.gen3.motion	iOS=18.0	macOS=15.0	tvOS=18.0	visionOS=2.0	watchOS=11.0
iphone.motion	iOS=18.0	macOS=15.0	tvOS=18.0	visionOS=2.0	watchOS=11.0
ipod.shuffle.gen1	iOS=18.0	macOS=15.0	tvOS=18.0	visionOS=2.0	watchOS=11.0
ipod.shuffle.gen2	iOS=18.0	macOS=15.0	tvOS=18.0	visionOS=2.0	watchOS=11.0
ipod.shuffle.gen3	iOS=18.0	macOS=15.0	tvOS=18.0	visionOS=2.0	watchOS=11.0
ipod.shuffle.gen4	iOS=18.0	macOS=15.0	tvOS=18.0	visionOS=2.0	watchOS=11.0
ipod.touch	iOS=18.0	macOS=15.0	tvOS=18.0	visionOS=2.0	watchOS=11.0
ipod.touch.landscape	iOS=18.0	macOS=15.0	tvOS=18.0	visionOS=2.0	watchOS=11.0
ipod.touch.slash	iOS=18.0	macOS=15.0	tvOS=18.0	visionOS=2.0	watchOS=11.0
jacket	iOS=18.0	macOS=15.0	tvOS=18.0	visionOS=2.0	watchOS=11.0
jacket.fill	iOS=18.0	macOS=15.0	tvOS=18.0	visionOS=2.0	watchOS=11.0
key.2.on.ring	iOS=18.0	macOS=15.0	tvOS=18.0	visionOS=2.0	watchOS=11.0
key.2.on.ring.fill	iOS=18.0	macOS=15.0	tvOS=18.0	visionOS=2.0	watchOS=11.0
key.car.radiowaves.forward	iOS=18.0	macOS=15.0	tvOS=18.0	visionOS=2.0	watchOS=11.0
key.car.radiowaves.forward.fill	iOS=18.0	macOS=15.0	tvOS=18.0	visionOS=2.0	watchOS=11.0
key.car.radiowaves.forward.fill.rtl	iOS=18.0	macOS=15.0	tvOS=18.0	visionOS=2.0	watchOS=11.0
key.car.radiowaves.forward.rtl	iOS=18.0	macOS=15.0	tvOS=18.0	visionOS=2.0	watchOS=11.0
key.card	iOS=18.0	macOS=15.0	tvOS=18.0	visionOS=2.0	watchOS=11.0
key.card.fill	iOS=18.0	macOS=15.0	tvOS=18.0	visionOS=2.0	watchOS=11.0
kipsign.arrow.trianglehead.counterclockwise.rotate.90	iOS=18.0	macOS=15.0	tvOS=18.0	visionOS=2.0	watchOS=11.0
kipsign.bank.building	iOS=18.0	macOS=15.0	tvOS=18.0	visionOS=2.0	watchOS=11.0
kipsign.bank.building.fill	iOS=18.0	macOS=15.0	tvOS=18.0	visionOS=2.0	watchOS=11.0
kipsign.gauge.chart.lefthalf.righthalf	iOS=18.0	macOS=15.0	tvOS=18.0	visionOS=2.0	watchOS=11.0
kipsign.gauge.chart.leftthird.topthird.rightthird	iOS=18.0	macOS=15.0	tvOS=18.0	visionOS=2.0	watchOS=11.0
kipsign.ring	iOS=18.0	macOS=15.0	tvOS=18.0	visionOS=2.0	watchOS=11.0
kipsign.ring.dashed	iOS=18.0	macOS=15.0	tvOS=18.0	visionOS=2.0	watchOS=11.0
ladybug.slash	iOS=18.0	macOS=15.0	tvOS=18.0	visionOS=2.0	watchOS=11.0
ladybug.slash.circle	iOS=18.0	macOS=15.0	tvOS=18.0	visionOS=2.0	watchOS=11.0
ladybug.slash.circle.fill	iOS=18.0	macOS=15.0	tvOS=18.0	visionOS=2.0	watchOS=11.0
ladybug.slash.fill	iOS=18.0	macOS=15.0	tvOS=18.0	visionOS=2.0	watchOS=11.0
larisign.arrow.trianglehead.counterclockwise.rotate.90	iOS=18.0	macOS=15.0	tvOS=18.0	visionOS=2.0	watchOS=11.0
larisign.bank.building	iOS=18.0	macOS=15.0	tvOS=18.0	visionOS=2.0	watchOS=11.0
larisign.bank.building.fill	iOS=18.0	macOS=15.0	tvOS=18.0	visionOS=2.0	watchOS=11.0
larisign.gauge.chart.lefthalf.righthalf	iOS=18.0	macOS=15.0	tvOS=18.0	visionOS=2.0	watchOS=11.0
larisign.gauge.chart.leftthird.topthird.rightthird	iOS=18.0	macOS=15.0	tvOS=18.0	visionOS=2.0	watchOS=11.0
larisign.ring	iOS=18.0	macOS=15.0	tvOS=18.0	visionOS=2.0	watchOS=11.0
larisign.ring.dashed	iOS=18.0	macOS=15.0	tvOS=18.0	visionOS=2.0	watchOS=11.0
leaf.arrow.trianglehead.clockwise	iOS=18.0	macOS=15.0	tvOS=18.0	visionOS=2.0	watchOS=11.0
lessthanorequalto	iOS=18.0	macOS=15.0	tvOS=18.0	visionOS=2.0	watchOS=11.0
lessthanorequalto.circle	iOS=18.0	macOS=15.0	tvOS=18.0	visionOS=2.0	watchOS=11.0
lessthanorequalto.circle.fill	iOS=18.0	macOS=15.0	tvOS=18.0	visionOS=2.0	watchOS=11.0
lessthanorequalto.square	iOS=18.0	macOS=15.0	tvOS=18.0	visionOS=2.0	watchOS=11.0
lessthanorequalto.square.fill	iOS=18.0	macOS=15.0	tvOS=18.0	visionOS=2.0	watchOS=11.0
lirasign.arrow.trianglehead.counterclockwise.rotate.90	iOS=18.0	macOS=15.0	tvOS=18.0	visionOS=2.0	watchOS=11.0
lirasign.bank.building	iOS=18.0	macOS=15.0	tvOS=18.0	visionOS=2.0	watchOS=11.0
lirasign.bank.building.fill	iOS=18.0	macOS=15.0	tvOS=18.0	visionOS=2.0	watchOS=11.0
lirasign.gauge.chart.lefthalf.righthalf	iOS=18.0	macOS=15.0	tvOS=18.0	visionOS=2.0	watchOS=11.0
lirasign.gauge.chart.leftthird.topthird.rightthird	iOS=18.0	macOS=15.0	tvOS=18.0	visionOS=2.0	watchOS=11.0
lirasign.ring	iOS=18.0	macOS=15.0	tvOS=18.0	visionOS=2.0	watchOS=11.0
lirasign.ring.dashed	iOS=18.0	macOS=15.0	tvOS=18.0	visionOS=2.0	watchOS=11.0
location.app	iOS=18.0	macOS=15.0	tvOS=18.0	visionOS=2.0	watchOS=11.0
location.app.fill	iOS=18.0	macOS=15.0	tvOS=18.0	visionOS=2.0	watchOS=11.0
lock.document	iOS=18.0	macOS=15.0	tvOS=18.0	visionOS=2.0	watchOS=11.0
lock.document.fill	iOS=18.0	macOS=15.0	tvOS=18.0	visionOS=2.0	watchOS=11.0
lock.rectangle.on.rectangle.dashed	iOS=18.0	macOS=15.0	tvOS=18.0	visionOS=2.0	watchOS=11.0
macbook.and.applewatch	iOS=18.0	macOS=15.0	tvOS=18.0	visionOS=2.0	watchOS=11.0
macbook.and.vision.pro	iOS=18.0	macOS=15.0	tvOS=18.0	visionOS=2.0	watchOS=11.0
macbook.slash	iOS=18.0	macOS=15.0	tvOS=18.0	visionOS=2.0	watchOS=11.0
malaysianringgitsign	iOS=18.0	macOS=15.0	tvOS=18.0	visionOS=2.0	watchOS=11.0
malaysianringgitsign.arrow.trianglehead.counterclockwise.rotate.90	iOS=18.0	macOS=15.0	tvOS=18.0	visionOS=2.0	watchOS=11.0
malaysianringgitsign.bank.building	iOS=18.0	macOS=15.0	tvOS=18.0	visionOS=2.0	watchOS=11.0
malaysianringgitsign.bank.building.fill	iOS=18.0	macOS=15.0	tvOS=18.0	visionOS=2.0	watchOS=11.0
malaysianringgitsign.circle	iOS=18.0	macOS=15.0	tvOS=18.0	visionOS=2.0	watchOS=11.0
malaysianringgitsign.circle.fill	iOS=18.0	macOS=15.0	tvOS=18.0	visionOS=2.0	watchOS=11.0
malaysianringgitsign.gauge.chart.lefthalf.righthalf	iOS=18.0	macOS=15.0	tvOS=18.0	visionOS=2.0	watchOS=11.0
malaysianringgitsign.gauge.chart.leftthird.topthird.rightthird	iOS=18.0	macOS=15.0	tvOS=18.0	visionOS=2.0	watchOS=11.0
malaysianringgitsign.ring	iOS=18.0	macOS=15.0	tvOS=18.0	visionOS=2.0	watchOS=11.0
malaysianringgitsign.ring.dashed	iOS=18.0	macOS=15.0	tvOS=18.0	visionOS=2.0	watchOS=11.0
malaysianringgitsign.square	iOS=18.0	macOS=15.0	tvOS=18.0	visionOS=2.0	watchOS=11.0
malaysianringgitsign.square.fill	iOS=18.0	macOS=15.0	tvOS=18.0	visionOS=2.0	watchOS=11.0
manatsign.arrow.trianglehead.counterclockwise.rotate.90	iOS=18.0	macOS=15.0	tvOS=18.0	visionOS=2.0	watchOS=11.0
manatsign.bank.building	iOS=18.0	macOS=15.0	tvOS=18.0	visionOS=2.0	watchOS=11.0
manatsign.bank.building.fill	iOS=18.0	macOS=15.0	tvOS=18.0	visionOS=2.0	watchOS=11.0
manatsign.gauge.chart.lefthalf.righthalf	iOS=18.0	macOS=15.0	tvOS=18.0	visionOS=2.0	watchOS=11.0
manatsign.gauge.chart.leftthird.topthird.rightthird	iOS=18.0	macOS=15.0	tvOS=18.0	visionOS=2.0	watchOS=11.0
manatsign.ring	iOS=18.0	macOS=15.0	tvOS=18.0	visionOS=2.0	watchOS=11.0
manatsign.ring.dashed	iOS=18.0	macOS=15.0	tvOS=18.0	visionOS=2.0	watchOS=11.0
matter.logo	iOS=18.0	macOS=15.0	tvOS=18.0	visionOS=2.0	watchOS=11.0
mecca	iOS=18.0	macOS=15.0	tvOS=18.0	visionOS=2.0	watchOS=11.0
microphone	iOS=18.0	macOS=15.0	tvOS=18.0	visionOS=2.0	watchOS=11.0
microphone.and.signal.meter	iOS=18.0	macOS=15.0	tvOS=18.0	visionOS=2.0	watchOS=11.0
microphone.and.signal.meter.fill	iOS=18.0	macOS=15.0	tvOS=18.0	visionOS=2.0	watchOS=11.0
microphone.badge.ellipsis	iOS=18.0	macOS=15.0	tvOS=18.0	visionOS=2.0	watchOS=11.0
microphone.badge.ellipsis.fill	iOS=18.0	macOS=15.0	tvOS=18.0	visionOS=2.0	watchOS=11.0
microphone.badge.plus	iOS=18.0	macOS=15.0	tvOS=18.0	visionOS=2.0	watchOS=11.0
microphone.badge.plus.fill	iOS=18.0	macOS=15.0	tvOS=18.0	visionOS=2.0	watchOS=11.0
microphone.badge.xmark	iOS=18.0	macOS=15.0	tvOS=18.0	visionOS=2.0	watchOS=11.0
microphone.badge.xmark.fill	iOS=18.0	macOS=15.0	tvOS=18.0	visionOS=2.0	watchOS=11.0
microphone.circle	iOS=18.0	macOS=15.0	tvOS=18.0	visionOS=2.0	watchOS=11.0
microphone.circle.fill	iOS=18.0	macOS=15.0	tvOS=18.0	visionOS=2.0	watchOS=11.0
microphone.fill	iOS=18.0	macOS=15.0	tvOS=18.0	visionOS=2.0	watchOS=11.0
microphone.slash	iOS=18.0	macOS=15.0	tvOS=18.0	visionOS=2.0	watchOS=11.0
microphone.slash.circle	iOS=18.0	macOS=15.0	tvOS=18.0	visionOS=2.0	watchOS=11.0
microphone.slash.circle.fill	iOS=18.0	macOS=15.0	tvOS=18.0	visionOS=2.0	watchOS=11.0
microphone.slash.fill	iOS=18.0	macOS=15.0	tvOS=18.0	visionOS=2.0	watchOS=11.0
microphone.square	iOS=18.0	macOS=15.0	tvOS=18.0	visionOS=2.0	watchOS=11.0
microphone.square.fill	iOS=18.0	macOS=15.0	tvOS=18.0	visionOS=2.0	watchOS=11.0
millsign.arrow.trianglehead.counterclockwise.rotate.90	iOS=18.0	macOS=15.0	tvOS=18.0	visionOS=2.0	watchOS=11.0
millsign.bank.building	iOS=18.0	macOS=15.0	tvOS=18.0	visionOS=2.0	watchOS=11.0
millsign.bank.building.fill	iOS=18.0	macOS=15.0	tvOS=18.0	visionOS=2.0	watchOS=11.0
millsign.gauge.chart.lefthalf.righthalf	iOS=18.0	macOS=15.0	tvOS=18.0	visionOS=2.0	watchOS=11.0
millsign.gauge.chart.leftthird.topthird.rightthird	iOS=18.0	macOS=15.0	tvOS=18.0	visionOS=2.0	watchOS=11.0
millsign.ring	iOS=18.0	macOS=15.0	tvOS=18.0	visionOS=2.0	watchOS=11.0
millsign.ring.dashed	iOS=18.0	macOS=15.0	tvOS=18.0	visionOS=2.0	watchOS=11.0
minus.arrow.trianglehead.counterclockwise	iOS=18.0	macOS=15.0	tvOS=18.0	visionOS=2.0	watchOS=11.0
moon.road.lanes	iOS=18.0	macOS=15.0	tvOS=18.0	visionOS=2.0	watchOS=11.0
moped	iOS=18.0	macOS=15.0	tvOS=18.0	visionOS=2.0	watchOS=11.0
moped.fill	iOS=18.0	macOS=15.0	tvOS=18.0	visionOS=2.0	watchOS=11.0
motorcycle	iOS=18.0	macOS=15.0	tvOS=18.0	visionOS=2.0	watchOS=11.0
motorcycle.fill	iOS=18.0	macOS=15.0	tvOS=18.0	visionOS=2.0	watchOS=11.0
music.microphone	iOS=18.0	macOS=15.0	tvOS=18.0	visionOS=2.0	watchOS=11.0
music.microphone.circle	iOS=18.0	macOS=15.0	tvOS=18.0	visionOS=2.0	watchOS=11.0
music.microphone.circle.fill	iOS=18.0	macOS=15.0	tvOS=18.0	visionOS=2.0	watchOS=11.0
nairasign.arrow.trianglehead.counterclockwise.rotate.90	iOS=18.0	macOS=15.0	tvOS=18.0	visionOS=2.0	watchOS=11.0
nairasign.bank.building	iOS=18.0	macOS=15.0	tvOS=18.0	visionOS=2.0	watchOS=11.0
nairasign.bank.building.fill	iOS=18.0	macOS=15.0	tvOS=18.0	visionOS=2.0	watchOS=11.0
nairasign.gauge.chart.lefthalf.righthalf	iOS=18.0	macOS=15.0	tvOS=18.0	visionOS=2.0	watchOS=11.0
nairasign.gauge.chart.leftthird.topthird.rightthird	iOS=18.0	macOS=15.0	tvOS=18.0	visionOS=2.0	watchOS=11.0
nairasign.ring	iOS=18.0	macOS=15.0	tvOS=18.0	visionOS=2.0	watchOS=11.0
nairasign.ring.dashed	iOS=18.0	macOS=15.0	tvOS=18.0	visionOS=2.0	watchOS=11.0
norwegiankronesign.arrow.trianglehead.counterclockwise.rotate.90	iOS=18.0	macOS=15.0	tvOS=18.0	visionOS=2.0	watchOS=11.0
norwegiankronesign.bank.building	iOS=18.0	macOS=15.0	tvOS=18.0	visionOS=2.0	watchOS=11.0
norwegiankronesign.bank.building.fill	iOS=18.0	macOS=15.0	tvOS=18.0	visionOS=2.0	watchOS=11.0
norwegiankronesign.gauge.chart.lefthalf.righthalf	iOS=18.0	macOS=15.0	tvOS=18.0	visionOS=2.0	watchOS=11.0
norwegiankronesign.gauge.chart.leftthird.topthird.rightthird	iOS=18.0	macOS=15.0	tvOS=18.0	visionOS=2.0	watchOS=11.0
norwegiankronesign.ring	iOS=18.0	macOS=15.0	tvOS=18.0	visionOS=2.0	watchOS=11.0
norwegiankronesign.ring.dashed	iOS=18.0	macOS=15.0	tvOS=18.0	visionOS=2.0	watchOS=11.0
notequal	iOS=18.0	macOS=15.0	tvOS=18.0	visionOS=2.0	watchOS=11.0
notequal.circle	iOS=18.0	macOS=15.0	tvOS=18.0	visionOS=2.0	watchOS=11.0
notequal.circle.fill	iOS=18.0	macOS=15.0	tvOS=18.0	visionOS=2.0	watchOS=11.0
notequal.square	iOS=18.0	macOS=15.0	tvOS=18.0	visionOS=2.0	watchOS=11.0
notequal.square.fill	iOS=18.0	macOS=15.0	tvOS=18.0	visionOS=2.0	watchOS=11.0
numbers	iOS=18.0	macOS=15.0	tvOS=18.0	visionOS=2.0	watchOS=11.0
numbers.ar	iOS=18.0	macOS=15.0	tvOS=18.0	visionOS=2.0	watchOS=11.0
numbers.hi	iOS=18.0	macOS=15.0	tvOS=18.0	visionOS=2.0	watchOS=11.0
numbers.rectangle	iOS=18.0	macOS=15.0	tvOS=18.0	visionOS=2.0	watchOS=11.0
numbers.rectangle.ar	iOS=18.0	macOS=15.0	tvOS=18.0	visionOS=2.0	watchOS=11.0
numbers.rectangle.fill	iOS=18.0	macOS=15.0	tvOS=18.0	visionOS=2.0	watchOS=11.0
numbers.rectangle.fill.ar	iOS=18.0	macOS=15.0	tvOS=18.0	visionOS=2.0	watchOS=11.0
numbers.rectangle.fill.hi	iOS=18.0	macOS=15.0	tvOS=18.0	visionOS=2.0	watchOS=11.0
numbers.rectangle.hi	iOS=18.0	macOS=15.0	tvOS=18.0	visionOS=2.0	watchOS=11.0
oar.2.crossed.circle	iOS=18.0	macOS=15.0	tvOS=18.0	visionOS=2.0	watchOS=11.0
oar.2.crossed.circle.fill	iOS=18.0	macOS=15.0	tvOS=18.0	visionOS=2.0	watchOS=11.0
oilcan.and.thermometer	iOS=18.0	macOS=15.0	tvOS=18.0	visionOS=2.0	watchOS=11.0
oilcan.and.thermometer.fill	iOS=18.0	macOS=15.0	tvOS=18.0	visionOS=2.0	watchOS=11.0
parkingsign.radiowaves.down.right.off	iOS=18.0	macOS=15.0	tvOS=18.0	visionOS=2.0	watchOS=11.0
parkingsign.radiowaves.left.and.right.slash	iOS=18.0	macOS=15.0	tvOS=18.0	visionOS=2.0	watchOS=11.0
parkingsign.square	iOS=18.0	macOS=15.0	tvOS=18.0	visionOS=2.0	watchOS=11.0
parkingsign.square.fill	iOS=18.0	macOS=15.0	tvOS=18.0	visionOS=2.0	watchOS=11.0
person.2.arrow.trianglehead.counterclockwise	iOS=18.0	macOS=15.0	tvOS=18.0	visionOS=2.0	watchOS=11.0
person.2.badge.minus	iOS=18.0	macOS=15.0	tvOS=18.0	visionOS=2.0	watchOS=11.0
person.2.badge.minus.fill	iOS=18.0	macOS=15.0	tvOS=18.0	visionOS=2.0	watchOS=11.0
person.2.badge.plus	iOS=18.0	macOS=15.0	tvOS=18.0	visionOS=2.0	watchOS=11.0
person.2.badge.plus.fill	iOS=18.0	macOS=15.0	tvOS=18.0	visionOS=2.0	watchOS=11.0
person.and.arrow.left.and.arrow.right.outward	iOS=18.0	macOS=15.0	tvOS=18.0	visionOS=2.0	watchOS=11.0
person.badge.shield.exclamationmark	iOS=18.0	macOS=15.0	tvOS=18.0	visionOS=2.0	watchOS=11.0
person.badge.shield.exclamationmark.fill	iOS=18.0	macOS=15.0	tvOS=18.0	visionOS=2.0	watchOS=11.0
person.crop.badge.magnifyingglass	iOS=18.0	macOS=15.0	tvOS=18.0	visionOS=2.0	watchOS=11.0
person.crop.badge.magnifyingglass.fill	iOS=18.0	macOS=15.0	tvOS=18.0	visionOS=2.0	watchOS=11.0
person.crop.square.on.square.angled	iOS=18.0	macOS=15.0	tvOS=18.0	visionOS=2.0	watchOS=11.0
person.crop.square.on.square.angled.fill	iOS=18.0	macOS=15.0	tvOS=18.0	visionOS=2.0	watchOS=11.0
person.fill.and.arrow.left.and.arrow.right.outward	iOS=18.0	macOS=15.0	tvOS=18.0	visionOS=2.0	watchOS=11.0
personalhotspot.slash	iOS=18.0	macOS=15.0	tvOS=18.0	visionOS=2.0	watchOS=11.0
peruviansolessign	iOS=18.0	macOS=15.0	tvOS=18.0	visionOS=2.0	watchOS=11.0
peruviansolessign.arrow.trianglehead.counterclockwise.rotate.90	iOS=18.0	macOS=15.0	tvOS=18.0	visionOS=2.0	watchOS=11.0
peruviansolessign.bank.building	iOS=18.0	macOS=15.0	tvOS=18.0	visionOS=2.0	watchOS=11.0
peruviansolessign.bank.building.fill	iOS=18.0	macOS=15.0	tvOS=18.0	visionOS=2.0	watchOS=11.0
peruviansolessign.circle	iOS=18.0	macOS=15.0	tvOS=18.0	visionOS=2.0	watchOS=11.0
peruviansolessign.circle.fill	iOS=18.0	macOS=15.0	tvOS=18.0	visionOS=2.0	watchOS=11.0
peruviansolessign.gauge.chart.lefthalf.righthalf	iOS=18.0	macOS=15.0	tvOS=18.0	visionOS=2.0	watchOS=11.0
peruviansolessign.gauge.chart.leftthird.topthird.rightthird	iOS=18.0	macOS=15.0	tvOS=18.0	visionOS=2.0	watchOS=11.0
peruviansolessign.ring	iOS=18.0	macOS=15.0	tvOS=18.0	visionOS=2.0	watchOS=11.0
peruviansolessign.ring.dashed	iOS=18.0	macOS=15.0	tvOS=18.0	visionOS=2.0	watchOS=11.0
peruviansolessign.square	iOS=18.0	macOS=15.0	tvOS=18.0	visionOS=2.0	watchOS=11.0
peruviansolessign.square.fill	iOS=18.0	macOS=15.0	tvOS=18.0	visionOS=2.0	watchOS=11.0
pesetasign.arrow.trianglehead.counterclockwise.rotate.90	iOS=18.0	macOS=15.0	tvOS=18.0	visionOS=2.0	watchOS=11.0
pesetasign.bank.building	iOS=18.0	macOS=15.0	tvOS=18.0	visionOS=2.0	watchOS=11.0
pesetasign.bank.building.fill	iOS=18.0	macOS=15.0	tvOS=18.0	visionOS=2.0	watchOS=11.0
pesetasign.gauge.chart.lefthalf.righthalf	iOS=18.0	macOS=15.0	tvOS=18.0	visionOS=2.0	watchOS=11.0
pesetasign.gauge.chart.leftthird.topthird.rightthird	iOS=18.0	macOS=15.0	tvOS=18.0	visionOS=2.0	watchOS=11.0
pesetasign.ring	iOS=18.0	macOS=15.0	tvOS=18.0	visionOS=2.0	watchOS=11.0
pesetasign.ring.dashed	iOS=18.0	macOS=15.0	tvOS=18.0	visionOS=2.0	watchOS=11.0
pesosign.arrow.trianglehead.counterclockwise.rotate.90	iOS=18.0	macOS=15.0	tvOS=18.0	visionOS=2.0	watchOS=11.0
pesosign.bank.building	iOS=18.0	macOS=15.0	tvOS=18.0	visionOS=2.0	watchOS=11.0
pesosign.bank.building.fill	iOS=18.0	macOS=15.0	tvOS=18.0	visionOS=2.0	watchOS=11.0
pesosign.gauge.chart.lefthalf.righthalf	iOS=18.0	macOS=15.0	tvOS=18.0	visionOS=2.0	watchOS=11.0
pesosign.gauge.chart.leftthird.topthird.rightthird	iOS=18.0	macOS=15.0	tvOS=18.0	visionOS=2.0	watchOS=11.0
pesosign.ring	iOS=18.0	macOS=15.0	tvOS=18.0	visionOS=2.0	watchOS=11.0
pesosign.ring.dashed	iOS=18.0	macOS=15.0	tvOS=18.0	visionOS=2.0	watchOS=11.0
phone.badge.clock	iOS=18.0	macOS=15.0	tvOS=18.0	visionOS=2.0	watchOS=11.0
phone.badge.clock.fill	iOS=18.0	macOS=15.0	tvOS=18.0	visionOS=2.0	watchOS=11.0
photo.badge.exclamationmark	iOS=18.0	macOS=15.0	tvOS=18.0	visionOS=2.0	watchOS=11.0
photo.badge.exclamationmark.fill	iOS=18.0	macOS=15.0	tvOS=18.0	visionOS=2.0	watchOS=11.0
photo.on.rectangle.angled.fill	iOS=18.0	macOS=15.0	tvOS=18.0	visionOS=2.0	watchOS=11.0
plus.arrow.trianglehead.clockwise	iOS=18.0	macOS=15.0	tvOS=18.0	visionOS=2.0	watchOS=11.0
point.bottomleft.forward.to.arrow.triangle.scurvepath	iOS=18.0	macOS=15.0	tvOS=18.0	visionOS=2.0	watchOS=11.0
point.bottomleft.forward.to.arrow.triangle.scurvepath.fill	iOS=18.0	macOS=15.0	tvOS=18.0	visionOS=2.0	watchOS=11.0
point.bottomleft.forward.to.arrow.triangle.uturn.scurvepath	iOS=18.0	macOS=15.0	tvOS=18.0	visionOS=2.0	watchOS=11.0
point.bottomleft.forward.to.arrow.triangle.uturn.scurvepath.fill	iOS=18.0	macOS=15.0	tvOS=18.0	visionOS=2.0	watchOS=11.0
point.topright.arrow.triangle.backward.to.point.bottomleft.filled.scurvepath	iOS=18.0	macOS=15.0	tvOS=18.0	visionOS=2.0	watchOS=11.0
point.topright.arrow.triangle.backward.to.point.bottomleft.scurvepath	iOS=18.0	macOS=15.0	tvOS=18.0	visionOS=2.0	watchOS=11.0
point.topright.arrow.triangle.backward.to.point.bottomleft.scurvepath.fill	iOS=18.0	macOS=15.0	tvOS=18.0	visionOS=2.0	watchOS=11.0
point.topright.filled.arrow.triangle.backward.to.point.bottomleft.scurvepath	iOS=18.0	macOS=15.0	tvOS=18.0	visionOS=2.0	watchOS=11.0
polishzlotysign.arrow.trianglehead.counterclockwise.rotate.90	iOS=18.0	macOS=15.0	tvOS=18.0	visionOS=2.0	watchOS=11.0
polishzlotysign.bank.building	iOS=18.0	macOS=15.0	tvOS=18.0	visionOS=2.0	watchOS=11.0
polishzlotysign.bank.building.fill	iOS=18.0	macOS=15.0	tvOS=18.0	visionOS=2.0	watchOS=11.0
polishzlotysign.gauge.chart.lefthalf.righthalf	iOS=18.0	macOS=15.0	tvOS=18.0	visionOS=2.0	watchOS=11.0
polishzlotysign.gauge.chart.leftthird.topthird.rightthird	iOS=18.0	macOS=15.0	tvOS=18.0	visionOS=2.0	watchOS=11.0
polishzlotysign.ring	iOS=18.0	macOS=15.0	tvOS=18.0	visionOS=2.0	watchOS=11.0
polishzlotysign.ring.dashed	iOS=18.0	macOS=15.0	tvOS=18.0	visionOS=2.0	watchOS=11.0
powermeter	iOS=18.0	macOS=15.0	tvOS=18.0	visionOS=2.0	watchOS=11.0
powerplug.portrait	iOS=18.0	macOS=15.0	tvOS=18.0	visionOS=2.0	watchOS=11.0
powerplug.portrait.fill	iOS=18.0	macOS=15.0	tvOS=18.0	visionOS=2.0	watchOS=11.0
printer.dotmatrix.filled.and.paper.inverse	iOS=18.0	macOS=15.0	tvOS=18.0	visionOS=2.0	watchOS=11.0
printer.dotmatrix.inverse	iOS=18.0	macOS=15.0	tvOS=18.0	visionOS=2.0	watchOS=11.0
printer.filled.and.paper.inverse	iOS=18.0	macOS=15.0	tvOS=18.0	visionOS=2.0	watchOS=11.0
printer.inverse	iOS=18.0	macOS=15.0	tvOS=18.0	visionOS=2.0	watchOS=11.0
progress.indicator	iOS=18.0	macOS=15.0	tvOS=18.0	visionOS=2.0	watchOS=11.0
questionmark.circle.dashed	iOS=18.0	macOS=15.0	tvOS=18.0	visionOS=2.0	watchOS=11.0
questionmark.circle.dashed.ar	iOS=18.0	macOS=15.0	tvOS=18.0	visionOS=2.0	watchOS=11.0
questionmark.text.page	iOS=18.0	macOS=15.0	tvOS=18.0	visionOS=2.0	watchOS=11.0
questionmark.text.page.ar	iOS=18.0	macOS=15.0	tvOS=18.0	visionOS=2.0	watchOS=11.0
questionmark.text.page.fill	iOS=18.0	macOS=15.0	tvOS=18.0	visionOS=2.0	watchOS=11.0
questionmark.text.page.fill.ar	iOS=18.0	macOS=15.0	tvOS=18.0	visionOS=2.0	watchOS=11.0
questionmark.text.page.fill.rtl	iOS=18.0	macOS=15.0	tvOS=18.0	visionOS=2.0	watchOS=11.0
questionmark.text.page.rtl	iOS=18.0	macOS=15.0	tvOS=18.0	visionOS=2.0	watchOS=11.0
rectangle.expand.diagonal	iOS=18.0	macOS=15.0	tvOS=18.0	visionOS=2.0	watchOS=11.0
rectangle.grid.3x3	iOS=18.0	macOS=15.0	tvOS=18.0	visionOS=2.0	watchOS=11.0
rectangle.grid.3x3.fill	iOS=18.0	macOS=15.0	tvOS=18.0	visionOS=2.0	watchOS=11.0
rectangle.on.rectangle.dashed	iOS=18.0	macOS=15.0	tvOS=18.0	visionOS=2.0	watchOS=11.0
rectangle.pattern.checkered	iOS=18.0	macOS=15.0	tvOS=18.0	visionOS=2.0	watchOS=11.0
richtext.page	iOS=18.0	macOS=15.0	tvOS=18.0	visionOS=2.0	watchOS=11.0
richtext.page.ar	iOS=18.0	macOS=15.0	tvOS=18.0	visionOS=2.0	watchOS=11.0
richtext.page.fill	iOS=18.0	macOS=15.0	tvOS=18.0	visionOS=2.0	watchOS=11.0
richtext.page.fill.ar	iOS=18.0	macOS=15.0	tvOS=18.0	visionOS=2.0	watchOS=11.0
richtext.page.fill.he	iOS=18.0	macOS=15.0	tvOS=18.0	visionOS=2.0	watchOS=11.0
richtext.page.fill.hi	iOS=18.0	macOS=15.0	tvOS=18.0	visionOS=2.0	watchOS=11.0
richtext.page.fill.ja	iOS=18.0	macOS=15.0	tvOS=18.0	visionOS=2.0	watchOS=11.0
richtext.page.fill.ko	iOS=18.0	macOS=15.0	tvOS=18.0	visionOS=2.0	watchOS=11.0
richtext.page.fill.th	iOS=18.0	macOS=15.0	tvOS=18.0	visionOS=2.0	watchOS=11.0
richtext.page.fill.zh	iOS=18.0	macOS=15.0	tvOS=18.0	visionOS=2.0	watchOS=11.0
richtext.page.he	iOS=18.0	macOS=15.0	tvOS=18.0	visionOS=2.0	watchOS=11.0
richtext.page.hi	iOS=18.0	macOS=15.0	tvOS=18.0	visionOS=2.0	watchOS=11.0
richtext.page.ja	iOS=18.0	macOS=15.0	tvOS=18.0	visionOS=2.0	watchOS=11.0
richtext.page.ko	iOS=18.0	macOS=15.0	tvOS=18.0	visionOS=2.0	watchOS=11.0
richtext.page.th	iOS=18.0	macOS=15.0	tvOS=18.0	visionOS=2.0	watchOS=11.0
richtext.page.zh	iOS=18.0	macOS=15.0	tvOS=18.0	visionOS=2.0	watchOS=11.0
robotic.vacuum	iOS=18.0	macOS=15.0	tvOS=18.0	visionOS=2.0	watchOS=11.0
robotic.vacuum.fill	iOS=18.0	macOS=15.0	tvOS=18.0	visionOS=2.0	watchOS=11.0
rublesign.arrow.trianglehead.counterclockwise.rotate.90	iOS=18.0	macOS=15.0	tvOS=18.0	visionOS=2.0	watchOS=11.0
rublesign.bank.building	iOS=18.0	macOS=15.0	tvOS=18.0	visionOS=2.0	watchOS=11.0
rublesign.bank.building.fill	iOS=18.0	macOS=15.0	tvOS=18.0	visionOS=2.0	watchOS=11.0
rublesign.gauge.chart.lefthalf.righthalf	iOS=18.0	macOS=15.0	tvOS=18.0	visionOS=2.0	watchOS=11.0
rublesign.gauge.chart.leftthird.topthird.rightthird	iOS=18.0	macOS=15.0	tvOS=18.0	visionOS=2.0	watchOS=11.0
rublesign.ring	iOS=18.0	macOS=15.0	tvOS=18.0	visionOS=2.0	watchOS=11.0
rublesign.ring.dashed	iOS=18.0	macOS=15.0	tvOS=18.0	visionOS=2.0	watchOS=11.0
rugbyball	iOS=18.0	macOS=15.0	tvOS=18.0	visionOS=2.0	watchOS=11.0
rugbyball.circle	iOS=18.0	macOS=15.0	tvOS=18.0	visionOS=2.0	watchOS=11.0
rugbyball.circle.fill	iOS=18.0	macOS=15.0	tvOS=18.0	visionOS=2.0	watchOS=11.0
rugbyball.fill	iOS=18.0	macOS=15.0	tvOS=18.0	visionOS=2.0	watchOS=11.0
rupeesign.arrow.trianglehead.counterclockwise.rotate.90	iOS=18.0	macOS=15.0	tvOS=18.0	visionOS=2.0	watchOS=11.0
rupeesign.bank.building	iOS=18.0	macOS=15.0	tvOS=18.0	visionOS=2.0	watchOS=11.0
rupeesign.bank.building.fill	iOS=18.0	macOS=15.0	tvOS=18.0	visionOS=2.0	watchOS=11.0
rupeesign.gauge.chart.lefthalf.righthalf	iOS=18.0	macOS=15.0	tvOS=18.0	visionOS=2.0	watchOS=11.0
rupeesign.gauge.chart.leftthird.topthird.rightthird	iOS=18.0	macOS=15.0	tvOS=18.0	visionOS=2.0	watchOS=11.0
rupeesign.ring	iOS=18.0	macOS=15.0	tvOS=18.0	visionOS=2.0	watchOS=11.0
rupeesign.ring.dashed	iOS=18.0	macOS=15.0	tvOS=18.0	visionOS=2.0	watchOS=11.0
sharedwithyou	iOS=18.0	macOS=15.0	tvOS=18.0	visionOS=2.0	watchOS=11.0
sharedwithyou.circle	iOS=18.0	macOS=15.0	tvOS=18.0	visionOS=2.0	watchOS=11.0
sharedwithyou.circle.fill	iOS=18.0	macOS=15.0	tvOS=18.0	visionOS=2.0	watchOS=11.0
sharedwithyou.slash	iOS=18.0	macOS=15.0	tvOS=18.0	visionOS=2.0	watchOS=11.0
shekelsign.arrow.trianglehead.counterclockwise.rotate.90	iOS=18.0	macOS=15.0	tvOS=18.0	visionOS=2.0	watchOS=11.0
shekelsign.bank.building	iOS=18.0	macOS=15.0	tvOS=18.0	visionOS=2.0	watchOS=11.0
shekelsign.bank.building.fill	iOS=18.0	macOS=15.0	tvOS=18.0	visionOS=2.0	watchOS=11.0
shekelsign.gauge.chart.lefthalf.righthalf	iOS=18.0	macOS=15.0	tvOS=18.0	visionOS=2.0	watchOS=11.0
shekelsign.gauge.chart.leftthird.topthird.rightthird	iOS=18.0	macOS=15.0	tvOS=18.0	visionOS=2.0	watchOS=11.0
shekelsign.ring	iOS=18.0	macOS=15.0	tvOS=18.0	visionOS=2.0	watchOS=11.0
shekelsign.ring.dashed	iOS=18.0	macOS=15.0	tvOS=18.0	visionOS=2.0	watchOS=11.0
shield.pattern.checkered	iOS=18.0	macOS=15.0	tvOS=18.0	visionOS=2.0	watchOS=11.0
singaporedollarsign	iOS=18.0	macOS=15.0	tvOS=18.0	visionOS=2.0	watchOS=11.0
singaporedollarsign.arrow.trianglehead.counterclockwise.rotate.90	iOS=18.0	macOS=15.0	tvOS=18.0	visionOS=2.0	watchOS=11.0
singaporedollarsign.bank.building	iOS=18.0	macOS=15.0	tvOS=18.0	visionOS=2.0	watchOS=11.0
singaporedollarsign.bank.building.fill	iOS=18.0	macOS=15.0	tvOS=18.0	visionOS=2.0	watchOS=11.0
singaporedollarsign.circle	iOS=18.0	macOS=15.0	tvOS=18.0	visionOS=2.0	watchOS=11.0
singaporedollarsign.circle.fill	iOS=18.0	macOS=15.0	tvOS=18.0	visionOS=2.0	watchOS=11.0
singaporedollarsign.gauge.chart.lefthalf.righthalf	iOS=18.0	macOS=15.0	tvOS=18.0	visionOS=2.0	watchOS=11.0
singaporedollarsign.gauge.chart.leftthird.topthird.rightthird	iOS=18.0	macOS=15.0	tvOS=18.0	visionOS=2.0	watchOS=11.0
singaporedollarsign.ring	iOS=18.0	macOS=15.0	tvOS=18.0	visionOS=2.0	watchOS=11.0
singaporedollarsign.ring.dashed	iOS=18.0	macOS=15.0	tvOS=18.0	visionOS=2.0	watchOS=11.0
singaporedollarsign.square	iOS=18.0	macOS=15.0	tvOS=18.0	visionOS=2.0	watchOS=11.0
singaporedollarsign.square.fill	iOS=18.0	macOS=15.0	tvOS=18.0	visionOS=2.0	watchOS=11.0
slider.horizontal.2.arrow.trianglehead.counterclockwise	iOS=18.0	macOS=15.0	tvOS=18.0	visionOS=2.0	watchOS=11.0
slider.horizontal.2.rectangle.and.arrow.trianglehead.2.clockwise.rotate.90	iOS=18.0	macOS=15.0	tvOS=18.0	visionOS=2.0	watchOS=11.0
speaker.wave.1.arrowtriangles.up.right.down.left	iOS=18.0	macOS=15.0	tvOS=18.0	visionOS=2.0	watchOS=11.0
square.and.arrow.down.badge.clock	iOS=18.0	macOS=15.0	tvOS=18.0	visionOS=2.0	watchOS=11.0
square.and.arrow.down.badge.clock.fill	iOS=18.0	macOS=15.0	tvOS=18.0	visionOS=2.0	watchOS=11.0
square.and.arrow.up.trianglebadge.exclamationmark.fill	iOS=18.0	macOS=15.0	tvOS=18.0	visionOS=2.0	watchOS=11.0
square.grid.3x3.square.badge.ellipsis	iOS=18.0	macOS=15.0	tvOS=18.0	visionOS=2.0	watchOS=11.0
squareroot	iOS=18.0	macOS=15.0	tvOS=18.0	visionOS=2.0	watchOS=11.0
steeringwheel.and.hands	iOS=18.0	macOS=15.0	tvOS=18.0	visionOS=2.0	watchOS=11.0
steeringwheel.arrow.trianglehead.counterclockwise.and.clockwise	iOS=18.0	macOS=15.0	tvOS=18.0	visionOS=2.0	watchOS=11.0
sterlingsign.arrow.trianglehead.counterclockwise.rotate.90	iOS=18.0	macOS=15.0	tvOS=18.0	visionOS=2.0	watchOS=11.0
sterlingsign.bank.building	iOS=18.0	macOS=15.0	tvOS=18.0	visionOS=2.0	watchOS=11.0
sterlingsign.bank.building.fill	iOS=18.0	macOS=15.0	tvOS=18.0	visionOS=2.0	watchOS=11.0
sterlingsign.gauge.chart.lefthalf.righthalf	iOS=18.0	macOS=15.0	tvOS=18.0	visionOS=2.0	watchOS=11.0
sterlingsign.gauge.chart.leftthird.topthird.rightthird	iOS=18.0	macOS=15.0	tvOS=18.0	visionOS=2.0	watchOS=11.0
sterlingsign.ring	iOS=18.0	macOS=15.0	tvOS=18.0	visionOS=2.0	watchOS=11.0
sterlingsign.ring.dashed	iOS=18.0	macOS=15.0	tvOS=18.0	visionOS=2.0	watchOS=11.0
sun.lefthalf.filled	iOS=18.0	macOS=15.0	tvOS=18.0	visionOS=2.0	watchOS=11.0
sun.righthalf.filled	iOS=18.0	macOS=15.0	tvOS=18.0	visionOS=2.0	watchOS=11.0
suspension.shock	iOS=18.0	macOS=15.0	tvOS=18.0	visionOS=2.0	watchOS=11.0
suv.side.front.open.crop	iOS=18.0	macOS=15.0	tvOS=18.0	visionOS=2.0	watchOS=11.0
suv.side.front.open.crop.fill	iOS=18.0	macOS=15.0	tvOS=18.0	visionOS=2.0	watchOS=11.0
suv.side.hill.descent.control	iOS=18.0	macOS=15.0	tvOS=18.0	visionOS=2.0	watchOS=11.0
suv.side.hill.descent.control.fill	iOS=18.0	macOS=15.0	tvOS=18.0	visionOS=2.0	watchOS=11.0
suv.side.rear.open.crop	iOS=18.0	macOS=15.0	tvOS=18.0	visionOS=2.0	watchOS=11.0
suv.side.rear.open.crop.fill	iOS=18.0	macOS=15.0	tvOS=18.0	visionOS=2.0	watchOS=11.0
suv.side.roof.cargo.carrier	iOS=18.0	macOS=15.0	tvOS=18.0	visionOS=2.0	watchOS=11.0
suv.side.roof.cargo.carrier.fill	iOS=18.0	macOS=15.0	tvOS=18.0	visionOS=2.0	watchOS=11.0
suv.side.roof.cargo.carrier.slash	iOS=18.0	macOS=15.0	tvOS=18.0	visionOS=2.0	watchOS=11.0
suv.side.roof.cargo.carrier.slash.fill	iOS=18.0	macOS=15.0	tvOS=18.0	visionOS=2.0	watchOS=11.0
swedishkronasign.arrow.trianglehead.counterclockwise.rotate.90	iOS=18.0	macOS=15.0	tvOS=18.0	visionOS=2.0	watchOS=11.0
swedishkronasign.bank.building	iOS=18.0	macOS=15.0	tvOS=18.0	visionOS=2.0	watchOS=11.0
swedishkronasign.bank.building.fill	iOS=18.0	macOS=15.0	tvOS=18.0	visionOS=2.0	watchOS=11.0
swedishkronasign.gauge.chart.lefthalf.righthalf	iOS=18.0	macOS=15.0	tvOS=18.0	visionOS=2.0	watchOS=11.0
swedishkronasign.gauge.chart.leftthird.topthird.rightthird	iOS=18.0	macOS=15.0	tvOS=18.0	visionOS=2.0	watchOS=11.0
swedishkronasign.ring	iOS=18.0	macOS=15.0	tvOS=18.0	visionOS=2.0	watchOS=11.0
swedishkronasign.ring.dashed	iOS=18.0	macOS=15.0	tvOS=18.0	visionOS=2.0	watchOS=11.0
tachometer	iOS=18.0	macOS=15.0	tvOS=18.0	visionOS=2.0	watchOS=11.0
tengesign.arrow.trianglehead.counterclockwise.rotate.90	iOS=18.0	macOS=15.0	tvOS=18.0	visionOS=2.0	watchOS=11.0
tengesign.bank.building	iOS=18.0	macOS=15.0	tvOS=18.0	visionOS=2.0	watchOS=11.0
tengesign.bank.building.fill	iOS=18.0	macOS=15.0	tvOS=18.0	visionOS=2.0	watchOS=11.0
tengesign.gauge.chart.lefthalf.righthalf	iOS=18.0	macOS=15.0	tvOS=18.0	visionOS=2.0	watchOS=11.0
tengesign.gauge.chart.leftthird.topthird.rightthird	iOS=18.0	macOS=15.0	tvOS=18.0	visionOS=2.0	watchOS=11.0
tengesign.ring	iOS=18.0	macOS=15.0	tvOS=18.0	visionOS=2.0	watchOS=11.0
tengesign.ring.dashed	iOS=18.0	macOS=15.0	tvOS=18.0	visionOS=2.0	watchOS=11.0
text.bubble.badge.clock	iOS=18.0	macOS=15.0	tvOS=18.0	visionOS=2.0	watchOS=11.0
text.bubble.badge.clock.fill	iOS=18.0	macOS=15.0	tvOS=18.0	visionOS=2.0	watchOS=11.0
text.bubble.badge.clock.fill.rtl	iOS=18.0	macOS=15.0	tvOS=18.0	visionOS=2.0	watchOS=11.0
text.bubble.badge.clock.rtl	iOS=18.0	macOS=15.0	tvOS=18.0	visionOS=2.0	watchOS=11.0
text.document	iOS=18.0	macOS=15.0	tvOS=18.0	visionOS=2.0	watchOS=11.0
text.document.fill	iOS=18.0	macOS=15.0	tvOS=18.0	visionOS=2.0	watchOS=11.0
text.line.magnify	iOS=18.0	macOS=15.0	tvOS=18.0	visionOS=2.0	watchOS=11.0
text.page	iOS=18.0	macOS=15.0	tvOS=18.0	visionOS=2.0	watchOS=11.0
text.page.badge.magnifyingglass	iOS=18.0	macOS=15.0	tvOS=18.0	visionOS=2.0	watchOS=11.0
text.page.fill	iOS=18.0	macOS=15.0	tvOS=18.0	visionOS=2.0	watchOS=11.0
text.page.slash	iOS=18.0	macOS=15.0	tvOS=18.0	visionOS=2.0	watchOS=11.0
text.page.slash.fill	iOS=18.0	macOS=15.0	tvOS=18.0	visionOS=2.0	watchOS=11.0
text.page.slash.fill.rtl	iOS=18.0	macOS=15.0	tvOS=18.0	visionOS=2.0	watchOS=11.0
text.page.slash.rtl	iOS=18.0	macOS=15.0	tvOS=18.0	visionOS=2.0	watchOS=11.0
text.rectangle.page	iOS=18.0	macOS=15.0	tvOS=18.0	visionOS=2.0	watchOS=11.0
text.rectangle.page.fill	iOS=18.0	macOS=15.0	tvOS=18.0	visionOS=2.0	watchOS=11.0
textformat.alt.ar	iOS=18.0	macOS=15.0	tvOS=18.0	visionOS=2.0	watchOS=11.0
textformat.alt.el	iOS=18.0	macOS=15.0	tvOS=18.0	visionOS=2.0	watchOS=11.0
textformat.alt.he	iOS=18.0	macOS=15.0	tvOS=18.0	visionOS=2.0	watchOS=11.0
textformat.alt.hi	iOS=18.0	macOS=15.0	tvOS=18.0	visionOS=2.0	watchOS=11.0
textformat.alt.ja	iOS=18.0	macOS=15.0	tvOS=18.0	visionOS=2.0	watchOS=11.0
textformat.alt.ko	iOS=18.0	macOS=15.0	tvOS=18.0	visionOS=2.0	watchOS=11.0
textformat.alt.th	iOS=18.0	macOS=15.0	tvOS=18.0	visionOS=2.0	watchOS=11.0
textformat.alt.zh	iOS=18.0	macOS=15.0	tvOS=18.0	visionOS=2.0	watchOS=11.0
textformat.ar	iOS=18.0	macOS=15.0	tvOS=18.0	visionOS=2.0	watchOS=11.0
textformat.characters	iOS=18.0	macOS=15.0	tvOS=18.0	visionOS=2.0	watchOS=11.0
textformat.characters.ar	iOS=18.0	macOS=15.0	tvOS=18.0	visionOS=2.0	watchOS=11.0
textformat.characters.arrow.left.and.right	iOS=18.0	macOS=15.0	tvOS=18.0	visionOS=2.0	watchOS=11.0
textformat.characters.arrow.left.and.right.ar	iOS=18.0	macOS=15.0	tvOS=18.0	visionOS=2.0	watchOS=11.0
textformat.characters.arrow.left.and.right.el	iOS=18.0	macOS=15.0	tvOS=18.0	visionOS=2.0	watchOS=11.0
textformat.characters.arrow.left.and.right.he	iOS=18.0	macOS=15.0	tvOS=18.0	visionOS=2.0	watchOS=11.0
textformat.characters.arrow.left.and.right.hi	iOS=18.0	macOS=15.0	tvOS=18.0	visionOS=2.0	watchOS=11.0
textformat.characters.arrow.left.and.right.ja	iOS=18.0	macOS=15.0	tvOS=18.0	visionOS=2.0	watchOS=11.0
textformat.characters.arrow.left.and.right.ko	iOS=18.0	macOS=15.0	tvOS=18.0	visionOS=2.0	watchOS=11.0
textformat.characters.arrow.left.and.right.ru	iOS=18.0	macOS=15.0	tvOS=18.0	visionOS=2.0	watchOS=11.0
textformat.characters.arrow.left.and.right.th	iOS=18.0	macOS=15.0	tvOS=18.0	visionOS=2.0	watchOS=11.0
textformat.characters.arrow.left.and.right.zh	iOS=18.0	macOS=15.0	tvOS=18.0	visionOS=2.0	watchOS=11.0
textformat.characters.dottedunderline	iOS=18.0	macOS=15.0	tvOS=18.0	visionOS=2.0	watchOS=11.0
textformat.characters.dottedunderline.ar	iOS=18.0	macOS=15.0	tvOS=18.0	visionOS=2.0	watchOS=11.0
textformat.characters.dottedunderline.el	iOS=18.0	macOS=15.0	tvOS=18.0	visionOS=2.0	watchOS=11.0
textformat.characters.dottedunderline.he	iOS=18.0	macOS=15.0	tvOS=18.0	visionOS=2.0	watchOS=11.0
textformat.characters.dottedunderline.hi	iOS=18.0	macOS=15.0	tvOS=18.0	visionOS=2.0	watchOS=11.0
textformat.characters.dottedunderline.ja	iOS=18.0	macOS=15.0	tvOS=18.0	visionOS=2.0	watchOS=11.0
textformat.characters.dottedunderline.ko	iOS=18.0	macOS=15.0	tvOS=18.0	visionOS=2.0	watchOS=11.0
textformat.characters.dottedunderline.ru	iOS=18.0	macOS=15.0	tvOS=18.0	visionOS=2.0	watchOS=11.0
textformat.characters.dottedunderline.th	iOS=18.0	macOS=15.0	tvOS=18.0	visionOS=2.0	watchOS=11.0
textformat.characters.dottedunderline.zh	iOS=18.0	macOS=15.0	tvOS=18.0	visionOS=2.0	watchOS=11.0
textformat.characters.el	iOS=18.0	macOS=15.0	tvOS=18.0	visionOS=2.0	watchOS=11.0
textformat.characters.he	iOS=18.0	macOS=15.0	tvOS=18.0	visionOS=2.0	watchOS=11.0
textformat.characters.hi	iOS=18.0	macOS=15.0	tvOS=18.0	visionOS=2.0	watchOS=11.0
textformat.characters.ja	iOS=18.0	macOS=15.0	tvOS=18.0	visionOS=2.0	watchOS=11.0
textformat.characters.ko	iOS=18.0	macOS=15.0	tvOS=18.0	visionOS=2.0	watchOS=11.0
textformat.characters.ru	iOS=18.0	macOS=15.0	tvOS=18.0	visionOS=2.0	watchOS=11.0
textformat.characters.th	iOS=18.0	macOS=15.0	tvOS=18.0	visionOS=2.0	watchOS=11.0
textformat.characters.zh	iOS=18.0	macOS=15.0	tvOS=18.0	visionOS=2.0	watchOS=11.0
textformat.el	iOS=18.0	macOS=15.0	tvOS=18.0	visionOS=2.0	watchOS=11.0
textformat.he	iOS=18.0	macOS=15.0	tvOS=18.0	visionOS=2.0	watchOS=11.0
textformat.hi	iOS=18.0	macOS=15.0	tvOS=18.0	visionOS=2.0	watchOS=11.0
textformat.ja	iOS=18.0	macOS=15.0	tvOS=18.0	visionOS=2.0	watchOS=11.0
textformat.ko	iOS=18.0	macOS=15.0	tvOS=18.0	visionOS=2.0	watchOS=11.0
textformat.numbers	iOS=18.0	macOS=15.0	tvOS=18.0	visionOS=2.0	watchOS=11.0
textformat.numbers.ar	iOS=18.0	macOS=15.0	tvOS=18.0	visionOS=2.0	watchOS=11.0
textformat.numbers.bn	iOS=18.0	macOS=15.0	tvOS=18.0	visionOS=2.0	watchOS=11.0
textformat.numbers.gu	iOS=18.0	macOS=15.0	tvOS=18.0	visionOS=2.0	watchOS=11.0
textformat.numbers.hi	iOS=18.0	macOS=15.0	tvOS=18.0	visionOS=2.0	watchOS=11.0
textformat.numbers.km	iOS=18.0	macOS=15.0	tvOS=18.0	visionOS=2.0	watchOS=11.0
textformat.numbers.kn	iOS=18.0	macOS=15.0	tvOS=18.0	visionOS=2.0	watchOS=11.0
textformat.numbers.ml	iOS=18.0	macOS=15.0	tvOS=18.0	visionOS=2.0	watchOS=11.0
textformat.numbers.mni	iOS=18.0	macOS=15.0	tvOS=18.0	visionOS=2.0	watchOS=11.0
textformat.numbers.my	iOS=18.0	macOS=15.0	tvOS=18.0	visionOS=2.0	watchOS=11.0
textformat.numbers.or	iOS=18.0	macOS=15.0	tvOS=18.0	visionOS=2.0	watchOS=11.0
textformat.numbers.pa	iOS=18.0	macOS=15.0	tvOS=18.0	visionOS=2.0	watchOS=11.0
textformat.numbers.sat	iOS=18.0	macOS=15.0	tvOS=18.0	visionOS=2.0	watchOS=11.0
textformat.numbers.te	iOS=18.0	macOS=15.0	tvOS=18.0	visionOS=2.0	watchOS=11.0
textformat.size.bn	iOS=18.0	macOS=15.0	tvOS=18.0	visionOS=2.0	watchOS=11.0
textformat.size.gu	iOS=18.0	macOS=15.0	tvOS=18.0	visionOS=2.0	watchOS=11.0
textformat.size.kn	iOS=18.0	macOS=15.0	tvOS=18.0	visionOS=2.0	watchOS=11.0
textformat.size.larger.bn	iOS=18.0	macOS=15.0	tvOS=18.0	visionOS=2.0	watchOS=11.0
textformat.size.larger.gu	iOS=18.0	macOS=15.0	tvOS=18.0	visionOS=2.0	watchOS=11.0
textformat.size.larger.kn	iOS=18.0	macOS=15.0	tvOS=18.0	visionOS=2.0	watchOS=11.0
textformat.size.larger.ml	iOS=18.0	macOS=15.0	tvOS=18.0	visionOS=2.0	watchOS=11.0
textformat.size.larger.mni	iOS=18.0	macOS=15.0	tvOS=18.0	visionOS=2.0	watchOS=11.0
textformat.size.larger.mr	iOS=18.0	macOS=15.0	tvOS=18.0	visionOS=2.0	watchOS=11.0
textformat.size.larger.or	iOS=18.0	macOS=15.0	tvOS=18.0	visionOS=2.0	watchOS=11.0
textformat.size.larger.pa	iOS=18.0	macOS=15.0	tvOS=18.0	visionOS=2.0	watchOS=11.0
textformat.size.larger.sat	iOS=18.0	macOS=15.0	tvOS=18.0	visionOS=2.0	watchOS=11.0
textformat.size.larger.si	iOS=18.0	macOS=15.0	tvOS=18.0	visionOS=2.0	watchOS=11.0
textformat.size.larger.ta	iOS=18.0	macOS=15.0	tvOS=18.0	visionOS=2.0	watchOS=11.0
textformat.size.larger.te	iOS=18.0	macOS=15.0	tvOS=18.0	visionOS=2.0	watchOS=11.0
textformat.size.ml	iOS=18.0	macOS=15.0	tvOS=18.0	visionOS=2.0	watchOS=11.0
textformat.size.mni	iOS=18.0	macOS=15.0	tvOS=18.0	visionOS=2.0	watchOS=11.0
textformat.size.mr	iOS=18.0	macOS=15.0	tvOS=18.0	visionOS=2.0	watchOS=11.0
textformat.size.or	iOS=18.0	macOS=15.0	tvOS=18.0	visionOS=2.0	watchOS=11.0
textformat.size.pa	iOS=18.0	macOS=15.0	tvOS=18.0	visionOS=2.0	watchOS=11.0
textformat.size.sat	iOS=18.0	macOS=15.0	tvOS=18.0	visionOS=2.0	watchOS=11.0
textformat.size.si	iOS=18.0	macOS=15.0	tvOS=18.0	visionOS=2.0	watchOS=11.0
textformat.size.smaller.bn	iOS=18.0	macOS=15.0	tvOS=18.0	visionOS=2.0	watchOS=11.0
textformat.size.smaller.gu	iOS=18.0	macOS=15.0	tvOS=18.0	visionOS=2.0	watchOS=11.0
textformat.size.smaller.kn	iOS=18.0	macOS=15.0	tvOS=18.0	visionOS=2.0	watchOS=11.0
textformat.size.smaller.ml	iOS=18.0	macOS=15.0	tvOS=18.0	visionOS=2.0	watchOS=11.0
textformat.size.smaller.mni	iOS=18.0	macOS=15.0	tvOS=18.0	visionOS=2.0	watchOS=11.0
textformat.size.smaller.mr	iOS=18.0	macOS=15.0	tvOS=18.0	visionOS=2.0	watchOS=11.0
textformat.size.smaller.or	iOS=18.0	macOS=15.0	tvOS=18.0	visionOS=2.0	watchOS=11.0
textformat.size.smaller.pa	iOS=18.0	macOS=15.0	tvOS=18.0	visionOS=2.0	watchOS=11.0
textformat.size.smaller.sat	iOS=18.0	macOS=15.0	tvOS=18.0	visionOS=2.0	watchOS=11.0
textformat.size.smaller.si	iOS=18.0	macOS=15.0	tvOS=18.0	visionOS=2.0	watchOS=11.0
textformat.size.smaller.ta	iOS=18.0	macOS=15.0	tvOS=18.0	visionOS=2.0	watchOS=11.0
textformat.size.smaller.te	iOS=18.0	macOS=15.0	tvOS=18.0	visionOS=2.0	watchOS=11.0
textformat.size.ta	iOS=18.0	macOS=15.0	tvOS=18.0	visionOS=2.0	watchOS=11.0
textformat.size.te	iOS=18.0	macOS=15.0	tvOS=18.0	visionOS=2.0	watchOS=11.0
textformat.th	iOS=18.0	macOS=15.0	tvOS=18.0	visionOS=2.0	watchOS=11.0
textformat.zh	iOS=18.0	macOS=15.0	tvOS=18.0	visionOS=2.0	watchOS=11.0
thermometer.and.liquid.waves.snowflake	iOS=18.0	macOS=15.0	tvOS=18.0	visionOS=2.0	watchOS=11.0
thermometer.and.liquid.waves.trianglebadge.exclamationmark	iOS=18.0	macOS=15.0	tvOS=18.0	visionOS=2.0	watchOS=11.0
thermometer.variable	iOS=18.0	macOS=15.0	tvOS=18.0	visionOS=2.0	watchOS=11.0
tire	iOS=18.0	macOS=15.0	tvOS=18.0	visionOS=2.0	watchOS=11.0
tire.badge.snowflake	iOS=18.0	macOS=15.0	tvOS=18.0	visionOS=2.0	watchOS=11.0
tow.hitch	iOS=18.0	macOS=15.0	tvOS=18.0	visionOS=2.0	watchOS=11.0
tow.hitch.exclamationmark	iOS=18.0	macOS=15.0	tvOS=18.0	visionOS=2.0	watchOS=11.0
tow.hitch.exclamationmark.fill	iOS=18.0	macOS=15.0	tvOS=18.0	visionOS=2.0	watchOS=11.0
tow.hitch.fill	iOS=18.0	macOS=15.0	tvOS=18.0	visionOS=2.0	watchOS=11.0
truck.pickup.side.front.open.crop	iOS=18.0	macOS=15.0	tvOS=18.0	visionOS=2.0	watchOS=11.0
truck.pickup.side.front.open.crop.fill	iOS=18.0	macOS=15.0	tvOS=18.0	visionOS=2.0	watchOS=11.0
truck.side.hill.descent.control	iOS=18.0	macOS=15.0	tvOS=18.0	visionOS=2.0	watchOS=11.0
truck.side.hill.descent.control.fill	iOS=18.0	macOS=15.0	tvOS=18.0	visionOS=2.0	watchOS=11.0
truck.side.roof.cargo.carrier	iOS=18.0	macOS=15.0	tvOS=18.0	visionOS=2.0	watchOS=11.0
truck.side.roof.cargo.carrier.fill	iOS=18.0	macOS=15.0	tvOS=18.0	visionOS=2.0	watchOS=11.0
truck.side.roof.cargo.carrier.slash	iOS=18.0	macOS=15.0	tvOS=18.0	visionOS=2.0	watchOS=11.0
truck.side.roof.cargo.carrier.slash.fill	iOS=18.0	macOS=15.0	tvOS=18.0	visionOS=2.0	watchOS=11.0
tsa	iOS=18.0	macOS=15.0	tvOS=18.0	visionOS=2.0	watchOS=11.0
tsa.circle	iOS=18.0	macOS=15.0	tvOS=18.0	visionOS=2.0	watchOS=11.0
tsa.circle.fill	iOS=18.0	macOS=15.0	tvOS=18.0	visionOS=2.0	watchOS=11.0
tsa.slash	iOS=18.0	macOS=15.0	tvOS=18.0	visionOS=2.0	watchOS=11.0
tugriksign.arrow.trianglehead.counterclockwise.rotate.90	iOS=18.0	macOS=15.0	tvOS=18.0	visionOS=2.0	watchOS=11.0
tugriksign.bank.building	iOS=18.0	macOS=15.0	tvOS=18.0	visionOS=2.0	watchOS=11.0
tugriksign.bank.building.fill	iOS=18.0	macOS=15.0	tvOS=18.0	visionOS=2.0	watchOS=11.0
tugriksign.gauge.chart.lefthalf.righthalf	iOS=18.0	macOS=15.0	tvOS=18.0	visionOS=2.0	watchOS=11.0
tugriksign.gauge.chart.leftthird.topthird.rightthird	iOS=18.0	macOS=15.0	tvOS=18.0	visionOS=2.0	watchOS=11.0
tugriksign.ring	iOS=18.0	macOS=15.0	tvOS=18.0	visionOS=2.0	watchOS=11.0
tugriksign.ring.dashed	iOS=18.0	macOS=15.0	tvOS=18.0	visionOS=2.0	watchOS=11.0
turkishlirasign.arrow.trianglehead.counterclockwise.rotate.90	iOS=18.0	macOS=15.0	tvOS=18.0	visionOS=2.0	watchOS=11.0
turkishlirasign.bank.building	iOS=18.0	macOS=15.0	tvOS=18.0	visionOS=2.0	watchOS=11.0
turkishlirasign.bank.building.fill	iOS=18.0	macOS=15.0	tvOS=18.0	visionOS=2.0	watchOS=11.0
turkishlirasign.gauge.chart.lefthalf.righthalf	iOS=18.0	macOS=15.0	tvOS=18.0	visionOS=2.0	watchOS=11.0
turkishlirasign.gauge.chart.leftthird.topthird.rightthird	iOS=18.0	macOS=15.0	tvOS=18.0	visionOS=2.0	watchOS=11.0
turkishlirasign.ring	iOS=18.0	macOS=15.0	tvOS=18.0	visionOS=2.0	watchOS=11.0
turkishlirasign.ring.dashed	iOS=18.0	macOS=15.0	tvOS=18.0	visionOS=2.0	watchOS=11.0
vision.pro	iOS=18.0	macOS=15.0	tvOS=18.0	visionOS=2.0	watchOS=11.0
vision.pro.and.arrow.forward	iOS=18.0	macOS=15.0	tvOS=18.0	visionOS=2.0	watchOS=11.0
vision.pro.and.arrow.forward.fill	iOS=18.0	macOS=15.0	tvOS=18.0	visionOS=2.0	watchOS=11.0
vision.pro.badge.exclamationmark	iOS=18.0	macOS=15.0	tvOS=18.0	visionOS=2.0	watchOS=11.0
vision.pro.badge.exclamationmark.fill	iOS=18.0	macOS=15.0	tvOS=18.0	visionOS=2.0	watchOS=11.0
vision.pro.badge.play	iOS=18.0	macOS=15.0	tvOS=18.0	visionOS=2.0	watchOS=11.0
vision.pro.badge.play.fill	iOS=18.0	macOS=15.0	tvOS=18.0	visionOS=2.0	watchOS=11.0
vision.pro.circle	iOS=18.0	macOS=15.0	tvOS=18.0	visionOS=2.0	watchOS=11.0
vision.pro.circle.fill	iOS=18.0	macOS=15.0	tvOS=18.0	visionOS=2.0	watchOS=11.0
vision.pro.fill	iOS=18.0	macOS=15.0	tvOS=18.0	visionOS=2.0	watchOS=11.0
vision.pro.slash	iOS=18.0	macOS=15.0	tvOS=18.0	visionOS=2.0	watchOS=11.0
vision.pro.slash.circle	iOS=18.0	macOS=15.0	tvOS=18.0	visionOS=2.0	watchOS=11.0
vision.pro.slash.circle.fill	iOS=18.0	macOS=15.0	tvOS=18.0	visionOS=2.0	watchOS=11.0
vision.pro.slash.fill	iOS=18.0	macOS=15.0	tvOS=18.0	visionOS=2.0	watchOS=11.0
vision.pro.trianglebadge.exclamationmark	iOS=18.0	macOS=15.0	tvOS=18.0	visionOS=2.0	watchOS=11.0
vision.pro.trianglebadge.exclamationmark.fill	iOS=18.0	macOS=15.0	tvOS=18.0	visionOS=2.0	watchOS=11.0
wallet.bifold	iOS=18.0	macOS=15.0	tvOS=18.0	visionOS=2.0	watchOS=11.0
wallet.bifold.fill	iOS=18.0	macOS=15.0	tvOS=18.0	visionOS=2.0	watchOS=11.0
wand.and.sparkles	iOS=18.0	macOS=15.0	tvOS=18.0	visionOS=2.0	watchOS=11.0
wand.and.sparkles.inverse	iOS=18.0	macOS=15.0	tvOS=18.0	visionOS=2.0	watchOS=11.0
water.waves.and.arrow.trianglehead.down	iOS=18.0	macOS=15.0	tvOS=18.0	visionOS=2.0	watchOS=11.0
water.waves.and.arrow.trianglehead.down.trianglebadge.exclamationmark	iOS=18.0	macOS=15.0	tvOS=18.0	visionOS=2.0	watchOS=11.0
water.waves.and.arrow.trianglehead.up	iOS=18.0	macOS=15.0	tvOS=18.0	visionOS=2.0	watchOS=11.0
wave.3.down	iOS=18.0	macOS=15.0	tvOS=18.0	visionOS=2.0	watchOS=11.0
wave.3.down.car.side	iOS=18.0	macOS=15.0	tvOS=18.0	visionOS=2.0	watchOS=11.0
wave.3.down.car.side.fill	iOS=18.0	macOS=15.0	tvOS=18.0	visionOS=2.0	watchOS=11.0
wave.3.down.circle	iOS=18.0	macOS=15.0	tvOS=18.0	visionOS=2.0	watchOS=11.0
wave.3.down.circle.fill	iOS=18.0	macOS=15.0	tvOS=18.0	visionOS=2.0	watchOS=11.0
wave.3.down.convertible.side	iOS=18.0	macOS=15.0	tvOS=18.0	visionOS=2.0	watchOS=11.0
wave.3.down.convertible.side.fill	iOS=18.0	macOS=15.0	tvOS=18.0	visionOS=2.0	watchOS=11.0
wave.3.down.pickup.side	iOS=18.0	macOS=15.0	tvOS=18.0	visionOS=2.0	watchOS=11.0
wave.3.down.pickup.side.fill	iOS=18.0	macOS=15.0	tvOS=18.0	visionOS=2.0	watchOS=11.0
wave.3.down.suv.side	iOS=18.0	macOS=15.0	tvOS=18.0	visionOS=2.0	watchOS=11.0
wave.3.down.suv.side.fill	iOS=18.0	macOS=15.0	tvOS=18.0	visionOS=2.0	watchOS=11.0
wave.3.up	iOS=18.0	macOS=15.0	tvOS=18.0	visionOS=2.0	watchOS=11.0
wave.3.up.circle	iOS=18.0	macOS=15.0	tvOS=18.0	visionOS=2.0	watchOS=11.0
wave.3.up.circle.fill	iOS=18.0	macOS=15.0	tvOS=18.0	visionOS=2.0	watchOS=11.0
waveform.badge.microphone	iOS=18.0	macOS=15.0	tvOS=18.0	visionOS=2.0	watchOS=11.0
wheelchair	iOS=18.0	macOS=15.0	tvOS=18.0	visionOS=2.0	watchOS=11.0
widget.extralarge	iOS=18.0	macOS=15.0	tvOS=18.0	visionOS=2.0	watchOS=11.0
widget.extralarge.badge.plus	iOS=18.0	macOS=15.0	tvOS=18.0	visionOS=2.0	watchOS=11.0
widget.large	iOS=18.0	macOS=15.0	tvOS=18.0	visionOS=2.0	watchOS=11.0
widget.large.badge.plus	iOS=18.0	macOS=15.0	tvOS=18.0	visionOS=2.0	watchOS=11.0
widget.medium	iOS=18.0	macOS=15.0	tvOS=18.0	visionOS=2.0	watchOS=11.0
widget.medium.badge.plus	iOS=18.0	macOS=15.0	tvOS=18.0	visionOS=2.0	watchOS=11.0
widget.small	iOS=18.0	macOS=15.0	tvOS=18.0	visionOS=2.0	watchOS=11.0
widget.small.badge.plus	iOS=18.0	macOS=15.0	tvOS=18.0	visionOS=2.0	watchOS=11.0
wonsign.arrow.trianglehead.counterclockwise.rotate.90	iOS=18.0	macOS=15.0	tvOS=18.0	visionOS=2.0	watchOS=11.0
wonsign.bank.building	iOS=18.0	macOS=15.0	tvOS=18.0	visionOS=2.0	watchOS=11.0
wonsign.bank.building.fill	iOS=18.0	macOS=15.0	tvOS=18.0	visionOS=2.0	watchOS=11.0
wonsign.gauge.chart.lefthalf.righthalf	iOS=18.0	macOS=15.0	tvOS=18.0	visionOS=2.0	watchOS=11.0
wonsign.gauge.chart.leftthird.topthird.rightthird	iOS=18.0	macOS=15.0	tvOS=18.0	visionOS=2.0	watchOS=11.0
wonsign.ring	iOS=18.0	macOS=15.0	tvOS=18.0	visionOS=2.0	watchOS=11.0
wonsign.ring.dashed	iOS=18.0	macOS=15.0	tvOS=18.0	visionOS=2.0	watchOS=11.0
xmark.triangle.circle.square	iOS=18.0	macOS=15.0	tvOS=18.0	visionOS=2.0	watchOS=11.0
xmark.triangle.circle.square.fill	iOS=18.0	macOS=15.0	tvOS=18.0	visionOS=2.0	watchOS=11.0
yensign.arrow.trianglehead.counterclockwise.rotate.90	iOS=18.0	macOS=15.0	tvOS=18.0	visionOS=2.0	watchOS=11.0
yensign.bank.building	iOS=18.0	macOS=15.0	tvOS=18.0	visionOS=2.0	watchOS=11.0
yensign.bank.building.fill	iOS=18.0	macOS=15.0	tvOS=18.0	visionOS=2.0	watchOS=11.0
yensign.gauge.chart.lefthalf.righthalf	iOS=18.0	macOS=15.0	tvOS=18.0	visionOS=2.0	watchOS=11.0
yensign.gauge.chart.leftthird.topthird.rightthird	iOS=18.0	macOS=15.0	tvOS=18.0	visionOS=2.0	watchOS=11.0
yensign.ring	iOS=18.0	macOS=15.0	tvOS=18.0	visionOS=2.0	watchOS=11.0
yensign.ring.dashed	iOS=18.0	macOS=15.0	tvOS=18.0	visionOS=2.0	watchOS=11.0
zipper.page	iOS=18.0	macOS=15.0	tvOS=18.0	visionOS=2.0	watchOS=11.0
bolt.house	iOS=18.1	macOS=15.1	tvOS=18.1	visionOS=2.1	watchOS=11.1
bolt.house.fill	iOS=18.1	macOS=15.1	tvOS=18.1	visionOS=2.1	watchOS=11.1
cable.connector.video	iOS=18.1	macOS=15.1	tvOS=18.1	visionOS=2.1	watchOS=11.1
car.top.radiowaves.2.front.left.front.front.right	iOS=18.1	macOS=15.1	tvOS=18.1	visionOS=2.1	watchOS=11.1
car.top.radiowaves.2.front.left.front.front.right.fill	iOS=18.1	macOS=15.1	tvOS=18.1	visionOS=2.1	watchOS=11.1
car.top.radiowaves.2.rear.left.rear.rear.right	iOS=18.1	macOS=15.1	tvOS=18.1	visionOS=2.1	watchOS=11.1
car.top.radiowaves.2.rear.left.rear.rear.right.fill	iOS=18.1	macOS=15.1	tvOS=18.1	visionOS=2.1	watchOS=11.1
character.circle.bn	iOS=18.1	macOS=15.1	tvOS=18.1	visionOS=2.1	watchOS=11.1
character.circle.fill.bn	iOS=18.1	macOS=15.1	tvOS=18.1	visionOS=2.1	watchOS=11.1
character.circle.fill.gu	iOS=18.1	macOS=15.1	tvOS=18.1	visionOS=2.1	watchOS=11.1
character.circle.fill.kn	iOS=18.1	macOS=15.1	tvOS=18.1	visionOS=2.1	watchOS=11.1
character.circle.fill.ml	iOS=18.1	macOS=15.1	tvOS=18.1	visionOS=2.1	watchOS=11.1
character.circle.fill.mni	iOS=18.1	macOS=15.1	tvOS=18.1	visionOS=2.1	watchOS=11.1
character.circle.fill.mr	iOS=18.1	macOS=15.1	tvOS=18.1	visionOS=2.1	watchOS=11.1
character.circle.fill.or	iOS=18.1	macOS=15.1	tvOS=18.1	visionOS=2.1	watchOS=11.1
character.circle.fill.pa	iOS=18.1	macOS=15.1	tvOS=18.1	visionOS=2.1	watchOS=11.1
character.circle.fill.sat	iOS=18.1	macOS=15.1	tvOS=18.1	visionOS=2.1	watchOS=11.1
character.circle.fill.si	iOS=18.1	macOS=15.1	tvOS=18.1	visionOS=2.1	watchOS=11.1
character.circle.fill.ta	iOS=18.1	macOS=15.1	tvOS=18.1	visionOS=2.1	watchOS=11.1
character.circle.fill.te	iOS=18.1	macOS=15.1	tvOS=18.1	visionOS=2.1	watchOS=11.1
character.circle.gu	iOS=18.1	macOS=15.1	tvOS=18.1	visionOS=2.1	watchOS=11.1
character.circle.kn	iOS=18.1	macOS=15.1	tvOS=18.1	visionOS=2.1	watchOS=11.1
character.circle.ml	iOS=18.1	macOS=15.1	tvOS=18.1	visionOS=2.1	watchOS=11.1
character.circle.mni	iOS=18.1	macOS=15.1	tvOS=18.1	visionOS=2.1	watchOS=11.1
character.circle.mr	iOS=18.1	macOS=15.1	tvOS=18.1	visionOS=2.1	watchOS=11.1
character.circle.or	iOS=18.1	macOS=15.1	tvOS=18.1	visionOS=2.1	watchOS=11.1
character.circle.pa	iOS=18.1	macOS=15.1	tvOS=18.1	visionOS=2.1	watchOS=11.1
character.circle.sat	iOS=18.1	macOS=15.1	tvOS=18.1	visionOS=2.1	watchOS=11.1
character.circle.si	iOS=18.1	macOS=15.1	tvOS=18.1	visionOS=2.1	watchOS=11.1
character.circle.ta	iOS=18.1	macOS=15.1	tvOS=18.1	visionOS=2.1	watchOS=11.1
character.circle.te	iOS=18.1	macOS=15.1	tvOS=18.1	visionOS=2.1	watchOS=11.1
character.square.bn	iOS=18.1	macOS=15.1	tvOS=18.1	visionOS=2.1	watchOS=11.1
character.square.fill.bn	iOS=18.1	macOS=15.1	tvOS=18.1	visionOS=2.1	watchOS=11.1
character.square.fill.gu	iOS=18.1	macOS=15.1	tvOS=18.1	visionOS=2.1	watchOS=11.1
character.square.fill.kn	iOS=18.1	macOS=15.1	tvOS=18.1	visionOS=2.1	watchOS=11.1
character.square.fill.ml	iOS=18.1	macOS=15.1	tvOS=18.1	visionOS=2.1	watchOS=11.1
character.square.fill.mni	iOS=18.1	macOS=15.1	tvOS=18.1	visionOS=2.1	watchOS=11.1
character.square.fill.mr	iOS=18.1	macOS=15.1	tvOS=18.1	visionOS=2.1	watchOS=11.1
character.square.fill.or	iOS=18.1	macOS=15.1	tvOS=18.1	visionOS=2.1	watchOS=11.1
character.square.fill.pa	iOS=18.1	macOS=15.1	tvOS=18.1	visionOS=2.1	watchOS=11.1
character.square.fill.sat	iOS=18.1	macOS=15.1	tvOS=18.1	visionOS=2.1	watchOS=11.1
character.square.fill.si	iOS=18.1	macOS=15.1	tvOS=18.1	visionOS=2.1	watchOS=11.1
character.square.fill.ta	iOS=18.1	macOS=15.1	tvOS=18.1	visionOS=2.1	watchOS=11.1
character.square.fill.te	iOS=18.1	macOS=15.1	tvOS=18.1	visionOS=2.1	watchOS=11.1
character.square.gu	iOS=18.1	macOS=15.1	tvOS=18.1	visionOS=2.1	watchOS=11.1
character.square.kn	iOS=18.1	macOS=15.1	tvOS=18.1	visionOS=2.1	watchOS=11.1
character.square.ml	iOS=18.1	macOS=15.1	tvOS=18.1	visionOS=2.1	watchOS=11.1
character.square.mni	iOS=18.1	macOS=15.1	tvOS=18.1	visionOS=2.1	watchOS=11.1
character.square.mr	iOS=18.1	macOS=15.1	tvOS=18.1	visionOS=2.1	watchOS=11.1
character.square.or	iOS=18.1	macOS=15.1	tvOS=18.1	visionOS=2.1	watchOS=11.1
character.square.pa	iOS=18.1	macOS=15.1	tvOS=18.1	visionOS=2.1	watchOS=11.1
character.square.sat	iOS=18.1	macOS=15.1	tvOS=18.1	visionOS=2.1	watchOS=11.1
character.square.si	iOS=18.1	macOS=15.1	tvOS=18.1	visionOS=2.1	watchOS=11.1
character.square.ta	iOS=18.1	macOS=15.1	tvOS=18.1	visionOS=2.1	watchOS=11.1
character.square.te	iOS=18.1	macOS=15.1	tvOS=18.1	visionOS=2.1	watchOS=11.1
dot.car.top.radiowaves.2.rear.left.rear.rear.right	iOS=18.1	macOS=15.1	tvOS=18.1	visionOS=2.1	watchOS=11.1
dot.car.top.radiowaves.2.rear.left.rear.rear.right.fill	iOS=18.1	macOS=15.1	tvOS=18.1	visionOS=2.1	watchOS=11.1
envelope.stack	iOS=18.1	macOS=15.1	tvOS=18.1	visionOS=2.1	watchOS=11.1
envelope.stack.fill	iOS=18.1	macOS=15.1	tvOS=18.1	visionOS=2.1	watchOS=11.1
exclamationmark.message	iOS=18.1	macOS=15.1	tvOS=18.1	visionOS=2.1	watchOS=11.1
exclamationmark.message.fill	iOS=18.1	macOS=15.1	tvOS=18.1	visionOS=2.1	watchOS=11.1
hand.thumbsdown.slash	iOS=18.1	macOS=15.1	tvOS=18.1	visionOS=2.1	watchOS=11.1
hand.thumbsdown.slash.fill	iOS=18.1	macOS=15.1	tvOS=18.1	visionOS=2.1	watchOS=11.1
hand.thumbsup.slash	iOS=18.1	macOS=15.1	tvOS=18.1	visionOS=2.1	watchOS=11.1
hand.thumbsup.slash.fill	iOS=18.1	macOS=15.1	tvOS=18.1	visionOS=2.1	watchOS=11.1
laurel.leading.laurel.trailing	iOS=18.1	macOS=15.1	tvOS=18.1	visionOS=2.1	watchOS=11.1
memories.badge.checkmark	iOS=18.1	macOS=15.1	tvOS=18.1	visionOS=2.1	watchOS=11.1
memories.badge.xmark	iOS=18.1	macOS=15.1	tvOS=18.1	visionOS=2.1	watchOS=11.1
photo.badge.magnifyingglass	iOS=18.1	macOS=15.1	tvOS=18.1	visionOS=2.1	watchOS=11.1
photo.badge.magnifyingglass.fill	iOS=18.1	macOS=15.1	tvOS=18.1	visionOS=2.1	watchOS=11.1
questionmark.message	iOS=18.1	macOS=15.1	tvOS=18.1	visionOS=2.1	watchOS=11.1
questionmark.message.fill	iOS=18.1	macOS=15.1	tvOS=18.1	visionOS=2.1	watchOS=11.1
rectangle.grid.3x1	iOS=18.1	macOS=15.1	tvOS=18.1	visionOS=2.1	watchOS=11.1
rectangle.grid.3x1.fill	iOS=18.1	macOS=15.1	tvOS=18.1	visionOS=2.1	watchOS=11.1
square.and.arrow.down.badge.checkmark	iOS=18.1	macOS=15.1	tvOS=18.1	visionOS=2.1	watchOS=11.1
square.and.arrow.down.badge.checkmark.fill	iOS=18.1	macOS=15.1	tvOS=18.1	visionOS=2.1	watchOS=11.1
square.and.arrow.down.badge.xmark	iOS=18.1	macOS=15.1	tvOS=18.1	visionOS=2.1	watchOS=11.1
square.and.arrow.down.badge.xmark.fill	iOS=18.1	macOS=15.1	tvOS=18.1	visionOS=2.1	watchOS=11.1
waveform.badge.checkmark	iOS=18.1	macOS=15.1	tvOS=18.1	visionOS=2.1	watchOS=11.1
waveform.badge.xmark	iOS=18.1	macOS=15.1	tvOS=18.1	visionOS=2.1	watchOS=11.1
waveform.path.ecg.magnifyingglass	iOS=18.1	macOS=15.1	tvOS=18.1	visionOS=2.1	watchOS=11.1
waveform.path.ecg.text	iOS=18.1	macOS=15.1	tvOS=18.1	visionOS=2.1	watchOS=11.1
waveform.path.ecg.text.clipboard	iOS=18.1	macOS=15.1	tvOS=18.1	visionOS=2.1	watchOS=11.1
waveform.path.ecg.text.clipboard.fill	iOS=18.1	macOS=15.1	tvOS=18.1	visionOS=2.1	watchOS=11.1
waveform.path.ecg.text.clipboard.fill.rtl	iOS=18.1	macOS=15.1	tvOS=18.1	visionOS=2.1	watchOS=11.1
waveform.path.ecg.text.clipboard.rtl	iOS=18.1	macOS=15.1	tvOS=18.1	visionOS=2.1	watchOS=11.1
waveform.path.ecg.text.page	iOS=18.1	macOS=15.1	tvOS=18.1	visionOS=2.1	watchOS=11.1
waveform.path.ecg.text.page.fill	iOS=18.1	macOS=15.1	tvOS=18.1	visionOS=2.1	watchOS=11.1
waveform.path.ecg.text.page.fill.rtl	iOS=18.1	macOS=15.1	tvOS=18.1	visionOS=2.1	watchOS=11.1
waveform.path.ecg.text.page.rtl	iOS=18.1	macOS=15.1	tvOS=18.1	visionOS=2.1	watchOS=11.1
waveform.path.ecg.text.rtl	iOS=18.1	macOS=15.1	tvOS=18.1	visionOS=2.1	watchOS=11.1
airpods.gen4	iOS=18.2	macOS=15.2	tvOS=18.2	visionOS=2.2	watchOS=11.2
airpods.gen4.chargingcase.wireless	iOS=18.2	macOS=15.2	tvOS=18.2	visionOS=2.2	watchOS=11.2
airpods.gen4.chargingcase.wireless.fill	iOS=18.2	macOS=15.2	tvOS=18.2	visionOS=2.2	watchOS=11.2
airpods.gen4.left	iOS=18.2	macOS=15.2	tvOS=18.2	visionOS=2.2	watchOS=11.2
airpods.gen4.right	iOS=18.2	macOS=15.2	tvOS=18.2	visionOS=2.2	watchOS=11.2
apple.writing.tools	iOS=18.2	macOS=15.2	tvOS=18.2	visionOS=2.2	watchOS=11.2
exclamationmark.triangle.text.page	iOS=18.2	macOS=15.2	tvOS=18.2	visionOS=2.2	watchOS=11.2
exclamationmark.triangle.text.page.fill	iOS=18.2	macOS=15.2	tvOS=18.2	visionOS=2.2	watchOS=11.2
exclamationmark.triangle.text.page.fill.rtl	iOS=18.2	macOS=15.2	tvOS=18.2	visionOS=2.2	watchOS=11.2
exclamationmark.triangle.text.page.rtl	iOS=18.2	macOS=15.2	tvOS=18.2	visionOS=2.2	watchOS=11.2
figure.seated.side.left.air.distribution.upper.and.middle.and.lower	iOS=18.2	macOS=15.2	tvOS=18.2	visionOS=2.2	watchOS=11.2
figure.seated.side.right.air.distribution.upper.and.middle.and.lower	iOS=18.2	macOS=15.2	tvOS=18.2	visionOS=2.2	watchOS=11.2
headphones.dots	iOS=18.2	macOS=15.2	tvOS=18.2	visionOS=2.2	watchOS=11.2
info.triangle	iOS=18.2	macOS=15.2	tvOS=18.2	visionOS=2.2	watchOS=11.2
info.triangle.fill	iOS=18.2	macOS=15.2	tvOS=18.2	visionOS=2.2	watchOS=11.2
inset.filled.rectangle.and.person.filled.circle	iOS=18.2	macOS=15.2	tvOS=18.2	visionOS=2.2	watchOS=11.2
inset.filled.rectangle.and.person.filled.circle.fill	iOS=18.2	macOS=15.2	tvOS=18.2	visionOS=2.2	watchOS=11.2
questionmark.message.ar	iOS=18.2	macOS=15.2	tvOS=18.2	visionOS=2.2	watchOS=11.2
questionmark.message.fill.ar	iOS=18.2	macOS=15.2	tvOS=18.2	visionOS=2.2	watchOS=11.2
receipt	iOS=18.2	macOS=15.2	tvOS=18.2	visionOS=2.2	watchOS=11.2
receipt.fill	iOS=18.2	macOS=15.2	tvOS=18.2	visionOS=2.2	watchOS=11.2
wand.and.outline	iOS=18.2	macOS=15.2	tvOS=18.2	visionOS=2.2	watchOS=11.2
wand.and.outline.inverse	iOS=18.2	macOS=15.2	tvOS=18.2	visionOS=2.2	watchOS=11.2
arrow.backward.to.line.compact	iOS=18.4	macOS=15.4	tvOS=18.4	visionOS=2.4	watchOS=11.4
arrow.forward.to.line.compact	iOS=18.4	macOS=15.4	tvOS=18.4	visionOS=2.4	watchOS=11.4
car.side.arrow.left.and.right	iOS=18.4	macOS=15.4	tvOS=18.4	visionOS=2.4	watchOS=11.4
car.side.arrow.left.and.right.fill	iOS=18.4	macOS=15.4	tvOS=18.4	visionOS=2.4	watchOS=11.4
car.side.hill.down.and.gauge.open.with.lines.needle.25percent.and.arrowtriangle	iOS=18.4	macOS=15.4	tvOS=18.4	visionOS=2.4	watchOS=11.4
car.side.hill.down.and.gauge.open.with.lines.needle.25percent.and.arrowtriangle.fill	iOS=18.4	macOS=15.4	tvOS=18.4	visionOS=2.4	watchOS=11.4
car.side.rear.and.collision.and.car.side.front.and.arrow.forward	iOS=18.4	macOS=15.4	tvOS=18.4	visionOS=2.4	watchOS=11.4
car.side.rear.and.collision.and.car.side.front.and.steeringwheel	iOS=18.4	macOS=15.4	tvOS=18.4	visionOS=2.4	watchOS=11.4
car.top.lane.dashed.departure.left.slash	iOS=18.4	macOS=15.4	tvOS=18.4	visionOS=2.4	watchOS=11.4
car.top.lane.dashed.departure.left.slash.fill	iOS=18.4	macOS=15.4	tvOS=18.4	visionOS=2.4	watchOS=11.4
car.top.lane.dashed.departure.right.slash	iOS=18.4	macOS=15.4	tvOS=18.4	visionOS=2.4	watchOS=11.4
car.top.lane.dashed.departure.right.slash.fill	iOS=18.4	macOS=15.4	tvOS=18.4	visionOS=2.4	watchOS=11.4
character.cursor.ibeam.bn	iOS=18.4	macOS=15.4	tvOS=18.4	visionOS=2.4	watchOS=11.4
character.cursor.ibeam.gu	iOS=18.4	macOS=15.4	tvOS=18.4	visionOS=2.4	watchOS=11.4
character.cursor.ibeam.kn	iOS=18.4	macOS=15.4	tvOS=18.4	visionOS=2.4	watchOS=11.4
character.cursor.ibeam.ml	iOS=18.4	macOS=15.4	tvOS=18.4	visionOS=2.4	watchOS=11.4
character.cursor.ibeam.mni	iOS=18.4	macOS=15.4	tvOS=18.4	visionOS=2.4	watchOS=11.4
character.cursor.ibeam.mr	iOS=18.4	macOS=15.4	tvOS=18.4	visionOS=2.4	watchOS=11.4
character.cursor.ibeam.or	iOS=18.4	macOS=15.4	tvOS=18.4	visionOS=2.4	watchOS=11.4
character.cursor.ibeam.pa	iOS=18.4	macOS=15.4	tvOS=18.4	visionOS=2.4	watchOS=11.4
character.cursor.ibeam.sat	iOS=18.4	macOS=15.4	tvOS=18.4	visionOS=2.4	watchOS=11.4
character.cursor.ibeam.si	iOS=18.4	macOS=15.4	tvOS=18.4	visionOS=2.4	watchOS=11.4
character.cursor.ibeam.ta	iOS=18.4	macOS=15.4	tvOS=18.4	visionOS=2.4	watchOS=11.4
character.cursor.ibeam.te	iOS=18.4	macOS=15.4	tvOS=18.4	visionOS=2.4	watchOS=11.4
character.magnify.bn	iOS=18.4	macOS=15.4	tvOS=18.4	visionOS=2.4	watchOS=11.4
character.magnify.gu	iOS=18.4	macOS=15.4	tvOS=18.4	visionOS=2.4	watchOS=11.4
character.magnify.kn	iOS=18.4	macOS=15.4	tvOS=18.4	visionOS=2.4	watchOS=11.4
character.magnify.ml	iOS=18.4	macOS=15.4	tvOS=18.4	visionOS=2.4	watchOS=11.4
character.magnify.mni	iOS=18.4	macOS=15.4	tvOS=18.4	visionOS=2.4	watchOS=11.4
character.magnify.mr	iOS=18.4	macOS=15.4	tvOS=18.4	visionOS=2.4	watchOS=11.4
character.magnify.or	iOS=18.4	macOS=15.4	tvOS=18.4	visionOS=2.4	watchOS=11.4
character.magnify.pa	iOS=18.4	macOS=15.4	tvOS=18.4	visionOS=2.4	watchOS=11.4
character.magnify.sat	iOS=18.4	macOS=15.4	tvOS=18.4	visionOS=2.4	watchOS=11.4
character.magnify.si	iOS=18.4	macOS=15.4	tvOS=18.4	visionOS=2.4	watchOS=11.4
character.magnify.ta	iOS=18.4	macOS=15.4	tvOS=18.4	visionOS=2.4	watchOS=11.4
character.magnify.te	iOS=18.4	macOS=15.4	tvOS=18.4	visionOS=2.4	watchOS=11.4
character.textbox.badge.sparkles	iOS=18.4	macOS=15.4	tvOS=18.4	visionOS=2.4	watchOS=11.4
character.textbox.badge.sparkles.ar	iOS=18.4	macOS=15.4	tvOS=18.4	visionOS=2.4	watchOS=11.4
character.textbox.badge.sparkles.bn	iOS=18.4	macOS=15.4	tvOS=18.4	visionOS=2.4	watchOS=11.4
character.textbox.badge.sparkles.gu	iOS=18.4	macOS=15.4	tvOS=18.4	visionOS=2.4	watchOS=11.4
character.textbox.badge.sparkles.he	iOS=18.4	macOS=15.4	tvOS=18.4	visionOS=2.4	watchOS=11.4
character.textbox.badge.sparkles.hi	iOS=18.4	macOS=15.4	tvOS=18.4	visionOS=2.4	watchOS=11.4
character.textbox.badge.sparkles.ja	iOS=18.4	macOS=15.4	tvOS=18.4	visionOS=2.4	watchOS=11.4
character.textbox.badge.sparkles.kn	iOS=18.4	macOS=15.4	tvOS=18.4	visionOS=2.4	watchOS=11.4
character.textbox.badge.sparkles.ko	iOS=18.4	macOS=15.4	tvOS=18.4	visionOS=2.4	watchOS=11.4
character.textbox.badge.sparkles.ml	iOS=18.4	macOS=15.4	tvOS=18.4	visionOS=2.4	watchOS=11.4
character.textbox.badge.sparkles.mni	iOS=18.4	macOS=15.4	tvOS=18.4	visionOS=2.4	watchOS=11.4
character.textbox.badge.sparkles.mr	iOS=18.4	macOS=15.4	tvOS=18.4	visionOS=2.4	watchOS=11.4
character.textbox.badge.sparkles.or	iOS=18.4	macOS=15.4	tvOS=18.4	visionOS=2.4	watchOS=11.4
character.textbox.badge.sparkles.pa	iOS=18.4	macOS=15.4	tvOS=18.4	visionOS=2.4	watchOS=11.4
character.textbox.badge.sparkles.sat	iOS=18.4	macOS=15.4	tvOS=18.4	visionOS=2.4	watchOS=11.4
character.textbox.badge.sparkles.si	iOS=18.4	macOS=15.4	tvOS=18.4	visionOS=2.4	watchOS=11.4
character.textbox.badge.sparkles.ta	iOS=18.4	macOS=15.4	tvOS=18.4	visionOS=2.4	watchOS=11.4
character.textbox.badge.sparkles.te	iOS=18.4	macOS=15.4	tvOS=18.4	visionOS=2.4	watchOS=11.4
character.textbox.badge.sparkles.th	iOS=18.4	macOS=15.4	tvOS=18.4	visionOS=2.4	watchOS=11.4
character.textbox.badge.sparkles.zh	iOS=18.4	macOS=15.4	tvOS=18.4	visionOS=2.4	watchOS=11.4
character.textbox.bn	iOS=18.4	macOS=15.4	tvOS=18.4	visionOS=2.4	watchOS=11.4
character.textbox.gu	iOS=18.4	macOS=15.4	tvOS=18.4	visionOS=2.4	watchOS=11.4
character.textbox.kn	iOS=18.4	macOS=15.4	tvOS=18.4	visionOS=2.4	watchOS=11.4
character.textbox.ml	iOS=18.4	macOS=15.4	tvOS=18.4	visionOS=2.4	watchOS=11.4
character.textbox.mni	iOS=18.4	macOS=15.4	tvOS=18.4	visionOS=2.4	watchOS=11.4
character.textbox.mr	iOS=18.4	macOS=15.4	tvOS=18.4	visionOS=2.4	watchOS=11.4
character.textbox.or	iOS=18.4	macOS=15.4	tvOS=18.4	visionOS=2.4	watchOS=11.4
character.textbox.pa	iOS=18.4	macOS=15.4	tvOS=18.4	visionOS=2.4	watchOS=11.4
character.textbox.sat	iOS=18.4	macOS=15.4	tvOS=18.4	visionOS=2.4	watchOS=11.4
character.textbox.si	iOS=18.4	macOS=15.4	tvOS=18.4	visionOS=2.4	watchOS=11.4
character.textbox.ta	iOS=18.4	macOS=15.4	tvOS=18.4	visionOS=2.4	watchOS=11.4
character.textbox.te	iOS=18.4	macOS=15.4	tvOS=18.4	visionOS=2.4	watchOS=11.4
convertible.side.arrow.left.and.right	iOS=18.4	macOS=15.4	tvOS=18.4	visionOS=2.4	watchOS=11.4
convertible.side.arrow.left.and.right.fill	iOS=18.4	macOS=15.4	tvOS=18.4	visionOS=2.4	watchOS=11.4
convertible.side.hill.down.and.gauge.open.with.lines.needle.25percent.and.arrowtriangle	iOS=18.4	macOS=15.4	tvOS=18.4	visionOS=2.4	watchOS=11.4
convertible.side.hill.down.and.gauge.open.with.lines.needle.25percent.and.arrowtriangle.fill	iOS=18.4	macOS=15.4	tvOS=18.4	visionOS=2.4	watchOS=11.4
cursorarrow.resize.north.east.south.east	iOS=18.4	macOS=15.4	tvOS=18.4	visionOS=2.4	watchOS=11.4
electronic.toll.collection	iOS=18.4	macOS=15.4	tvOS=18.4	visionOS=2.4	watchOS=11.4
electronic.toll.collection.rectangle	iOS=18.4	macOS=15.4	tvOS=18.4	visionOS=2.4	watchOS=11.4
electronic.toll.collection.rectangle.fill	iOS=18.4	macOS=15.4	tvOS=18.4	visionOS=2.4	watchOS=11.4
electronic.toll.collection.rectangle.slash	iOS=18.4	macOS=15.4	tvOS=18.4	visionOS=2.4	watchOS=11.4
electronic.toll.collection.rectangle.slash.fill	iOS=18.4	macOS=15.4	tvOS=18.4	visionOS=2.4	watchOS=11.4
electronic.toll.collection.rectangle.trianglebadge.exclamationmark	iOS=18.4	macOS=15.4	tvOS=18.4	visionOS=2.4	watchOS=11.4
electronic.toll.collection.rectangle.trianglebadge.exclamationmark.fill	iOS=18.4	macOS=15.4	tvOS=18.4	visionOS=2.4	watchOS=11.4
engine.emission.and.drop.2.water.wave.below	iOS=18.4	macOS=15.4	tvOS=18.4	visionOS=2.4	watchOS=11.4
envelope.and.arrow.3.down	iOS=18.4	macOS=15.4	tvOS=18.4	visionOS=2.4	watchOS=11.4
envelope.and.arrow.3.down.fill	iOS=18.4	macOS=15.4	tvOS=18.4	visionOS=2.4	watchOS=11.4
flag.pattern.checkered.lc	iOS=18.4	macOS=15.4	tvOS=18.4	visionOS=2.4	watchOS=11.4
fuel.filter.water	iOS=18.4	macOS=15.4	tvOS=18.4	visionOS=2.4	watchOS=11.4
function.ar	iOS=18.4	macOS=15.4	tvOS=18.4	visionOS=2.4	watchOS=11.4
hydrogen	iOS=18.4	macOS=15.4	tvOS=18.4	visionOS=2.4	watchOS=11.4
hydrogen.circle	iOS=18.4	macOS=15.4	tvOS=18.4	visionOS=2.4	watchOS=11.4
hydrogen.circle.fill	iOS=18.4	macOS=15.4	tvOS=18.4	visionOS=2.4	watchOS=11.4
hydrogen.square	iOS=18.4	macOS=15.4	tvOS=18.4	visionOS=2.4	watchOS=11.4
hydrogen.square.fill	iOS=18.4	macOS=15.4	tvOS=18.4	visionOS=2.4	watchOS=11.4
info.circle.text.page	iOS=18.4	macOS=15.4	tvOS=18.4	visionOS=2.4	watchOS=11.4
info.circle.text.page.fill	iOS=18.4	macOS=15.4	tvOS=18.4	visionOS=2.4	watchOS=11.4
info.circle.text.page.fill.rtl	iOS=18.4	macOS=15.4	tvOS=18.4	visionOS=2.4	watchOS=11.4
info.circle.text.page.rtl	iOS=18.4	macOS=15.4	tvOS=18.4	visionOS=2.4	watchOS=11.4
key.car.side	iOS=18.4	macOS=15.4	tvOS=18.4	visionOS=2.4	watchOS=11.4
key.car.side.fill	iOS=18.4	macOS=15.4	tvOS=18.4	visionOS=2.4	watchOS=11.4
key.convertible.side	iOS=18.4	macOS=15.4	tvOS=18.4	visionOS=2.4	watchOS=11.4
key.convertible.side.fill	iOS=18.4	macOS=15.4	tvOS=18.4	visionOS=2.4	watchOS=11.4
key.suv.side	iOS=18.4	macOS=15.4	tvOS=18.4	visionOS=2.4	watchOS=11.4
key.suv.side.fill	iOS=18.4	macOS=15.4	tvOS=18.4	visionOS=2.4	watchOS=11.4
key.truck.pickup.side	iOS=18.4	macOS=15.4	tvOS=18.4	visionOS=2.4	watchOS=11.4
key.truck.pickup.side.fill	iOS=18.4	macOS=15.4	tvOS=18.4	visionOS=2.4	watchOS=11.4
long.text.page.and.pencil	iOS=18.4	macOS=15.4	tvOS=18.4	visionOS=2.4	watchOS=11.4
long.text.page.and.pencil.fill	iOS=18.4	macOS=15.4	tvOS=18.4	visionOS=2.4	watchOS=11.4
macmini.gen2	iOS=18.4	macOS=15.4	tvOS=18.4	visionOS=2.4	watchOS=11.4
macmini.gen2.fill	iOS=18.4	macOS=15.4	tvOS=18.4	visionOS=2.4	watchOS=11.4
macmini.gen3	iOS=18.4	macOS=15.4	tvOS=18.4	visionOS=2.4	watchOS=11.4
macmini.gen3.fill	iOS=18.4	macOS=15.4	tvOS=18.4	visionOS=2.4	watchOS=11.4
memories.slash	iOS=18.4	macOS=15.4	tvOS=18.4	visionOS=2.4	watchOS=11.4
minus.plus.batteryblock.stack.arrowtriangle.left	iOS=18.4	macOS=15.4	tvOS=18.4	visionOS=2.4	watchOS=11.4
minus.plus.batteryblock.stack.arrowtriangle.left.fill	iOS=18.4	macOS=15.4	tvOS=18.4	visionOS=2.4	watchOS=11.4
minus.plus.batteryblock.stack.arrowtriangle.right	iOS=18.4	macOS=15.4	tvOS=18.4	visionOS=2.4	watchOS=11.4
minus.plus.batteryblock.stack.arrowtriangle.right.and.arrowtriangle.left	iOS=18.4	macOS=15.4	tvOS=18.4	visionOS=2.4	watchOS=11.4
minus.plus.batteryblock.stack.arrowtriangle.right.and.arrowtriangle.left.fill	iOS=18.4	macOS=15.4	tvOS=18.4	visionOS=2.4	watchOS=11.4
minus.plus.batteryblock.stack.arrowtriangle.right.fill	iOS=18.4	macOS=15.4	tvOS=18.4	visionOS=2.4	watchOS=11.4
nosign.badge.clock	iOS=18.4	macOS=15.4	tvOS=18.4	visionOS=2.4	watchOS=11.4
person.checkmark.and.xmark	iOS=18.4	macOS=15.4	tvOS=18.4	visionOS=2.4	watchOS=11.4
person.checkmark.and.xmark.rtl	iOS=18.4	macOS=15.4	tvOS=18.4	visionOS=2.4	watchOS=11.4
person.fill.checkmark.and.xmark	iOS=18.4	macOS=15.4	tvOS=18.4	visionOS=2.4	watchOS=11.4
person.fill.checkmark.and.xmark.rtl	iOS=18.4	macOS=15.4	tvOS=18.4	visionOS=2.4	watchOS=11.4
photo.badge.shield.exclamationmark	iOS=18.4	macOS=15.4	tvOS=18.4	visionOS=2.4	watchOS=11.4
photo.badge.shield.exclamationmark.fill	iOS=18.4	macOS=15.4	tvOS=18.4	visionOS=2.4	watchOS=11.4
photo.trianglebadge.exclamationmark	iOS=18.4	macOS=15.4	tvOS=18.4	visionOS=2.4	watchOS=11.4
photo.trianglebadge.exclamationmark.fill	iOS=18.4	macOS=15.4	tvOS=18.4	visionOS=2.4	watchOS=11.4
pi	iOS=18.4	macOS=15.4	tvOS=18.4	visionOS=2.4	watchOS=11.4
pi.circle	iOS=18.4	macOS=15.4	tvOS=18.4	visionOS=2.4	watchOS=11.4
pi.circle.fill	iOS=18.4	macOS=15.4	tvOS=18.4	visionOS=2.4	watchOS=11.4
pi.square	iOS=18.4	macOS=15.4	tvOS=18.4	visionOS=2.4	watchOS=11.4
pi.square.fill	iOS=18.4	macOS=15.4	tvOS=18.4	visionOS=2.4	watchOS=11.4
plus.minus.capsule	iOS=18.4	macOS=15.4	tvOS=18.4	visionOS=2.4	watchOS=11.4
plus.minus.capsule.fill	iOS=18.4	macOS=15.4	tvOS=18.4	visionOS=2.4	watchOS=11.4
repeat.badge.xmark.circle.fill	iOS=18.4	macOS=15.4	tvOS=18.4	visionOS=2.4	watchOS=11.4
road.lane.arrowtriangle.2.outward	iOS=18.4	macOS=15.4	tvOS=18.4	visionOS=2.4	watchOS=11.4
robotic.vacuum.and.arrowtriangle.up	iOS=18.4	macOS=15.4	tvOS=18.4	visionOS=2.4	watchOS=11.4
robotic.vacuum.and.arrowtriangle.up.fill	iOS=18.4	macOS=15.4	tvOS=18.4	visionOS=2.4	watchOS=11.4
robotic.vacuum.and.ellipsis	iOS=18.4	macOS=15.4	tvOS=18.4	visionOS=2.4	watchOS=11.4
robotic.vacuum.and.ellipsis.fill	iOS=18.4	macOS=15.4	tvOS=18.4	visionOS=2.4	watchOS=11.4
spoon.serving	iOS=18.4	macOS=15.4	tvOS=18.4	visionOS=2.4	watchOS=11.4
square.and.arrow.up.badge.checkmark	iOS=18.4	macOS=15.4	tvOS=18.4	visionOS=2.4	watchOS=11.4
square.and.arrow.up.badge.checkmark.fill	iOS=18.4	macOS=15.4	tvOS=18.4	visionOS=2.4	watchOS=11.4
squareshape.split.2x2.dotted.inside	iOS=18.4	macOS=15.4	tvOS=18.4	visionOS=2.4	watchOS=11.4
squareshape.split.2x2.dotted.inside.and.outside	iOS=18.4	macOS=15.4	tvOS=18.4	visionOS=2.4	watchOS=11.4
squareshape.split.2x2.dotted.outside	iOS=18.4	macOS=15.4	tvOS=18.4	visionOS=2.4	watchOS=11.4
star.hexagon	iOS=18.4	macOS=15.4	tvOS=18.4	visionOS=2.4	watchOS=11.4
star.hexagon.fill	iOS=18.4	macOS=15.4	tvOS=18.4	visionOS=2.4	watchOS=11.4
suv.side.arrow.left.and.right	iOS=18.4	macOS=15.4	tvOS=18.4	visionOS=2.4	watchOS=11.4
suv.side.arrow.left.and.right.fill	iOS=18.4	macOS=15.4	tvOS=18.4	visionOS=2.4	watchOS=11.4
suv.side.hill.down.and.gauge.open.with.lines.needle.25percent.and.arrowtriangle	iOS=18.4	macOS=15.4	tvOS=18.4	visionOS=2.4	watchOS=11.4
suv.side.hill.down.and.gauge.open.with.lines.needle.25percent.and.arrowtriangle.fill	iOS=18.4	macOS=15.4	tvOS=18.4	visionOS=2.4	watchOS=11.4
textformat.alt.bn	iOS=18.4	macOS=15.4	tvOS=18.4	visionOS=2.4	watchOS=11.4
textformat.alt.gu	iOS=18.4	macOS=15.4	tvOS=18.4	visionOS=2.4	watchOS=11.4
textformat.alt.kn	iOS=18.4	macOS=15.4	tvOS=18.4	visionOS=2.4	watchOS=11.4
textformat.alt.ml	iOS=18.4	macOS=15.4	tvOS=18.4	visionOS=2.4	watchOS=11.4
textformat.alt.mni	iOS=18.4	macOS=15.4	tvOS=18.4	visionOS=2.4	watchOS=11.4
textformat.alt.mr	iOS=18.4	macOS=15.4	tvOS=18.4	visionOS=2.4	watchOS=11.4
textformat.alt.or	iOS=18.4	macOS=15.4	tvOS=18.4	visionOS=2.4	watchOS=11.4
textformat.alt.pa	iOS=18.4	macOS=15.4	tvOS=18.4	visionOS=2.4	watchOS=11.4
textformat.alt.sat	iOS=18.4	macOS=15.4	tvOS=18.4	visionOS=2.4	watchOS=11.4
textformat.alt.si	iOS=18.4	macOS=15.4	tvOS=18.4	visionOS=2.4	watchOS=11.4
textformat.alt.ta	iOS=18.4	macOS=15.4	tvOS=18.4	visionOS=2.4	watchOS=11.4
textformat.alt.te	iOS=18.4	macOS=15.4	tvOS=18.4	visionOS=2.4	watchOS=11.4
textformat.bn	iOS=18.4	macOS=15.4	tvOS=18.4	visionOS=2.4	watchOS=11.4
textformat.characters.arrow.left.and.right.bn	iOS=18.4	macOS=15.4	tvOS=18.4	visionOS=2.4	watchOS=11.4
textformat.characters.arrow.left.and.right.gu	iOS=18.4	macOS=15.4	tvOS=18.4	visionOS=2.4	watchOS=11.4
textformat.characters.arrow.left.and.right.kn	iOS=18.4	macOS=15.4	tvOS=18.4	visionOS=2.4	watchOS=11.4
textformat.characters.arrow.left.and.right.ml	iOS=18.4	macOS=15.4	tvOS=18.4	visionOS=2.4	watchOS=11.4
textformat.characters.arrow.left.and.right.mni	iOS=18.4	macOS=15.4	tvOS=18.4	visionOS=2.4	watchOS=11.4
textformat.characters.arrow.left.and.right.mr	iOS=18.4	macOS=15.4	tvOS=18.4	visionOS=2.4	watchOS=11.4
textformat.characters.arrow.left.and.right.or	iOS=18.4	macOS=15.4	tvOS=18.4	visionOS=2.4	watchOS=11.4
textformat.characters.arrow.left.and.right.pa	iOS=18.4	macOS=15.4	tvOS=18.4	visionOS=2.4	watchOS=11.4
textformat.characters.arrow.left.and.right.sat	iOS=18.4	macOS=15.4	tvOS=18.4	visionOS=2.4	watchOS=11.4
textformat.characters.arrow.left.and.right.si	iOS=18.4	macOS=15.4	tvOS=18.4	visionOS=2.4	watchOS=11.4
textformat.characters.arrow.left.and.right.ta	iOS=18.4	macOS=15.4	tvOS=18.4	visionOS=2.4	watchOS=11.4
textformat.characters.arrow.left.and.right.te	iOS=18.4	macOS=15.4	tvOS=18.4	visionOS=2.4	watchOS=11.4
textformat.characters.bn	iOS=18.4	macOS=15.4	tvOS=18.4	visionOS=2.4	watchOS=11.4
textformat.characters.dottedunderline.bn	iOS=18.4	macOS=15.4	tvOS=18.4	visionOS=2.4	watchOS=11.4
textformat.characters.dottedunderline.gu	iOS=18.4	macOS=15.4	tvOS=18.4	visionOS=2.4	watchOS=11.4
textformat.characters.dottedunderline.kn	iOS=18.4	macOS=15.4	tvOS=18.4	visionOS=2.4	watchOS=11.4
textformat.characters.dottedunderline.ml	iOS=18.4	macOS=15.4	tvOS=18.4	visionOS=2.4	watchOS=11.4
textformat.characters.dottedunderline.mni	iOS=18.4	macOS=15.4	tvOS=18.4	visionOS=2.4	watchOS=11.4
textformat.characters.dottedunderline.mr	iOS=18.4	macOS=15.4	tvOS=18.4	visionOS=2.4	watchOS=11.4
textformat.characters.dottedunderline.or	iOS=18.4	macOS=15.4	tvOS=18.4	visionOS=2.4	watchOS=11.4
textformat.characters.dottedunderline.pa	iOS=18.4	macOS=15.4	tvOS=18.4	visionOS=2.4	watchOS=11.4
textformat.characters.dottedunderline.sat	iOS=18.4	macOS=15.4	tvOS=18.4	visionOS=2.4	watchOS=11.4
textformat.characters.dottedunderline.si	iOS=18.4	macOS=15.4	tvOS=18.4	visionOS=2.4	watchOS=11.4
textformat.characters.dottedunderline.ta	iOS=18.4	macOS=15.4	tvOS=18.4	visionOS=2.4	watchOS=11.4
textformat.characters.dottedunderline.te	iOS=18.4	macOS=15.4	tvOS=18.4	visionOS=2.4	watchOS=11.4
textformat.characters.gu	iOS=18.4	macOS=15.4	tvOS=18.4	visionOS=2.4	watchOS=11.4
textformat.characters.kn	iOS=18.4	macOS=15.4	tvOS=18.4	visionOS=2.4	watchOS=11.4
textformat.characters.ml	iOS=18.4	macOS=15.4	tvOS=18.4	visionOS=2.4	watchOS=11.4
textformat.characters.mni	iOS=18.4	macOS=15.4	tvOS=18.4	visionOS=2.4	watchOS=11.4
textformat.characters.mr	iOS=18.4	macOS=15.4	tvOS=18.4	visionOS=2.4	watchOS=11.4
textformat.characters.or	iOS=18.4	macOS=15.4	tvOS=18.4	visionOS=2.4	watchOS=11.4
textformat.characters.pa	iOS=18.4	macOS=15.4	tvOS=18.4	visionOS=2.4	watchOS=11.4
textformat.characters.sat	iOS=18.4	macOS=15.4	tvOS=18.4	visionOS=2.4	watchOS=11.4
textformat.characters.si	iOS=18.4	macOS=15.4	tvOS=18.4	visionOS=2.4	watchOS=11.4
textformat.characters.ta	iOS=18.4	macOS=15.4	tvOS=18.4	visionOS=2.4	watchOS=11.4
textformat.characters.te	iOS=18.4	macOS=15.4	tvOS=18.4	visionOS=2.4	watchOS=11.4
textformat.gu	iOS=18.4	macOS=15.4	tvOS=18.4	visionOS=2.4	watchOS=11.4
textformat.kn	iOS=18.4	macOS=15.4	tvOS=18.4	visionOS=2.4	watchOS=11.4
textformat.ml	iOS=18.4	macOS=15.4	tvOS=18.4	visionOS=2.4	watchOS=11.4
textformat.mni	iOS=18.4	macOS=15.4	tvOS=18.4	visionOS=2.4	watchOS=11.4
textformat.mr	iOS=18.4	macOS=15.4	tvOS=18.4	visionOS=2.4	watchOS=11.4
textformat.or	iOS=18.4	macOS=15.4	tvOS=18.4	visionOS=2.4	watchOS=11.4
textformat.pa	iOS=18.4	macOS=15.4	tvOS=18.4	visionOS=2.4	watchOS=11.4
textformat.sat	iOS=18.4	macOS=15.4	tvOS=18.4	visionOS=2.4	watchOS=11.4
textformat.si	iOS=18.4	macOS=15.4	tvOS=18.4	visionOS=2.4	watchOS=11.4
textformat.subscript.bn	iOS=18.4	macOS=15.4	tvOS=18.4	visionOS=2.4	watchOS=11.4
textformat.subscript.gu	iOS=18.4	macOS=15.4	tvOS=18.4	visionOS=2.4	watchOS=11.4
textformat.subscript.kn	iOS=18.4	macOS=15.4	tvOS=18.4	visionOS=2.4	watchOS=11.4
textformat.subscript.ml	iOS=18.4	macOS=15.4	tvOS=18.4	visionOS=2.4	watchOS=11.4
textformat.subscript.mni	iOS=18.4	macOS=15.4	tvOS=18.4	visionOS=2.4	watchOS=11.4
textformat.subscript.mr	iOS=18.4	macOS=15.4	tvOS=18.4	visionOS=2.4	watchOS=11.4
textformat.subscript.or	iOS=18.4	macOS=15.4	tvOS=18.4	visionOS=2.4	watchOS=11.4
textformat.subscript.pa	iOS=18.4	macOS=15.4	tvOS=18.4	visionOS=2.4	watchOS=11.4
textformat.subscript.sat	iOS=18.4	macOS=15.4	tvOS=18.4	visionOS=2.4	watchOS=11.4
textformat.subscript.si	iOS=18.4	macOS=15.4	tvOS=18.4	visionOS=2.4	watchOS=11.4
textformat.subscript.ta	iOS=18.4	macOS=15.4	tvOS=18.4	visionOS=2.4	watchOS=11.4
textformat.subscript.te	iOS=18.4	macOS=15.4	tvOS=18.4	visionOS=2.4	watchOS=11.4
textformat.superscript.bn	iOS=18.4	macOS=15.4	tvOS=18.4	visionOS=2.4	watchOS=11.4
textformat.superscript.gu	iOS=18.4	macOS=15.4	tvOS=18.4	visionOS=2.4	watchOS=11.4
textformat.superscript.kn	iOS=18.4	macOS=15.4	tvOS=18.4	visionOS=2.4	watchOS=11.4
textformat.superscript.ml	iOS=18.4	macOS=15.4	tvOS=18.4	visionOS=2.4	watchOS=11.4
textformat.superscript.mni	iOS=18.4	macOS=15.4	tvOS=18.4	visionOS=2.4	watchOS=11.4
textformat.superscript.mr	iOS=18.4	macOS=15.4	tvOS=18.4	visionOS=2.4	watchOS=11.4
textformat.superscript.or	iOS=18.4	macOS=15.4	tvOS=18.4	visionOS=2.4	watchOS=11.4
textformat.superscript.pa	iOS=18.4	macOS=15.4	tvOS=18.4	visionOS=2.4	watchOS=11.4
textformat.superscript.sat	iOS=18.4	macOS=15.4	tvOS=18.4	visionOS=2.4	watchOS=11.4
textformat.superscript.si	iOS=18.4	macOS=15.4	tvOS=18.4	visionOS=2.4	watchOS=11.4
textformat.superscript.ta	iOS=18.4	macOS=15.4	tvOS=18.4	visionOS=2.4	watchOS=11.4
textformat.superscript.te	iOS=18.4	macOS=15.4	tvOS=18.4	visionOS=2.4	watchOS=11.4
textformat.ta	iOS=18.4	macOS=15.4	tvOS=18.4	visionOS=2.4	watchOS=11.4
textformat.te	iOS=18.4	macOS=15.4	tvOS=18.4	visionOS=2.4	watchOS=11.4
truck.pickup.side.arrow.left.and.right	iOS=18.4	macOS=15.4	tvOS=18.4	visionOS=2.4	watchOS=11.4
truck.pickup.side.arrow.left.and.right.fill	iOS=18.4	macOS=15.4	tvOS=18.4	visionOS=2.4	watchOS=11.4
truck.pickup.side.hill.down.and.gauge.open.with.lines.needle.25percent.and.arrowtriangle	iOS=18.4	macOS=15.4	tvOS=18.4	visionOS=2.4	watchOS=11.4
truck.pickup.side.hill.down.and.gauge.open.with.lines.needle.25percent.and.arrowtriangle.fill	iOS=18.4	macOS=15.4	tvOS=18.4	visionOS=2.4	watchOS=11.4
apple.intelligence.badge.xmark	iOS=18.5	macOS=15.5	tvOS=18.5	visionOS=2.5	watchOS=11.5
beats.powerbeats.pro.2	iOS=18.5	macOS=15.5	tvOS=18.5	visionOS=2.5	watchOS=11.5
beats.powerbeats.pro.2.chargingcase	iOS=18.5	macOS=15.5	tvOS=18.5	visionOS=2.5	watchOS=11.5
beats.powerbeats.pro.2.chargingcase.fill	iOS=18.5	macOS=15.5	tvOS=18.5	visionOS=2.5	watchOS=11.5
beats.powerbeats.pro.2.left	iOS=18.5	macOS=15.5	tvOS=18.5	visionOS=2.5	watchOS=11.5
beats.powerbeats.pro.2.right	iOS=18.5	macOS=15.5	tvOS=18.5	visionOS=2.5	watchOS=11.5
1.calendar	iOS=26.0	macOS=26.0	tvOS=26.0	visionOS=26.0	watchOS=26.0
1.calendar.ar	iOS=26.0	macOS=26.0	tvOS=26.0	visionOS=26.0	watchOS=26.0
1.calendar.hi	iOS=26.0	macOS=26.0	tvOS=26.0	visionOS=26.0	watchOS=26.0
10.calendar	iOS=26.0	macOS=26.0	tvOS=26.0	visionOS=26.0	watchOS=26.0
10.calendar.ar	iOS=26.0	macOS=26.0	tvOS=26.0	visionOS=26.0	watchOS=26.0
10.calendar.hi	iOS=26.0	macOS=26.0	tvOS=26.0	visionOS=26.0	watchOS=26.0
11.calendar	iOS=26.0	macOS=26.0	tvOS=26.0	visionOS=26.0	watchOS=26.0
11.calendar.ar	iOS=26.0	macOS=26.0	tvOS=26.0	visionOS=26.0	watchOS=26.0
11.calendar.hi	iOS=26.0	macOS=26.0	tvOS=26.0	visionOS=26.0	watchOS=26.0
12.calendar	iOS=26.0	macOS=26.0	tvOS=26.0	visionOS=26.0	watchOS=26.0
12.calendar.ar	iOS=26.0	macOS=26.0	tvOS=26.0	visionOS=26.0	watchOS=26.0
12.calendar.hi	iOS=26.0	macOS=26.0	tvOS=26.0	visionOS=26.0	watchOS=26.0
13.calendar	iOS=26.0	macOS=26.0	tvOS=26.0	visionOS=26.0	watchOS=26.0
13.calendar.ar	iOS=26.0	macOS=26.0	tvOS=26.0	visionOS=26.0	watchOS=26.0
13.calendar.hi	iOS=26.0	macOS=26.0	tvOS=26.0	visionOS=26.0	watchOS=26.0
14.calendar	iOS=26.0	macOS=26.0	tvOS=26.0	visionOS=26.0	watchOS=26.0
14.calendar.ar	iOS=26.0	macOS=26.0	tvOS=26.0	visionOS=26.0	watchOS=26.0
14.calendar.hi	iOS=26.0	macOS=26.0	tvOS=26.0	visionOS=26.0	watchOS=26.0
15.calendar	iOS=26.0	macOS=26.0	tvOS=26.0	visionOS=26.0	watchOS=26.0
15.calendar.ar	iOS=26.0	macOS=26.0	tvOS=26.0	visionOS=26.0	watchOS=26.0
15.calendar.hi	iOS=26.0	macOS=26.0	tvOS=26.0	visionOS=26.0	watchOS=26.0
16.calendar	iOS=26.0	macOS=26.0	tvOS=26.0	visionOS=26.0	watchOS=26.0
16.calendar.ar	iOS=26.0	macOS=26.0	tvOS=26.0	visionOS=26.0	watchOS=26.0
16.calendar.hi	iOS=26.0	macOS=26.0	tvOS=26.0	visionOS=26.0	watchOS=26.0
17.calendar	iOS=26.0	macOS=26.0	tvOS=26.0	visionOS=26.0	watchOS=26.0
17.calendar.ar	iOS=26.0	macOS=26.0	tvOS=26.0	visionOS=26.0	watchOS=26.0
17.calendar.hi	iOS=26.0	macOS=26.0	tvOS=26.0	visionOS=26.0	watchOS=26.0
18.calendar	iOS=26.0	macOS=26.0	tvOS=26.0	visionOS=26.0	watchOS=26.0
18.calendar.ar	iOS=26.0	macOS=26.0	tvOS=26.0	visionOS=26.0	watchOS=26.0
18.calendar.hi	iOS=26.0	macOS=26.0	tvOS=26.0	visionOS=26.0	watchOS=26.0
19.calendar	iOS=26.0	macOS=26.0	tvOS=26.0	visionOS=26.0	watchOS=26.0
19.calendar.ar	iOS=26.0	macOS=26.0	tvOS=26.0	visionOS=26.0	watchOS=26.0
19.calendar.hi	iOS=26.0	macOS=26.0	tvOS=26.0	visionOS=26.0	watchOS=26.0
2.calendar	iOS=26.0	macOS=26.0	tvOS=26.0	visionOS=26.0	watchOS=26.0
2.calendar.ar	iOS=26.0	macOS=26.0	tvOS=26.0	visionOS=26.0	watchOS=26.0
2.calendar.hi	iOS=26.0	macOS=26.0	tvOS=26.0	visionOS=26.0	watchOS=26.0
20.calendar	iOS=26.0	macOS=26.0	tvOS=26.0	visionOS=26.0	watchOS=26.0
20.calendar.ar	iOS=26.0	macOS=26.0	tvOS=26.0	visionOS=26.0	watchOS=26.0
20.calendar.hi	iOS=26.0	macOS=26.0	tvOS=26.0	visionOS=26.0	watchOS=26.0
21.calendar	iOS=26.0	macOS=26.0	tvOS=26.0	visionOS=26.0	watchOS=26.0
21.calendar.ar	iOS=26.0	macOS=26.0	tvOS=26.0	visionOS=26.0	watchOS=26.0
21.calendar.hi	iOS=26.0	macOS=26.0	tvOS=26.0	visionOS=26.0	watchOS=26.0
22.calendar	iOS=26.0	macOS=26.0	tvOS=26.0	visionOS=26.0	watchOS=26.0
22.calendar.ar	iOS=26.0	macOS=26.0	tvOS=26.0	visionOS=26.0	watchOS=26.0
22.calendar.hi	iOS=26.0	macOS=26.0	tvOS=26.0	visionOS=26.0	watchOS=26.0
23.calendar	iOS=26.0	macOS=26.0	tvOS=26.0	visionOS=26.0	watchOS=26.0
23.calendar.ar	iOS=26.0	macOS=26.0	tvOS=26.0	visionOS=26.0	watchOS=26.0
23.calendar.hi	iOS=26.0	macOS=26.0	tvOS=26.0	visionOS=26.0	watchOS=26.0
24.calendar	iOS=26.0	macOS=26.0	tvOS=26.0	visionOS=26.0	watchOS=26.0
24.calendar.ar	iOS=26.0	macOS=26.0	tvOS=26.0	visionOS=26.0	watchOS=26.0
24.calendar.hi	iOS=26.0	macOS=26.0	tvOS=26.0	visionOS=26.0	watchOS=26.0
25.calendar	iOS=26.0	macOS=26.0	tvOS=26.0	visionOS=26.0	watchOS=26.0
25.calendar.ar	iOS=26.0	macOS=26.0	tvOS=26.0	visionOS=26.0	watchOS=26.0
25.calendar.hi	iOS=26.0	macOS=26.0	tvOS=26.0	visionOS=26.0	watchOS=26.0
26.calendar	iOS=26.0	macOS=26.0	tvOS=26.0	visionOS=26.0	watchOS=26.0
26.calendar.ar	iOS=26.0	macOS=26.0	tvOS=26.0	visionOS=26.0	watchOS=26.0
26.calendar.hi	iOS=26.0	macOS=26.0	tvOS=26.0	visionOS=26.0	watchOS=26.0
27.calendar	iOS=26.0	macOS=26.0	tvOS=26.0	visionOS=26.0	watchOS=26.0
27.calendar.ar	iOS=26.0	macOS=26.0	tvOS=26.0	visionOS=26.0	watchOS=26.0
27.calendar.hi	iOS=26.0	macOS=26.0	tvOS=26.0	visionOS=26.0	watchOS=26.0
28.calendar	iOS=26.0	macOS=26.0	tvOS=26.0	visionOS=26.0	watchOS=26.0
28.calendar.ar	iOS=26.0	macOS=26.0	tvOS=26.0	visionOS=26.0	watchOS=26.0
28.calendar.hi	iOS=26.0	macOS=26.0	tvOS=26.0	visionOS=26.0	watchOS=26.0
29.calendar	iOS=26.0	macOS=26.0	tvOS=26.0	visionOS=26.0	watchOS=26.0
29.calendar.ar	iOS=26.0	macOS=26.0	tvOS=26.0	visionOS=26.0	watchOS=26.0
29.calendar.hi	iOS=26.0	macOS=26.0	tvOS=26.0	visionOS=26.0	watchOS=26.0
3.calendar	iOS=26.0	macOS=26.0	tvOS=26.0	visionOS=26.0	watchOS=26.0
3.calendar.ar	iOS=26.0	macOS=26.0	tvOS=26.0	visionOS=26.0	watchOS=26.0
3.calendar.hi	iOS=26.0	macOS=26.0	tvOS=26.0	visionOS=26.0	watchOS=26.0
30.calendar	iOS=26.0	macOS=26.0	tvOS=26.0	visionOS=26.0	watchOS=26.0
30.calendar.ar	iOS=26.0	macOS=26.0	tvOS=26.0	visionOS=26.0	watchOS=26.0
30.calendar.hi	iOS=26.0	macOS=26.0	tvOS=26.0	visionOS=26.0	watchOS=26.0
31.calendar	iOS=26.0	macOS=26.0	tvOS=26.0	visionOS=26.0	watchOS=26.0
31.calendar.ar	iOS=26.0	macOS=26.0	tvOS=26.0	visionOS=26.0	watchOS=26.0
31.calendar.hi	iOS=26.0	macOS=26.0	tvOS=26.0	visionOS=26.0	watchOS=26.0
4.calendar	iOS=26.0	macOS=26.0	tvOS=26.0	visionOS=26.0	watchOS=26.0
4.calendar.ar	iOS=26.0	macOS=26.0	tvOS=26.0	visionOS=26.0	watchOS=26.0
4.calendar.hi	iOS=26.0	macOS=26.0	tvOS=26.0	visionOS=26.0	watchOS=26.0
5.calendar	iOS=26.0	macOS=26.0	tvOS=26.0	visionOS=26.0	watchOS=26.0
5.calendar.ar	iOS=26.0	macOS=26.0	tvOS=26.0	visionOS=26.0	watchOS=26.0
5.calendar.hi	iOS=26.0	macOS=26.0	tvOS=26.0	visionOS=26.0	watchOS=26.0
6.calendar	iOS=26.0	macOS=26.0	tvOS=26.0	visionOS=26.0	watchOS=26.0
6.calendar.ar	iOS=26.0	macOS=26.0	tvOS=26.0	visionOS=26.0	watchOS=26.0
6.calendar.hi	iOS=26.0	macOS=26.0	tvOS=26.0	visionOS=26.0	watchOS=26.0
7.calendar	iOS=26.0	macOS=26.0	tvOS=26.0	visionOS=26.0	watchOS=26.0
7.calendar.ar	iOS=26.0	macOS=26.0	tvOS=26.0	visionOS=26.0	watchOS=26.0
7.calendar.hi	iOS=26.0	macOS=26.0	tvOS=26.0	visionOS=26.0	watchOS=26.0
8.calendar	iOS=26.0	macOS=26.0	tvOS=26.0	visionOS=26.0	watchOS=26.0
8.calendar.ar	iOS=26.0	macOS=26.0	tvOS=26.0	visionOS=26.0	watchOS=26.0
8.calendar.hi	iOS=26.0	macOS=26.0	tvOS=26.0	visionOS=26.0	watchOS=26.0
9.calendar	iOS=26.0	macOS=26.0	tvOS=26.0	visionOS=26.0	watchOS=26.0
9.calendar.ar	iOS=26.0	macOS=26.0	tvOS=26.0	visionOS=26.0	watchOS=26.0
9.calendar.hi	iOS=26.0	macOS=26.0	tvOS=26.0	visionOS=26.0	watchOS=26.0
ac	iOS=26.0	macOS=26.0	tvOS=26.0	visionOS=26.0	watchOS=26.0
ac.slash	iOS=26.0	macOS=26.0	tvOS=26.0	visionOS=26.0	watchOS=26.0
airplane.cloud	iOS=26.0	macOS=26.0	tvOS=26.0	visionOS=26.0	watchOS=26.0
airplane.landed	iOS=26.0	macOS=26.0	tvOS=26.0	visionOS=26.0	watchOS=26.0
airplane.path.dotted	iOS=26.0	macOS=26.0	tvOS=26.0	visionOS=26.0	watchOS=26.0
airplane.ticket	iOS=26.0	macOS=26.0	tvOS=26.0	visionOS=26.0	watchOS=26.0
airplane.ticket.fill	iOS=26.0	macOS=26.0	tvOS=26.0	visionOS=26.0	watchOS=26.0
airplane.up.forward	iOS=26.0	macOS=26.0	tvOS=26.0	visionOS=26.0	watchOS=26.0
airplane.up.forward.app	iOS=26.0	macOS=26.0	tvOS=26.0	visionOS=26.0	watchOS=26.0
airplane.up.forward.app.fill	iOS=26.0	macOS=26.0	tvOS=26.0	visionOS=26.0	watchOS=26.0
airplane.up.right	iOS=26.0	macOS=26.0	tvOS=26.0	visionOS=26.0	watchOS=26.0
airplane.up.right.app	iOS=26.0	macOS=26.0	tvOS=26.0	visionOS=26.0	watchOS=26.0
airplane.up.right.app.fill	iOS=26.0	macOS=26.0	tvOS=26.0	visionOS=26.0	watchOS=26.0
airplaneseat	iOS=26.0	macOS=26.0	tvOS=26.0	visionOS=26.0	watchOS=26.0
app.background.dotted	iOS=26.0	macOS=26.0	tvOS=26.0	visionOS=26.0	watchOS=26.0
app.grid	iOS=26.0	macOS=26.0	tvOS=26.0	visionOS=26.0	watchOS=26.0
app.shadow	iOS=26.0	macOS=26.0	tvOS=26.0	visionOS=26.0	watchOS=26.0
app.specular	iOS=26.0	macOS=26.0	tvOS=26.0	visionOS=26.0	watchOS=26.0
app.translucent	iOS=26.0	macOS=26.0	tvOS=26.0	visionOS=26.0	watchOS=26.0
apple.books.pages	iOS=26.0	macOS=26.0	tvOS=26.0	visionOS=26.0	watchOS=26.0
apple.books.pages.fill	iOS=26.0	macOS=26.0	tvOS=26.0	visionOS=26.0	watchOS=26.0
apple.classical.pages	iOS=26.0	macOS=26.0	tvOS=26.0	visionOS=26.0	watchOS=26.0
apple.classical.pages.fill	iOS=26.0	macOS=26.0	tvOS=26.0	visionOS=26.0	watchOS=26.0
apple.homekit	iOS=26.0	macOS=26.0	tvOS=26.0	visionOS=26.0	watchOS=26.0
apple.podcasts.pages	iOS=26.0	macOS=26.0	tvOS=26.0	visionOS=26.0	watchOS=26.0
apple.podcasts.pages.fill	iOS=26.0	macOS=26.0	tvOS=26.0	visionOS=26.0	watchOS=26.0
appletv.badge.checkmark	iOS=26.0	macOS=26.0	tvOS=26.0	visionOS=26.0	watchOS=26.0
appletv.badge.checkmark.fill	iOS=26.0	macOS=26.0	tvOS=26.0	visionOS=26.0	watchOS=26.0
appletv.badge.exclamationmark	iOS=26.0	macOS=26.0	tvOS=26.0	visionOS=26.0	watchOS=26.0
appletv.badge.exclamationmark.fill	iOS=26.0	macOS=26.0	tvOS=26.0	visionOS=26.0	watchOS=26.0
applewatch.badge.checkmark	iOS=26.0	macOS=26.0	tvOS=26.0	visionOS=26.0	watchOS=26.0
applewatch.badge.exclamationmark	iOS=26.0	macOS=26.0	tvOS=26.0	visionOS=26.0	watchOS=26.0
apps.ipad.badge.checkmark	iOS=26.0	macOS=26.0	tvOS=26.0	visionOS=26.0	watchOS=26.0
apps.ipad.badge.checkmark.rtl	iOS=26.0	macOS=26.0	tvOS=26.0	visionOS=26.0	watchOS=26.0
apps.ipad.badge.plus	iOS=26.0	macOS=26.0	tvOS=26.0	visionOS=26.0	watchOS=26.0
apps.ipad.on.rectangle.portrait.dashed	iOS=26.0	macOS=26.0	tvOS=26.0	visionOS=26.0	watchOS=26.0
apps.ipad.on.rectangle.portrait.dashed.rtl	iOS=26.0	macOS=26.0	tvOS=26.0	visionOS=26.0	watchOS=26.0
apps.iphone.badge.checkmark	iOS=26.0	macOS=26.0	tvOS=26.0	visionOS=26.0	watchOS=26.0
apps.iphone.badge.checkmark.rtl	iOS=26.0	macOS=26.0	tvOS=26.0	visionOS=26.0	watchOS=26.0
aqi.medium.gauge.open	iOS=26.0	macOS=26.0	tvOS=26.0	visionOS=26.0	watchOS=26.0
arrow.down.circle.badge.pause	iOS=26.0	macOS=26.0	tvOS=26.0	visionOS=26.0	watchOS=26.0
arrow.down.circle.badge.pause.fill	iOS=26.0	macOS=26.0	tvOS=26.0	visionOS=26.0	watchOS=26.0
arrow.down.circle.badge.xmark	iOS=26.0	macOS=26.0	tvOS=26.0	visionOS=26.0	watchOS=26.0
arrow.down.circle.badge.xmark.fill	iOS=26.0	macOS=26.0	tvOS=26.0	visionOS=26.0	watchOS=26.0
arrow.forward.folder	iOS=26.0	macOS=26.0	tvOS=26.0	visionOS=26.0	watchOS=26.0
arrow.forward.folder.fill	iOS=26.0	macOS=26.0	tvOS=26.0	visionOS=26.0	watchOS=26.0
arrow.forward.folder.fill.rtl	iOS=26.0	macOS=26.0	tvOS=26.0	visionOS=26.0	watchOS=26.0
arrow.forward.folder.rtl	iOS=26.0	macOS=26.0	tvOS=26.0	visionOS=26.0	watchOS=26.0
arrow.trianglehead.turn.up.right	iOS=26.0	macOS=26.0	tvOS=26.0	visionOS=26.0	watchOS=26.0
arrow.up.folder	iOS=26.0	macOS=26.0	tvOS=26.0	visionOS=26.0	watchOS=26.0
arrow.up.folder.fill	iOS=26.0	macOS=26.0	tvOS=26.0	visionOS=26.0	watchOS=26.0
backpack.sensor.tag.radiowaves.left.and.right	iOS=26.0	macOS=26.0	tvOS=26.0	visionOS=26.0	watchOS=26.0
backpack.sensor.tag.radiowaves.left.and.right.fill	iOS=26.0	macOS=26.0	tvOS=26.0	visionOS=26.0	watchOS=26.0
bed.double.badge.checkmark	iOS=26.0	macOS=26.0	tvOS=26.0	visionOS=26.0	watchOS=26.0
bed.double.badge.checkmark.fill	iOS=26.0	macOS=26.0	tvOS=26.0	visionOS=26.0	watchOS=26.0
bell.badge.waveform.slash	iOS=26.0	macOS=26.0	tvOS=26.0	visionOS=26.0	watchOS=26.0
bell.badge.waveform.slash.fill	iOS=26.0	macOS=26.0	tvOS=26.0	visionOS=26.0	watchOS=26.0
bicycle.sensor.tag.radiowaves.left.and.right	iOS=26.0	macOS=26.0	tvOS=26.0	visionOS=26.0	watchOS=26.0
bicycle.sensor.tag.radiowaves.left.and.right.fill	iOS=26.0	macOS=26.0	tvOS=26.0	visionOS=26.0	watchOS=26.0
blood.pressure.cuff	iOS=26.0	macOS=26.0	tvOS=26.0	visionOS=26.0	watchOS=26.0
blood.pressure.cuff.badge.gauge.with.needle	iOS=26.0	macOS=26.0	tvOS=26.0	visionOS=26.0	watchOS=26.0
blood.pressure.cuff.badge.gauge.with.needle.fill	iOS=26.0	macOS=26.0	tvOS=26.0	visionOS=26.0	watchOS=26.0
blood.pressure.cuff.fill	iOS=26.0	macOS=26.0	tvOS=26.0	visionOS=26.0	watchOS=26.0
book.badge.plus	iOS=26.0	macOS=26.0	tvOS=26.0	visionOS=26.0	watchOS=26.0
book.badge.plus.fill	iOS=26.0	macOS=26.0	tvOS=26.0	visionOS=26.0	watchOS=26.0
briefcase.sensor.tag.radiowaves.left.and.right	iOS=26.0	macOS=26.0	tvOS=26.0	visionOS=26.0	watchOS=26.0
briefcase.sensor.tag.radiowaves.left.and.right.fill	iOS=26.0	macOS=26.0	tvOS=26.0	visionOS=26.0	watchOS=26.0
calendar.badge	iOS=26.0	macOS=26.0	tvOS=26.0	visionOS=26.0	watchOS=26.0
calendar.badge.lock	iOS=26.0	macOS=26.0	tvOS=26.0	visionOS=26.0	watchOS=26.0
calendar.day.timeline.leading.circle	iOS=26.0	macOS=26.0	tvOS=26.0	visionOS=26.0	watchOS=26.0
calendar.day.timeline.leading.circle.fill	iOS=26.0	macOS=26.0	tvOS=26.0	visionOS=26.0	watchOS=26.0
calendar.day.timeline.left.circle	iOS=26.0	macOS=26.0	tvOS=26.0	visionOS=26.0	watchOS=26.0
calendar.day.timeline.left.circle.fill	iOS=26.0	macOS=26.0	tvOS=26.0	visionOS=26.0	watchOS=26.0
calendar.day.timeline.right.circle	iOS=26.0	macOS=26.0	tvOS=26.0	visionOS=26.0	watchOS=26.0
calendar.day.timeline.right.circle.fill	iOS=26.0	macOS=26.0	tvOS=26.0	visionOS=26.0	watchOS=26.0
calendar.day.timeline.trailing.circle	iOS=26.0	macOS=26.0	tvOS=26.0	visionOS=26.0	watchOS=26.0
calendar.day.timeline.trailing.circle.fill	iOS=26.0	macOS=26.0	tvOS=26.0	visionOS=26.0	watchOS=26.0
camera.sensor.tag.radiowaves.left.and.right	iOS=26.0	macOS=26.0	tvOS=26.0	visionOS=26.0	watchOS=26.0
camera.sensor.tag.radiowaves.left.and.right.fill	iOS=26.0	macOS=26.0	tvOS=26.0	visionOS=26.0	watchOS=26.0
car.rear.road.lane.dashed.arrowtriangle.2.outward	iOS=26.0	macOS=26.0	tvOS=26.0	visionOS=26.0	watchOS=26.0
car.window.left.badge.lock	iOS=26.0	macOS=26.0	tvOS=26.0	visionOS=26.0	watchOS=26.0
car.window.right.badge.lock	iOS=26.0	macOS=26.0	tvOS=26.0	visionOS=26.0	watchOS=26.0
cellularbars.circle	iOS=26.0	macOS=26.0	tvOS=26.0	visionOS=26.0	watchOS=26.0
cellularbars.circle.fill	iOS=26.0	macOS=26.0	tvOS=26.0	visionOS=26.0	watchOS=26.0
character.book.closed.bn	iOS=26.0	macOS=26.0	tvOS=26.0	visionOS=26.0	watchOS=26.0
character.book.closed.fill.bn	iOS=26.0	macOS=26.0	tvOS=26.0	visionOS=26.0	watchOS=26.0
character.book.closed.fill.gu	iOS=26.0	macOS=26.0	tvOS=26.0	visionOS=26.0	watchOS=26.0
character.book.closed.fill.kn	iOS=26.0	macOS=26.0	tvOS=26.0	visionOS=26.0	watchOS=26.0
character.book.closed.fill.ml	iOS=26.0	macOS=26.0	tvOS=26.0	visionOS=26.0	watchOS=26.0
character.book.closed.fill.mni	iOS=26.0	macOS=26.0	tvOS=26.0	visionOS=26.0	watchOS=26.0
character.book.closed.fill.mr	iOS=26.0	macOS=26.0	tvOS=26.0	visionOS=26.0	watchOS=26.0
character.book.closed.fill.or	iOS=26.0	macOS=26.0	tvOS=26.0	visionOS=26.0	watchOS=26.0
character.book.closed.fill.pa	iOS=26.0	macOS=26.0	tvOS=26.0	visionOS=26.0	watchOS=26.0
character.book.closed.fill.sat	iOS=26.0	macOS=26.0	tvOS=26.0	visionOS=26.0	watchOS=26.0
character.book.closed.fill.si	iOS=26.0	macOS=26.0	tvOS=26.0	visionOS=26.0	watchOS=26.0
character.book.closed.fill.ta	iOS=26.0	macOS=26.0	tvOS=26.0	visionOS=26.0	watchOS=26.0
character.book.closed.fill.te	iOS=26.0	macOS=26.0	tvOS=26.0	visionOS=26.0	watchOS=26.0
character.book.closed.gu	iOS=26.0	macOS=26.0	tvOS=26.0	visionOS=26.0	watchOS=26.0
character.book.closed.kn	iOS=26.0	macOS=26.0	tvOS=26.0	visionOS=26.0	watchOS=26.0
character.book.closed.ml	iOS=26.0	macOS=26.0	tvOS=26.0	visionOS=26.0	watchOS=26.0
character.book.closed.mni	iOS=26.0	macOS=26.0	tvOS=26.0	visionOS=26.0	watchOS=26.0
character.book.closed.mr	iOS=26.0	macOS=26.0	tvOS=26.0	visionOS=26.0	watchOS=26.0
character.book.closed.or	iOS=26.0	macOS=26.0	tvOS=26.0	visionOS=26.0	watchOS=26.0
character.book.closed.pa	iOS=26.0	macOS=26.0	tvOS=26.0	visionOS=26.0	watchOS=26.0
character.book.closed.sat	iOS=26.0	macOS=26.0	tvOS=26.0	visionOS=26.0	watchOS=26.0
character.book.closed.si	iOS=26.0	macOS=26.0	tvOS=26.0	visionOS=26.0	watchOS=26.0
character.book.closed.ta	iOS=26.0	macOS=26.0	tvOS=26.0	visionOS=26.0	watchOS=26.0
character.book.closed.te	iOS=26.0	macOS=26.0	tvOS=26.0	visionOS=26.0	watchOS=26.0
character.bubble.bn	iOS=26.0	macOS=26.0	tvOS=26.0	visionOS=26.0	watchOS=26.0
character.bubble.fill.bn	iOS=26.0	macOS=26.0	tvOS=26.0	visionOS=26.0	watchOS=26.0
character.bubble.fill.gu	iOS=26.0	macOS=26.0	tvOS=26.0	visionOS=26.0	watchOS=26.0
character.bubble.fill.kn	iOS=26.0	macOS=26.0	tvOS=26.0	visionOS=26.0	watchOS=26.0
character.bubble.fill.ml	iOS=26.0	macOS=26.0	tvOS=26.0	visionOS=26.0	watchOS=26.0
character.bubble.fill.mni	iOS=26.0	macOS=26.0	tvOS=26.0	visionOS=26.0	watchOS=26.0
character.bubble.fill.mr	iOS=26.0	macOS=26.0	tvOS=26.0	visionOS=26.0	watchOS=26.0
character.bubble.fill.or	iOS=26.0	macOS=26.0	tvOS=26.0	visionOS=26.0	watchOS=26.0
character.bubble.fill.pa	iOS=26.0	macOS=26.0	tvOS=26.0	visionOS=26.0	watchOS=26.0
character.bubble.fill.sat	iOS=26.0	macOS=26.0	tvOS=26.0	visionOS=26.0	watchOS=26.0
character.bubble.fill.si	iOS=26.0	macOS=26.0	tvOS=26.0	visionOS=26.0	watchOS=26.0
character.bubble.fill.ta	iOS=26.0	macOS=26.0	tvOS=26.0	visionOS=26.0	watchOS=26.0
character.bubble.fill.te	iOS=26.0	macOS=26.0	tvOS=26.0	visionOS=26.0	watchOS=26.0
character.bubble.gu	iOS=26.0	macOS=26.0	tvOS=26.0	visionOS=26.0	watchOS=26.0
character.bubble.kn	iOS=26.0	macOS=26.0	tvOS=26.0	visionOS=26.0	watchOS=26.0
character.bubble.ml	iOS=26.0	macOS=26.0	tvOS=26.0	visionOS=26.0	watchOS=26.0
character.bubble.mni	iOS=26.0	macOS=26.0	tvOS=26.0	visionOS=26.0	watchOS=26.0
character.bubble.mr	iOS=26.0	macOS=26.0	tvOS=26.0	visionOS=26.0	watchOS=26.0
character.bubble.or	iOS=26.0	macOS=26.0	tvOS=26.0	visionOS=26.0	watchOS=26.0
character.bubble.pa	iOS=26.0	macOS=26.0	tvOS=26.0	visionOS=26.0	watchOS=26.0
character.bubble.sat	iOS=26.0	macOS=26.0	tvOS=26.0	visionOS=26.0	watchOS=26.0
character.bubble.si	iOS=26.0	macOS=26.0	tvOS=26.0	visionOS=26.0	watchOS=26.0
character.bubble.ta	iOS=26.0	macOS=26.0	tvOS=26.0	visionOS=26.0	watchOS=26.0
character.bubble.te	iOS=26.0	macOS=26.0	tvOS=26.0	visionOS=26.0	watchOS=26.0
character.text.justify	iOS=26.0	macOS=26.0	tvOS=26.0	visionOS=26.0	watchOS=26.0
character.text.justify.ar	iOS=26.0	macOS=26.0	tvOS=26.0	visionOS=26.0	watchOS=26.0
character.text.justify.bn	iOS=26.0	macOS=26.0	tvOS=26.0	visionOS=26.0	watchOS=26.0
character.text.justify.gu	iOS=26.0	macOS=26.0	tvOS=26.0	visionOS=26.0	watchOS=26.0
character.text.justify.he	iOS=26.0	macOS=26.0	tvOS=26.0	visionOS=26.0	watchOS=26.0
character.text.justify.hi	iOS=26.0	macOS=26.0	tvOS=26.0	visionOS=26.0	watchOS=26.0
character.text.justify.ja	iOS=26.0	macOS=26.0	tvOS=26.0	visionOS=26.0	watchOS=26.0
character.text.justify.kn	iOS=26.0	macOS=26.0	tvOS=26.0	visionOS=26.0	watchOS=26.0
character.text.justify.ko	iOS=26.0	macOS=26.0	tvOS=26.0	visionOS=26.0	watchOS=26.0
character.text.justify.ml	iOS=26.0	macOS=26.0	tvOS=26.0	visionOS=26.0	watchOS=26.0
character.text.justify.mni	iOS=26.0	macOS=26.0	tvOS=26.0	visionOS=26.0	watchOS=26.0
character.text.justify.mr	iOS=26.0	macOS=26.0	tvOS=26.0	visionOS=26.0	watchOS=26.0
character.text.justify.or	iOS=26.0	macOS=26.0	tvOS=26.0	visionOS=26.0	watchOS=26.0
character.text.justify.pa	iOS=26.0	macOS=26.0	tvOS=26.0	visionOS=26.0	watchOS=26.0
character.text.justify.sat	iOS=26.0	macOS=26.0	tvOS=26.0	visionOS=26.0	watchOS=26.0
character.text.justify.si	iOS=26.0	macOS=26.0	tvOS=26.0	visionOS=26.0	watchOS=26.0
character.text.justify.ta	iOS=26.0	macOS=26.0	tvOS=26.0	visionOS=26.0	watchOS=26.0
character.text.justify.te	iOS=26.0	macOS=26.0	tvOS=26.0	visionOS=26.0	watchOS=26.0
character.text.justify.th	iOS=26.0	macOS=26.0	tvOS=26.0	visionOS=26.0	watchOS=26.0
character.text.justify.zh	iOS=26.0	macOS=26.0	tvOS=26.0	visionOS=26.0	watchOS=26.0
chart.bar.xaxis.descending	iOS=26.0	macOS=26.0	tvOS=26.0	visionOS=26.0	watchOS=26.0
checkmark.app	iOS=26.0	macOS=26.0	tvOS=26.0	visionOS=26.0	watchOS=26.0
checkmark.app.fill	iOS=26.0	macOS=26.0	tvOS=26.0	visionOS=26.0	watchOS=26.0
checkmark.arrow.trianglehead.clockwise	iOS=26.0	macOS=26.0	tvOS=26.0	visionOS=26.0	watchOS=26.0
checkmark.circle.badge.airplane	iOS=26.0	macOS=26.0	tvOS=26.0	visionOS=26.0	watchOS=26.0
checkmark.circle.badge.airplane.fill	iOS=26.0	macOS=26.0	tvOS=26.0	visionOS=26.0	watchOS=26.0
checkmark.circle.badge.plus	iOS=26.0	macOS=26.0	tvOS=26.0	visionOS=26.0	watchOS=26.0
checkmark.circle.badge.plus.fill	iOS=26.0	macOS=26.0	tvOS=26.0	visionOS=26.0	watchOS=26.0
checkmark.circle.dotted	iOS=26.0	macOS=26.0	tvOS=26.0	visionOS=26.0	watchOS=26.0
checkmark.circle.trianglebadge.exclamationmark.fill	iOS=26.0	macOS=26.0	tvOS=26.0	visionOS=26.0	watchOS=26.0
circle.grid.2x2.topleft.checkmark.filled	iOS=26.0	macOS=26.0	tvOS=26.0	visionOS=26.0	watchOS=26.0
circle.on.square	iOS=26.0	macOS=26.0	tvOS=26.0	visionOS=26.0	watchOS=26.0
circle.on.square.intersection.dotted	iOS=26.0	macOS=26.0	tvOS=26.0	visionOS=26.0	watchOS=26.0
circle.on.square.merge	iOS=26.0	macOS=26.0	tvOS=26.0	visionOS=26.0	watchOS=26.0
clock.arrow.trianglehead.clockwise.rotate.90.path.dotted	iOS=26.0	macOS=26.0	tvOS=26.0	visionOS=26.0	watchOS=26.0
clock.badge.airplane	iOS=26.0	macOS=26.0	tvOS=26.0	visionOS=26.0	watchOS=26.0
clock.badge.airplane.fill	iOS=26.0	macOS=26.0	tvOS=26.0	visionOS=26.0	watchOS=26.0
coat.circle	iOS=26.0	macOS=26.0	tvOS=26.0	visionOS=26.0	watchOS=26.0
coat.circle.fill	iOS=26.0	macOS=26.0	tvOS=26.0	visionOS=26.0	watchOS=26.0
contextualmenu.and.pointer.arrow	iOS=26.0	macOS=26.0	tvOS=26.0	visionOS=26.0	watchOS=26.0
creditcard.and.numbers	iOS=26.0	macOS=26.0	tvOS=26.0	visionOS=26.0	watchOS=26.0
creditcard.arrow.trianglehead.2.clockwise.rotate.90	iOS=26.0	macOS=26.0	tvOS=26.0	visionOS=26.0	watchOS=26.0
creditcard.rewards	iOS=26.0	macOS=26.0	tvOS=26.0	visionOS=26.0	watchOS=26.0
creditcard.rewards.fill	iOS=26.0	macOS=26.0	tvOS=26.0	visionOS=26.0	watchOS=26.0
cube.circle	iOS=26.0	macOS=26.0	tvOS=26.0	visionOS=26.0	watchOS=26.0
cube.circle.fill	iOS=26.0	macOS=26.0	tvOS=26.0	visionOS=26.0	watchOS=26.0
desktopcomputer.badge.checkmark	iOS=26.0	macOS=26.0	tvOS=26.0	visionOS=26.0	watchOS=26.0
desktopcomputer.badge.shield.checkmark	iOS=26.0	macOS=26.0	tvOS=26.0	visionOS=26.0	watchOS=26.0
display.and.screwdriver	iOS=26.0	macOS=26.0	tvOS=26.0	visionOS=26.0	watchOS=26.0
document.on.trash	iOS=26.0	macOS=26.0	tvOS=26.0	visionOS=26.0	watchOS=26.0
document.on.trash.fill	iOS=26.0	macOS=26.0	tvOS=26.0	visionOS=26.0	watchOS=26.0
dot.circle.and.pointer.arrow	iOS=26.0	macOS=26.0	tvOS=26.0	visionOS=26.0	watchOS=26.0
dot.crosshair	iOS=26.0	macOS=26.0	tvOS=26.0	visionOS=26.0	watchOS=26.0
dots.and.line.vertical.and.pointer.arrow.rectangle	iOS=26.0	macOS=26.0	tvOS=26.0	visionOS=26.0	watchOS=26.0
earbud.left	iOS=26.0	macOS=26.0	tvOS=26.0	visionOS=26.0	watchOS=26.0
earbud.right	iOS=26.0	macOS=26.0	tvOS=26.0	visionOS=26.0	watchOS=26.0
earbuds.bone.conduction	iOS=26.0	macOS=26.0	tvOS=26.0	visionOS=26.0	watchOS=26.0
earbuds.bone.conduction.left	iOS=26.0	macOS=26.0	tvOS=26.0	visionOS=26.0	watchOS=26.0
earbuds.bone.conduction.right	iOS=26.0	macOS=26.0	tvOS=26.0	visionOS=26.0	watchOS=26.0
earbuds.in.ear	iOS=26.0	macOS=26.0	tvOS=26.0	visionOS=26.0	watchOS=26.0
earbuds.in.ear.left	iOS=26.0	macOS=26.0	tvOS=26.0	visionOS=26.0	watchOS=26.0
earbuds.in.ear.right	iOS=26.0	macOS=26.0	tvOS=26.0	visionOS=26.0	watchOS=26.0
earbuds.stemless	iOS=26.0	macOS=26.0	tvOS=26.0	visionOS=26.0	watchOS=26.0
earbuds.stemless.left	iOS=26.0	macOS=26.0	tvOS=26.0	visionOS=26.0	watchOS=26.0
earbuds.stemless.right	iOS=26.0	macOS=26.0	tvOS=26.0	visionOS=26.0	watchOS=26.0
ellipsis.calendar	iOS=26.0	macOS=26.0	tvOS=26.0	visionOS=26.0	watchOS=26.0
ellipsis.circle.badge	iOS=26.0	macOS=26.0	tvOS=26.0	visionOS=26.0	watchOS=26.0
ellipsis.circle.badge.fill	iOS=26.0	macOS=26.0	tvOS=26.0	visionOS=26.0	watchOS=26.0
envelope.and.hand.raised	iOS=26.0	macOS=26.0	tvOS=26.0	visionOS=26.0	watchOS=26.0
envelope.and.hand.raised.fill	iOS=26.0	macOS=26.0	tvOS=26.0	visionOS=26.0	watchOS=26.0
envelope.badge.minus	iOS=26.0	macOS=26.0	tvOS=26.0	visionOS=26.0	watchOS=26.0
envelope.badge.minus.fill	iOS=26.0	macOS=26.0	tvOS=26.0	visionOS=26.0	watchOS=26.0
envelope.badge.plus	iOS=26.0	macOS=26.0	tvOS=26.0	visionOS=26.0	watchOS=26.0
envelope.badge.plus.fill	iOS=26.0	macOS=26.0	tvOS=26.0	visionOS=26.0	watchOS=26.0
envelope.open.badge.clock.fill	iOS=26.0	macOS=26.0	tvOS=26.0	visionOS=26.0	watchOS=26.0
environments	iOS=26.0	macOS=26.0	tvOS=26.0	visionOS=26.0	watchOS=26.0
environments.circle	iOS=26.0	macOS=26.0	tvOS=26.0	visionOS=26.0	watchOS=26.0
environments.circle.fill	iOS=26.0	macOS=26.0	tvOS=26.0	visionOS=26.0	watchOS=26.0
environments.fill	iOS=26.0	macOS=26.0	tvOS=26.0	visionOS=26.0	watchOS=26.0
environments.slash	iOS=26.0	macOS=26.0	tvOS=26.0	visionOS=26.0	watchOS=26.0
environments.slash.circle	iOS=26.0	macOS=26.0	tvOS=26.0	visionOS=26.0	watchOS=26.0
environments.slash.circle.fill	iOS=26.0	macOS=26.0	tvOS=26.0	visionOS=26.0	watchOS=26.0
environments.slash.fill	iOS=26.0	macOS=26.0	tvOS=26.0	visionOS=26.0	watchOS=26.0
eraser.badge.xmark	iOS=26.0	macOS=26.0	tvOS=26.0	visionOS=26.0	watchOS=26.0
eraser.badge.xmark.fill	iOS=26.0	macOS=26.0	tvOS=26.0	visionOS=26.0	watchOS=26.0
eraser.slash	iOS=26.0	macOS=26.0	tvOS=26.0	visionOS=26.0	watchOS=26.0
eraser.slash.fill	iOS=26.0	macOS=26.0	tvOS=26.0	visionOS=26.0	watchOS=26.0
eraser.trianglebadge.exclamationmark	iOS=26.0	macOS=26.0	tvOS=26.0	visionOS=26.0	watchOS=26.0
eraser.trianglebadge.exclamationmark.fill	iOS=26.0	macOS=26.0	tvOS=26.0	visionOS=26.0	watchOS=26.0
eye.half.closed	iOS=26.0	macOS=26.0	tvOS=26.0	visionOS=26.0	watchOS=26.0
eye.half.closed.fill	iOS=26.0	macOS=26.0	tvOS=26.0	visionOS=26.0	watchOS=26.0
f.cursive.slash	iOS=26.0	macOS=26.0	tvOS=26.0	visionOS=26.0	watchOS=26.0
fan.badge.arrow.up.and.down.and.arrow.left.and.right	iOS=26.0	macOS=26.0	tvOS=26.0	visionOS=26.0	watchOS=26.0
fan.badge.arrow.up.and.down.and.arrow.left.and.right.fill	iOS=26.0	macOS=26.0	tvOS=26.0	visionOS=26.0	watchOS=26.0
fan.circle	iOS=26.0	macOS=26.0	tvOS=26.0	visionOS=26.0	watchOS=26.0
fan.circle.fill	iOS=26.0	macOS=26.0	tvOS=26.0	visionOS=26.0	watchOS=26.0
fan.gauge.open	iOS=26.0	macOS=26.0	tvOS=26.0	visionOS=26.0	watchOS=26.0
figure.seated.side.left.air.distribution.indirect	iOS=26.0	macOS=26.0	tvOS=26.0	visionOS=26.0	watchOS=26.0
figure.seated.side.left.air.distribution.lower.angled.and.upper.angled	iOS=26.0	macOS=26.0	tvOS=26.0	visionOS=26.0	watchOS=26.0
figure.seated.side.left.air.distribution.upper.angled.and.dottedline.and.lower.angled	iOS=26.0	macOS=26.0	tvOS=26.0	visionOS=26.0	watchOS=26.0
figure.seated.side.right.air.distribution.indirect	iOS=26.0	macOS=26.0	tvOS=26.0	visionOS=26.0	watchOS=26.0
figure.seated.side.right.air.distribution.lower.angled.and.upper.angled	iOS=26.0	macOS=26.0	tvOS=26.0	visionOS=26.0	watchOS=26.0
figure.seated.side.right.air.distribution.upper.angled.and.dottedline.and.lower.angled	iOS=26.0	macOS=26.0	tvOS=26.0	visionOS=26.0	watchOS=26.0
figure.seated.side.right.child.lap	iOS=26.0	macOS=26.0	tvOS=26.0	visionOS=26.0	watchOS=26.0
figure.walk.suitcase.rolling	iOS=26.0	macOS=26.0	tvOS=26.0	visionOS=26.0	watchOS=26.0
figure.walk.suitcase.rolling.circle	iOS=26.0	macOS=26.0	tvOS=26.0	visionOS=26.0	watchOS=26.0
figure.walk.suitcase.rolling.circle.fill	iOS=26.0	macOS=26.0	tvOS=26.0	visionOS=26.0	watchOS=26.0
filemenu.and.pointer.arrow	iOS=26.0	macOS=26.0	tvOS=26.0	visionOS=26.0	watchOS=26.0
filemenu.and.pointer.arrow.rtl	iOS=26.0	macOS=26.0	tvOS=26.0	visionOS=26.0	watchOS=26.0
finder	iOS=26.0	macOS=26.0	tvOS=26.0	visionOS=26.0	watchOS=26.0
flame.gauge.open	iOS=26.0	macOS=26.0	tvOS=26.0	visionOS=26.0	watchOS=26.0
fuelpump.thermometer	iOS=26.0	macOS=26.0	tvOS=26.0	visionOS=26.0	watchOS=26.0
fuelpump.thermometer.fill	iOS=26.0	macOS=26.0	tvOS=26.0	visionOS=26.0	watchOS=26.0
gauge.chart.lefthalf.righthalf	iOS=26.0	macOS=26.0	tvOS=26.0	visionOS=26.0	watchOS=26.0
gauge.chart.leftthird.topthird.rightthird	iOS=26.0	macOS=26.0	tvOS=26.0	visionOS=26.0	watchOS=26.0
gauge.open	iOS=26.0	macOS=26.0	tvOS=26.0	visionOS=26.0	watchOS=26.0
gauge.open.righthalf.dotted.with.needle.and.arrow.trianglehead.backward	iOS=26.0	macOS=26.0	tvOS=26.0	visionOS=26.0	watchOS=26.0
globe.badge.clock	iOS=26.0	macOS=26.0	tvOS=26.0	visionOS=26.0	watchOS=26.0
globe.badge.clock.fill	iOS=26.0	macOS=26.0	tvOS=26.0	visionOS=26.0	watchOS=26.0
globe.fill	iOS=26.0	macOS=26.0	tvOS=26.0	visionOS=26.0	watchOS=26.0
graph.2d	iOS=26.0	macOS=26.0	tvOS=26.0	visionOS=26.0	watchOS=26.0
graph.3d	iOS=26.0	macOS=26.0	tvOS=26.0	visionOS=26.0	watchOS=26.0
guidepoint.horizontal	iOS=26.0	macOS=26.0	tvOS=26.0	visionOS=26.0	watchOS=26.0
guidepoint.vertical	iOS=26.0	macOS=26.0	tvOS=26.0	visionOS=26.0	watchOS=26.0
guidepoint.vertical.arrowtriangle.forward	iOS=26.0	macOS=26.0	tvOS=26.0	visionOS=26.0	watchOS=26.0
guidepoint.vertical.numbers	iOS=26.0	macOS=26.0	tvOS=26.0	visionOS=26.0	watchOS=26.0
hand.thumbsdown.filled.hand.thumbsup	iOS=26.0	macOS=26.0	tvOS=26.0	visionOS=26.0	watchOS=26.0
hand.thumbsdown.hand.thumbsup	iOS=26.0	macOS=26.0	tvOS=26.0	visionOS=26.0	watchOS=26.0
hand.thumbsdown.hand.thumbsup.fill	iOS=26.0	macOS=26.0	tvOS=26.0	visionOS=26.0	watchOS=26.0
hand.thumbsdown.hand.thumbsup.filled	iOS=26.0	macOS=26.0	tvOS=26.0	visionOS=26.0	watchOS=26.0
handbag.sensor.tag.radiowaves.left.and.right	iOS=26.0	macOS=26.0	tvOS=26.0	visionOS=26.0	watchOS=26.0
handbag.sensor.tag.radiowaves.left.and.right.fill	iOS=26.0	macOS=26.0	tvOS=26.0	visionOS=26.0	watchOS=26.0
headphones.over.ear	iOS=26.0	macOS=26.0	tvOS=26.0	visionOS=26.0	watchOS=26.0
headphones.sensor.tag.radiowaves.left.and.right	iOS=26.0	macOS=26.0	tvOS=26.0	visionOS=26.0	watchOS=26.0
headphones.sensor.tag.radiowaves.left.and.right.fill	iOS=26.0	macOS=26.0	tvOS=26.0	visionOS=26.0	watchOS=26.0
heart.badge.bolt	iOS=26.0	macOS=26.0	tvOS=26.0	visionOS=26.0	watchOS=26.0
heart.badge.bolt.fill	iOS=26.0	macOS=26.0	tvOS=26.0	visionOS=26.0	watchOS=26.0
heart.badge.bolt.slash	iOS=26.0	macOS=26.0	tvOS=26.0	visionOS=26.0	watchOS=26.0
heart.badge.bolt.slash.fill	iOS=26.0	macOS=26.0	tvOS=26.0	visionOS=26.0	watchOS=26.0
heart.gauge.open	iOS=26.0	macOS=26.0	tvOS=26.0	visionOS=26.0	watchOS=26.0
heat.waves.circle	iOS=26.0	macOS=26.0	tvOS=26.0	visionOS=26.0	watchOS=26.0
heat.waves.circle.fill	iOS=26.0	macOS=26.0	tvOS=26.0	visionOS=26.0	watchOS=26.0
heat.waves.gauge.open	iOS=26.0	macOS=26.0	tvOS=26.0	visionOS=26.0	watchOS=26.0
highlighter.badge.ellipsis	iOS=26.0	macOS=26.0	tvOS=26.0	visionOS=26.0	watchOS=26.0
homepod.badge.checkmark	iOS=26.0	macOS=26.0	tvOS=26.0	visionOS=26.0	watchOS=26.0
homepod.badge.checkmark.fill	iOS=26.0	macOS=26.0	tvOS=26.0	visionOS=26.0	watchOS=26.0
homepod.badge.checkmark.fill.rtl	iOS=26.0	macOS=26.0	tvOS=26.0	visionOS=26.0	watchOS=26.0
homepod.badge.checkmark.rtl	iOS=26.0	macOS=26.0	tvOS=26.0	visionOS=26.0	watchOS=26.0
homepod.mini.and.appletv	iOS=26.0	macOS=26.0	tvOS=26.0	visionOS=26.0	watchOS=26.0
homepod.mini.and.appletv.fill	iOS=26.0	macOS=26.0	tvOS=26.0	visionOS=26.0	watchOS=26.0
homepod.mini.and.appletv.fill.rtl	iOS=26.0	macOS=26.0	tvOS=26.0	visionOS=26.0	watchOS=26.0
homepod.mini.and.appletv.rtl	iOS=26.0	macOS=26.0	tvOS=26.0	visionOS=26.0	watchOS=26.0
homepod.mini.badge.checkmark	iOS=26.0	macOS=26.0	tvOS=26.0	visionOS=26.0	watchOS=26.0
homepod.mini.badge.checkmark.fill	iOS=26.0	macOS=26.0	tvOS=26.0	visionOS=26.0	watchOS=26.0
homepod.mini.badge.checkmark.fill.rtl	iOS=26.0	macOS=26.0	tvOS=26.0	visionOS=26.0	watchOS=26.0
homepod.mini.badge.checkmark.rtl	iOS=26.0	macOS=26.0	tvOS=26.0	visionOS=26.0	watchOS=26.0
hourglass.badge.lock	iOS=26.0	macOS=26.0	tvOS=26.0	visionOS=26.0	watchOS=26.0
humidifier.and.ellipsis	iOS=26.0	macOS=26.0	tvOS=26.0	visionOS=26.0	watchOS=26.0
humidifier.and.ellipsis.fill	iOS=26.0	macOS=26.0	tvOS=26.0	visionOS=26.0	watchOS=26.0
icloud.dashed	iOS=26.0	macOS=26.0	tvOS=26.0	visionOS=26.0	watchOS=26.0
inset.filled.bottomleading.bottomtrailing.rectangle	iOS=26.0	macOS=26.0	tvOS=26.0	visionOS=26.0	watchOS=26.0
inset.filled.bottomleft.bottomright.rectangle	iOS=26.0	macOS=26.0	tvOS=26.0	visionOS=26.0	watchOS=26.0
inset.filled.circle.slash	iOS=26.0	macOS=26.0	tvOS=26.0	visionOS=26.0	watchOS=26.0
inset.filled.leftthird.middlethird.rightthird.rectangle	iOS=26.0	macOS=26.0	tvOS=26.0	visionOS=26.0	watchOS=26.0
inset.filled.pano	iOS=26.0	macOS=26.0	tvOS=26.0	visionOS=26.0	watchOS=26.0
inset.filled.rectangle.and.pointer.arrow	iOS=26.0	macOS=26.0	tvOS=26.0	visionOS=26.0	watchOS=26.0
inset.filled.topthird.middlethird.bottomthird.rectangle	iOS=26.0	macOS=26.0	tvOS=26.0	visionOS=26.0	watchOS=26.0
ipad.badge.checkmark	iOS=26.0	macOS=26.0	tvOS=26.0	visionOS=26.0	watchOS=26.0
ipad.gen1.crop.homebutton.circle	iOS=26.0	macOS=26.0	tvOS=26.0	visionOS=26.0	watchOS=26.0
ipad.gen1.sizes	iOS=26.0	macOS=26.0	tvOS=26.0	visionOS=26.0	watchOS=26.0
ipad.gen2.sizes	iOS=26.0	macOS=26.0	tvOS=26.0	visionOS=26.0	watchOS=26.0
ipad.landscape.and.applewatch	iOS=26.0	macOS=26.0	tvOS=26.0	visionOS=26.0	watchOS=26.0
ipad.landscape.and.ipod	iOS=26.0	macOS=26.0	tvOS=26.0	visionOS=26.0	watchOS=26.0
iphone.and.ipod	iOS=26.0	macOS=26.0	tvOS=26.0	visionOS=26.0	watchOS=26.0
iphone.and.vision.pro	iOS=26.0	macOS=26.0	tvOS=26.0	visionOS=26.0	watchOS=26.0
iphone.badge.checkmark	iOS=26.0	macOS=26.0	tvOS=26.0	visionOS=26.0	watchOS=26.0
iphone.gen1.crop.homebutton.circle	iOS=26.0	macOS=26.0	tvOS=26.0	visionOS=26.0	watchOS=26.0
iphone.gen1.sizes	iOS=26.0	macOS=26.0	tvOS=26.0	visionOS=26.0	watchOS=26.0
iphone.gen2.sizes	iOS=26.0	macOS=26.0	tvOS=26.0	visionOS=26.0	watchOS=26.0
iphone.gen3.sizes	iOS=26.0	macOS=26.0	tvOS=26.0	visionOS=26.0	watchOS=26.0
iphone.pattern.diagonalline	iOS=26.0	macOS=26.0	tvOS=26.0	visionOS=26.0	watchOS=26.0
iphone.pattern.diagonalline.on.rectangle.portrait.dashed	iOS=26.0	macOS=26.0	tvOS=26.0	visionOS=26.0	watchOS=26.0
ipod.and.applewatch	iOS=26.0	macOS=26.0	tvOS=26.0	visionOS=26.0	watchOS=26.0
ipod.and.vision.pro	iOS=26.0	macOS=26.0	tvOS=26.0	visionOS=26.0	watchOS=26.0
jacket.circle	iOS=26.0	macOS=26.0	tvOS=26.0	visionOS=26.0	watchOS=26.0
jacket.circle.fill	iOS=26.0	macOS=26.0	tvOS=26.0	visionOS=26.0	watchOS=26.0
jacket.sensor.tag.radiowaves.left.and.right	iOS=26.0	macOS=26.0	tvOS=26.0	visionOS=26.0	watchOS=26.0
jacket.sensor.tag.radiowaves.left.and.right.fill	iOS=26.0	macOS=26.0	tvOS=26.0	visionOS=26.0	watchOS=26.0
key.circle	iOS=26.0	macOS=26.0	tvOS=26.0	visionOS=26.0	watchOS=26.0
key.circle.fill	iOS=26.0	macOS=26.0	tvOS=26.0	visionOS=26.0	watchOS=26.0
key.sensor.tag.radiowaves.left.and.right	iOS=26.0	macOS=26.0	tvOS=26.0	visionOS=26.0	watchOS=26.0
key.sensor.tag.radiowaves.left.and.right.fill	iOS=26.0	macOS=26.0	tvOS=26.0	visionOS=26.0	watchOS=26.0
key.shield	iOS=26.0	macOS=26.0	tvOS=26.0	visionOS=26.0	watchOS=26.0
key.shield.fill	iOS=26.0	macOS=26.0	tvOS=26.0	visionOS=26.0	watchOS=26.0
laptopcomputer.badge.checkmark	iOS=26.0	macOS=26.0	tvOS=26.0	visionOS=26.0	watchOS=26.0
line.diagonal.trianglehead.up.right	iOS=26.0	macOS=26.0	tvOS=26.0	visionOS=26.0	watchOS=26.0
line.diagonal.trianglehead.up.right.left.down	iOS=26.0	macOS=26.0	tvOS=26.0	visionOS=26.0	watchOS=26.0
lines.measurement.horizontal.aligned.bottom	iOS=26.0	macOS=26.0	tvOS=26.0	visionOS=26.0	watchOS=26.0
list.bullet.badge.ellipsis	iOS=26.0	macOS=26.0	tvOS=26.0	visionOS=26.0	watchOS=26.0
list.dash.badge.ellipsis	iOS=26.0	macOS=26.0	tvOS=26.0	visionOS=26.0	watchOS=26.0
list.dash.header.rectangle.fill	iOS=26.0	macOS=26.0	tvOS=26.0	visionOS=26.0	watchOS=26.0
list.number.badge.ellipsis	iOS=26.0	macOS=26.0	tvOS=26.0	visionOS=26.0	watchOS=26.0
list.number.badge.ellipsis.hi	iOS=26.0	macOS=26.0	tvOS=26.0	visionOS=26.0	watchOS=26.0
list.number.badge.ellipsis.rtl	iOS=26.0	macOS=26.0	tvOS=26.0	visionOS=26.0	watchOS=26.0
lock.badge.checkmark	iOS=26.0	macOS=26.0	tvOS=26.0	visionOS=26.0	watchOS=26.0
lock.badge.checkmark.fill	iOS=26.0	macOS=26.0	tvOS=26.0	visionOS=26.0	watchOS=26.0
lock.badge.xmark	iOS=26.0	macOS=26.0	tvOS=26.0	visionOS=26.0	watchOS=26.0
lock.badge.xmark.fill	iOS=26.0	macOS=26.0	tvOS=26.0	visionOS=26.0	watchOS=26.0
lock.heart	iOS=26.0	macOS=26.0	tvOS=26.0	visionOS=26.0	watchOS=26.0
lock.heart.fill	iOS=26.0	macOS=26.0	tvOS=26.0	visionOS=26.0	watchOS=26.0
lock.rectangle.dashed	iOS=26.0	macOS=26.0	tvOS=26.0	visionOS=26.0	watchOS=26.0
lock.square.dashed	iOS=26.0	macOS=26.0	tvOS=26.0	visionOS=26.0	watchOS=26.0
macbook.and.ipod	iOS=26.0	macOS=26.0	tvOS=26.0	visionOS=26.0	watchOS=26.0
macbook.badge.checkmark	iOS=26.0	macOS=26.0	tvOS=26.0	visionOS=26.0	watchOS=26.0
macbook.badge.exclamationmark	iOS=26.0	macOS=26.0	tvOS=26.0	visionOS=26.0	watchOS=26.0
macbook.badge.shield.checkmark	iOS=26.0	macOS=26.0	tvOS=26.0	visionOS=26.0	watchOS=26.0
macbook.gen1.sizes	iOS=26.0	macOS=26.0	tvOS=26.0	visionOS=26.0	watchOS=26.0
macbook.gen2.sizes	iOS=26.0	macOS=26.0	tvOS=26.0	visionOS=26.0	watchOS=26.0
macbook.sizes	iOS=26.0	macOS=26.0	tvOS=26.0	visionOS=26.0	watchOS=26.0
macbook.trianglebadge.exclamationmark	iOS=26.0	macOS=26.0	tvOS=26.0	visionOS=26.0	watchOS=26.0
macmini.badge.checkmark	iOS=26.0	macOS=26.0	tvOS=26.0	visionOS=26.0	watchOS=26.0
macmini.badge.checkmark.fill	iOS=26.0	macOS=26.0	tvOS=26.0	visionOS=26.0	watchOS=26.0
macpro.gen3.badge.ckeckmark	iOS=26.0	macOS=26.0	tvOS=26.0	visionOS=26.0	watchOS=26.0
macpro.gen3.badge.ckeckmark.fill	iOS=26.0	macOS=26.0	tvOS=26.0	visionOS=26.0	watchOS=26.0
macstudio.badge.checkmark	iOS=26.0	macOS=26.0	tvOS=26.0	visionOS=26.0	watchOS=26.0
macstudio.badge.checkmark.fill	iOS=26.0	macOS=26.0	tvOS=26.0	visionOS=26.0	watchOS=26.0
macwindow.and.pointer.arrow	iOS=26.0	macOS=26.0	tvOS=26.0	visionOS=26.0	watchOS=26.0
macwindow.and.pointer.arrow.rtl	iOS=26.0	macOS=26.0	tvOS=26.0	visionOS=26.0	watchOS=26.0
macwindow.stack	iOS=26.0	macOS=26.0	tvOS=26.0	visionOS=26.0	watchOS=26.0
minus.arrow.trianglehead.clockwise	iOS=26.0	macOS=26.0	tvOS=26.0	visionOS=26.0	watchOS=26.0
minus.plus.lines.measurement.horizontal.aligned.bottom	iOS=26.0	macOS=26.0	tvOS=26.0	visionOS=26.0	watchOS=26.0
music.note.arrow.trianglehead.clockwise	iOS=26.0	macOS=26.0	tvOS=26.0	visionOS=26.0	watchOS=26.0
music.note.slash	iOS=26.0	macOS=26.0	tvOS=26.0	visionOS=26.0	watchOS=26.0
music.note.square.stack	iOS=26.0	macOS=26.0	tvOS=26.0	visionOS=26.0	watchOS=26.0
music.note.square.stack.fill	iOS=26.0	macOS=26.0	tvOS=26.0	visionOS=26.0	watchOS=26.0
music.pages	iOS=26.0	macOS=26.0	tvOS=26.0	visionOS=26.0	watchOS=26.0
music.pages.fill	iOS=26.0	macOS=26.0	tvOS=26.0	visionOS=26.0	watchOS=26.0
numbers.bn	iOS=26.0	macOS=26.0	tvOS=26.0	visionOS=26.0	watchOS=26.0
numbers.gu	iOS=26.0	macOS=26.0	tvOS=26.0	visionOS=26.0	watchOS=26.0
numbers.km	iOS=26.0	macOS=26.0	tvOS=26.0	visionOS=26.0	watchOS=26.0
numbers.kn	iOS=26.0	macOS=26.0	tvOS=26.0	visionOS=26.0	watchOS=26.0
numbers.ml	iOS=26.0	macOS=26.0	tvOS=26.0	visionOS=26.0	watchOS=26.0
numbers.mni	iOS=26.0	macOS=26.0	tvOS=26.0	visionOS=26.0	watchOS=26.0
numbers.mr	iOS=26.0	macOS=26.0	tvOS=26.0	visionOS=26.0	watchOS=26.0
numbers.my	iOS=26.0	macOS=26.0	tvOS=26.0	visionOS=26.0	watchOS=26.0
numbers.or	iOS=26.0	macOS=26.0	tvOS=26.0	visionOS=26.0	watchOS=26.0
numbers.pa	iOS=26.0	macOS=26.0	tvOS=26.0	visionOS=26.0	watchOS=26.0
numbers.sat	iOS=26.0	macOS=26.0	tvOS=26.0	visionOS=26.0	watchOS=26.0
numbers.te	iOS=26.0	macOS=26.0	tvOS=26.0	visionOS=26.0	watchOS=26.0
pad.header	iOS=26.0	macOS=26.0	tvOS=26.0	visionOS=26.0	watchOS=26.0
paint.bucket.classic	iOS=26.0	macOS=26.0	tvOS=26.0	visionOS=26.0	watchOS=26.0
pedestrian.gate.closed.trianglebadge.exclamationmark	iOS=26.0	macOS=26.0	tvOS=26.0	visionOS=26.0	watchOS=26.0
pedestrian.gate.open.trianglebadge.exclamationmark	iOS=26.0	macOS=26.0	tvOS=26.0	visionOS=26.0	watchOS=26.0
person.2.badge	iOS=26.0	macOS=26.0	tvOS=26.0	visionOS=26.0	watchOS=26.0
person.2.badge.fill	iOS=26.0	macOS=26.0	tvOS=26.0	visionOS=26.0	watchOS=26.0
person.2.shield	iOS=26.0	macOS=26.0	tvOS=26.0	visionOS=26.0	watchOS=26.0
person.2.shield.fill	iOS=26.0	macOS=26.0	tvOS=26.0	visionOS=26.0	watchOS=26.0
person.crop.circle.badge.ellipsis	iOS=26.0	macOS=26.0	tvOS=26.0	visionOS=26.0	watchOS=26.0
person.crop.circle.badge.ellipsis.fill	iOS=26.0	macOS=26.0	tvOS=26.0	visionOS=26.0	watchOS=26.0
person.spatialaudio.3d.fill	iOS=26.0	macOS=26.0	tvOS=26.0	visionOS=26.0	watchOS=26.0
person.spatialaudio.fill	iOS=26.0	macOS=26.0	tvOS=26.0	visionOS=26.0	watchOS=26.0
person.spatialaudio.stereo.3d.fill	iOS=26.0	macOS=26.0	tvOS=26.0	visionOS=26.0	watchOS=26.0
person.spatialaudio.stereo.fill	iOS=26.0	macOS=26.0	tvOS=26.0	visionOS=26.0	watchOS=26.0
person.text.rectangle.trianglebadge.exclamationmark	iOS=26.0	macOS=26.0	tvOS=26.0	visionOS=26.0	watchOS=26.0
person.text.rectangle.trianglebadge.exclamationmark.fill	iOS=26.0	macOS=26.0	tvOS=26.0	visionOS=26.0	watchOS=26.0
pet.carrier	iOS=26.0	macOS=26.0	tvOS=26.0	visionOS=26.0	watchOS=26.0
pet.carrier.circle	iOS=26.0	macOS=26.0	tvOS=26.0	visionOS=26.0	watchOS=26.0
pet.carrier.circle.fill	iOS=26.0	macOS=26.0	tvOS=26.0	visionOS=26.0	watchOS=26.0
pet.carrier.fill	iOS=26.0	macOS=26.0	tvOS=26.0	visionOS=26.0	watchOS=26.0
phone.pause	iOS=26.0	macOS=26.0	tvOS=26.0	visionOS=26.0	watchOS=26.0
phone.pause.circle	iOS=26.0	macOS=26.0	tvOS=26.0	visionOS=26.0	watchOS=26.0
phone.pause.circle.fill	iOS=26.0	macOS=26.0	tvOS=26.0	visionOS=26.0	watchOS=26.0
phone.pause.fill	iOS=26.0	macOS=26.0	tvOS=26.0	visionOS=26.0	watchOS=26.0
play.diamond	iOS=26.0	macOS=26.0	tvOS=26.0	visionOS=26.0	watchOS=26.0
play.diamond.fill	iOS=26.0	macOS=26.0	tvOS=26.0	visionOS=26.0	watchOS=26.0
plus.arrow.trianglehead.counterclockwise	iOS=26.0	macOS=26.0	tvOS=26.0	visionOS=26.0	watchOS=26.0
plus.capsule	iOS=26.0	macOS=26.0	tvOS=26.0	visionOS=26.0	watchOS=26.0
plus.capsule.fill	iOS=26.0	macOS=26.0	tvOS=26.0	visionOS=26.0	watchOS=26.0
pointer.arrow	iOS=26.0	macOS=26.0	tvOS=26.0	visionOS=26.0	watchOS=26.0
pointer.arrow.and.square.on.square.dashed	iOS=26.0	macOS=26.0	tvOS=26.0	visionOS=26.0	watchOS=26.0
pointer.arrow.click	iOS=26.0	macOS=26.0	tvOS=26.0	visionOS=26.0	watchOS=26.0
pointer.arrow.click.2	iOS=26.0	macOS=26.0	tvOS=26.0	visionOS=26.0	watchOS=26.0
pointer.arrow.click.badge.clock	iOS=26.0	macOS=26.0	tvOS=26.0	visionOS=26.0	watchOS=26.0
pointer.arrow.ipad	iOS=26.0	macOS=26.0	tvOS=26.0	visionOS=26.0	watchOS=26.0
pointer.arrow.ipad.and.square.on.square.dashed	iOS=26.0	macOS=26.0	tvOS=26.0	visionOS=26.0	watchOS=26.0
pointer.arrow.ipad.rays	iOS=26.0	macOS=26.0	tvOS=26.0	visionOS=26.0	watchOS=26.0
pointer.arrow.ipad.slash	iOS=26.0	macOS=26.0	tvOS=26.0	visionOS=26.0	watchOS=26.0
pointer.arrow.ipad.slash.square	iOS=26.0	macOS=26.0	tvOS=26.0	visionOS=26.0	watchOS=26.0
pointer.arrow.ipad.slash.square.fill	iOS=26.0	macOS=26.0	tvOS=26.0	visionOS=26.0	watchOS=26.0
pointer.arrow.ipad.square	iOS=26.0	macOS=26.0	tvOS=26.0	visionOS=26.0	watchOS=26.0
pointer.arrow.ipad.square.fill	iOS=26.0	macOS=26.0	tvOS=26.0	visionOS=26.0	watchOS=26.0
pointer.arrow.motionlines	iOS=26.0	macOS=26.0	tvOS=26.0	visionOS=26.0	watchOS=26.0
pointer.arrow.motionlines.click	iOS=26.0	macOS=26.0	tvOS=26.0	visionOS=26.0	watchOS=26.0
pointer.arrow.rays	iOS=26.0	macOS=26.0	tvOS=26.0	visionOS=26.0	watchOS=26.0
pointer.arrow.slash	iOS=26.0	macOS=26.0	tvOS=26.0	visionOS=26.0	watchOS=26.0
pointer.arrow.slash.square	iOS=26.0	macOS=26.0	tvOS=26.0	visionOS=26.0	watchOS=26.0
pointer.arrow.slash.square.fill	iOS=26.0	macOS=26.0	tvOS=26.0	visionOS=26.0	watchOS=26.0
pointer.arrow.square	iOS=26.0	macOS=26.0	tvOS=26.0	visionOS=26.0	watchOS=26.0
pointer.arrow.square.fill	iOS=26.0	macOS=26.0	tvOS=26.0	visionOS=26.0	watchOS=26.0
rectangle.3.group.dashed	iOS=26.0	macOS=26.0	tvOS=26.0	visionOS=26.0	watchOS=26.0
rectangle.grid.1x3	iOS=26.0	macOS=26.0	tvOS=26.0	visionOS=26.0	watchOS=26.0
rectangle.grid.1x3.fill	iOS=26.0	macOS=26.0	tvOS=26.0	visionOS=26.0	watchOS=26.0
rectangle.landscape.rotate.slash	iOS=26.0	macOS=26.0	tvOS=26.0	visionOS=26.0	watchOS=26.0
rectangle.portrait.rotate.slash	iOS=26.0	macOS=26.0	tvOS=26.0	visionOS=26.0	watchOS=26.0
rectangle.stack.slash	iOS=26.0	macOS=26.0	tvOS=26.0	visionOS=26.0	watchOS=26.0
rectangle.stack.slash.fill	iOS=26.0	macOS=26.0	tvOS=26.0	visionOS=26.0	watchOS=26.0
repeat.badge.xmark	iOS=26.0	macOS=26.0	tvOS=26.0	visionOS=26.0	watchOS=26.0
ring	iOS=26.0	macOS=26.0	tvOS=26.0	visionOS=26.0	watchOS=26.0
ring.dashed	iOS=26.0	macOS=26.0	tvOS=26.0	visionOS=26.0	watchOS=26.0
sensor.radiowaves.left.and.right	iOS=26.0	macOS=26.0	tvOS=26.0	visionOS=26.0	watchOS=26.0
sensor.radiowaves.left.and.right.fill	iOS=26.0	macOS=26.0	tvOS=26.0	visionOS=26.0	watchOS=26.0
service.dog	iOS=26.0	macOS=26.0	tvOS=26.0	visionOS=26.0	watchOS=26.0
service.dog.fill	iOS=26.0	macOS=26.0	tvOS=26.0	visionOS=26.0	watchOS=26.0
shoe.arrow.trianglehead.up.and.down	iOS=26.0	macOS=26.0	tvOS=26.0	visionOS=26.0	watchOS=26.0
shoe.arrow.trianglehead.up.and.down.fill	iOS=26.0	macOS=26.0	tvOS=26.0	visionOS=26.0	watchOS=26.0
shoe.arrow.trianglehead.up.right	iOS=26.0	macOS=26.0	tvOS=26.0	visionOS=26.0	watchOS=26.0
shoe.arrow.trianglehead.up.right.circle	iOS=26.0	macOS=26.0	tvOS=26.0	visionOS=26.0	watchOS=26.0
shoe.arrow.trianglehead.up.right.circle.fill	iOS=26.0	macOS=26.0	tvOS=26.0	visionOS=26.0	watchOS=26.0
shoe.arrow.trianglehead.up.right.fill	iOS=26.0	macOS=26.0	tvOS=26.0	visionOS=26.0	watchOS=26.0
siri	iOS=26.0	macOS=26.0	tvOS=26.0	visionOS=26.0	watchOS=26.0
slider.horizontal.below.circle.lefthalf.filled	iOS=26.0	macOS=26.0	tvOS=26.0	visionOS=26.0	watchOS=26.0
slider.horizontal.below.circle.lefthalf.filled.inverse	iOS=26.0	macOS=26.0	tvOS=26.0	visionOS=26.0	watchOS=26.0
slider.horizontal.below.circle.righthalf.filled	iOS=26.0	macOS=26.0	tvOS=26.0	visionOS=26.0	watchOS=26.0
slider.horizontal.below.circle.righthalf.filled.inverse	iOS=26.0	macOS=26.0	tvOS=26.0	visionOS=26.0	watchOS=26.0
sparkle.text.clipboard	iOS=26.0	macOS=26.0	tvOS=26.0	visionOS=26.0	watchOS=26.0
sparkle.text.clipboard.fill	iOS=26.0	macOS=26.0	tvOS=26.0	visionOS=26.0	watchOS=26.0
sparkles.2	iOS=26.0	macOS=26.0	tvOS=26.0	visionOS=26.0	watchOS=26.0
spatial.capture	iOS=26.0	macOS=26.0	tvOS=26.0	visionOS=26.0	watchOS=26.0
spatial.capture.fill	iOS=26.0	macOS=26.0	tvOS=26.0	visionOS=26.0	watchOS=26.0
spatial.capture.on.hexagon	iOS=26.0	macOS=26.0	tvOS=26.0	visionOS=26.0	watchOS=26.0
spatial.capture.on.hexagon.fill	iOS=26.0	macOS=26.0	tvOS=26.0	visionOS=26.0	watchOS=26.0
spatial.capture.slash	iOS=26.0	macOS=26.0	tvOS=26.0	visionOS=26.0	watchOS=26.0
spatial.capture.slash.fill	iOS=26.0	macOS=26.0	tvOS=26.0	visionOS=26.0	watchOS=26.0
speaker.trianglebadge.exclamationmark	iOS=26.0	macOS=26.0	tvOS=26.0	visionOS=26.0	watchOS=26.0
speaker.trianglebadge.exclamationmark.fill	iOS=26.0	macOS=26.0	tvOS=26.0	visionOS=26.0	watchOS=26.0
steeringwheel.badge.lock	iOS=26.0	macOS=26.0	tvOS=26.0	visionOS=26.0	watchOS=26.0
strikethrough.double	iOS=26.0	macOS=26.0	tvOS=26.0	visionOS=26.0	watchOS=26.0
stroke.line.diagonal	iOS=26.0	macOS=26.0	tvOS=26.0	visionOS=26.0	watchOS=26.0
stroke.line.diagonal.slash	iOS=26.0	macOS=26.0	tvOS=26.0	visionOS=26.0	watchOS=26.0
suitcase.circle	iOS=26.0	macOS=26.0	tvOS=26.0	visionOS=26.0	watchOS=26.0
suitcase.circle.fill	iOS=26.0	macOS=26.0	tvOS=26.0	visionOS=26.0	watchOS=26.0
suitcase.rolling.and.film	iOS=26.0	macOS=26.0	tvOS=26.0	visionOS=26.0	watchOS=26.0
suitcase.rolling.and.film.circle	iOS=26.0	macOS=26.0	tvOS=26.0	visionOS=26.0	watchOS=26.0
suitcase.rolling.and.film.circle.fill	iOS=26.0	macOS=26.0	tvOS=26.0	visionOS=26.0	watchOS=26.0
suitcase.rolling.and.film.fill	iOS=26.0	macOS=26.0	tvOS=26.0	visionOS=26.0	watchOS=26.0
suitcase.rolling.and.suitcase	iOS=26.0	macOS=26.0	tvOS=26.0	visionOS=26.0	watchOS=26.0
suitcase.rolling.and.suitcase.circle	iOS=26.0	macOS=26.0	tvOS=26.0	visionOS=26.0	watchOS=26.0
suitcase.rolling.and.suitcase.circle.fill	iOS=26.0	macOS=26.0	tvOS=26.0	visionOS=26.0	watchOS=26.0
suitcase.rolling.and.suitcase.fill	iOS=26.0	macOS=26.0	tvOS=26.0	visionOS=26.0	watchOS=26.0
suitcase.rolling.circle	iOS=26.0	macOS=26.0	tvOS=26.0	visionOS=26.0	watchOS=26.0
suitcase.rolling.circle.fill	iOS=26.0	macOS=26.0	tvOS=26.0	visionOS=26.0	watchOS=26.0
text.below.folder	iOS=26.0	macOS=26.0	tvOS=26.0	visionOS=26.0	watchOS=26.0
text.below.folder.fill	iOS=26.0	macOS=26.0	tvOS=26.0	visionOS=26.0	watchOS=26.0
text.line.2.summary	iOS=26.0	macOS=26.0	tvOS=26.0	visionOS=26.0	watchOS=26.0
text.line.2.summary.badge.xmark	iOS=26.0	macOS=26.0	tvOS=26.0	visionOS=26.0	watchOS=26.0
text.line.3.summary	iOS=26.0	macOS=26.0	tvOS=26.0	visionOS=26.0	watchOS=26.0
text.pad.header	iOS=26.0	macOS=26.0	tvOS=26.0	visionOS=26.0	watchOS=26.0
text.pad.header.badge.clock	iOS=26.0	macOS=26.0	tvOS=26.0	visionOS=26.0	watchOS=26.0
text.pad.header.badge.clock.rtl	iOS=26.0	macOS=26.0	tvOS=26.0	visionOS=26.0	watchOS=26.0
text.pad.header.badge.plus	iOS=26.0	macOS=26.0	tvOS=26.0	visionOS=26.0	watchOS=26.0
text.rectangle	iOS=26.0	macOS=26.0	tvOS=26.0	visionOS=26.0	watchOS=26.0
text.rectangle.fill	iOS=26.0	macOS=26.0	tvOS=26.0	visionOS=26.0	watchOS=26.0
text.square.filled	iOS=26.0	macOS=26.0	tvOS=26.0	visionOS=26.0	watchOS=26.0
textformat.numbers.mr	iOS=26.0	macOS=26.0	tvOS=26.0	visionOS=26.0	watchOS=26.0
thermometer.and.ellipsis	iOS=26.0	macOS=26.0	tvOS=26.0	visionOS=26.0	watchOS=26.0
thermometer.gauge.open	iOS=26.0	macOS=26.0	tvOS=26.0	visionOS=26.0	watchOS=26.0
thermometer.tirepressure	iOS=26.0	macOS=26.0	tvOS=26.0	visionOS=26.0	watchOS=26.0
thermometer.variable.badge.clock	iOS=26.0	macOS=26.0	tvOS=26.0	visionOS=26.0	watchOS=26.0
thermometer.variable.badge.play	iOS=26.0	macOS=26.0	tvOS=26.0	visionOS=26.0	watchOS=26.0
ticket.circle	iOS=26.0	macOS=26.0	tvOS=26.0	visionOS=26.0	watchOS=26.0
ticket.circle.fill	iOS=26.0	macOS=26.0	tvOS=26.0	visionOS=26.0	watchOS=26.0
tram.card	iOS=26.0	macOS=26.0	tvOS=26.0	visionOS=26.0	watchOS=26.0
tram.card.fill	iOS=26.0	macOS=26.0	tvOS=26.0	visionOS=26.0	watchOS=26.0
tray.badge	iOS=26.0	macOS=26.0	tvOS=26.0	visionOS=26.0	watchOS=26.0
tray.badge.fill	iOS=26.0	macOS=26.0	tvOS=26.0	visionOS=26.0	watchOS=26.0
umbrella.circle	iOS=26.0	macOS=26.0	tvOS=26.0	visionOS=26.0	watchOS=26.0
umbrella.circle.fill	iOS=26.0	macOS=26.0	tvOS=26.0	visionOS=26.0	watchOS=26.0
umbrella.gauge.open	iOS=26.0	macOS=26.0	tvOS=26.0	visionOS=26.0	watchOS=26.0
umbrella.sensor.tag.radiowaves.left.and.right	iOS=26.0	macOS=26.0	tvOS=26.0	visionOS=26.0	watchOS=26.0
umbrella.sensor.tag.radiowaves.left.and.right.fill	iOS=26.0	macOS=26.0	tvOS=26.0	visionOS=26.0	watchOS=26.0
underline.double	iOS=26.0	macOS=26.0	tvOS=26.0	visionOS=26.0	watchOS=26.0
vent.heat.waves.upward	iOS=26.0	macOS=26.0	tvOS=26.0	visionOS=26.0	watchOS=26.0
vision.pro.badge.checkmark	iOS=26.0	macOS=26.0	tvOS=26.0	visionOS=26.0	watchOS=26.0
vision.pro.badge.checkmark.fill	iOS=26.0	macOS=26.0	tvOS=26.0	visionOS=26.0	watchOS=26.0
wallet.sensor.tag.radiowaves.left.and.right	iOS=26.0	macOS=26.0	tvOS=26.0	visionOS=26.0	watchOS=26.0
wallet.sensor.tag.radiowaves.left.and.right.fill	iOS=26.0	macOS=26.0	tvOS=26.0	visionOS=26.0	watchOS=26.0
waveform.low	iOS=26.0	macOS=26.0	tvOS=26.0	visionOS=26.0	watchOS=26.0
waveform.mid	iOS=26.0	macOS=26.0	tvOS=26.0	visionOS=26.0	watchOS=26.0
wifi.badge.lock	iOS=26.0	macOS=26.0	tvOS=26.0	visionOS=26.0	watchOS=26.0
xmark.circle.badge.airplane	iOS=26.0	macOS=26.0	tvOS=26.0	visionOS=26.0	watchOS=26.0
xmark.circle.badge.airplane.fill	iOS=26.0	macOS=26.0	tvOS=26.0	visionOS=26.0	watchOS=26.0
air.conditioner	iOS=26.1	macOS=26.1	tvOS=26.1	visionOS=26.1	watchOS=26.1
air.conditioner.slash	iOS=26.1	macOS=26.1	tvOS=26.1	visionOS=26.1	watchOS=26.1
arrowtriangle.backward.inset.filled.trailingthird.rectangle	iOS=26.1	macOS=26.1	tvOS=26.1	visionOS=26.1	watchOS=26.1
arrowtriangle.down.2	iOS=26.1	macOS=26.1	tvOS=26.1	visionOS=26.1	watchOS=26.1
arrowtriangle.down.2.fill	iOS=26.1	macOS=26.1	tvOS=26.1	visionOS=26.1	watchOS=26.1
arrowtriangle.forward.inset.filled.trailingthird.rectangle	iOS=26.1	macOS=26.1	tvOS=26.1	visionOS=26.1	watchOS=26.1
arrowtriangle.up.2	iOS=26.1	macOS=26.1	tvOS=26.1	visionOS=26.1	watchOS=26.1
arrowtriangle.up.2.fill	iOS=26.1	macOS=26.1	tvOS=26.1	visionOS=26.1	watchOS=26.1
button.horizontal.top	iOS=26.1	macOS=26.1	tvOS=26.1	visionOS=26.1	watchOS=26.1
button.horizontal.top.fill	iOS=26.1	macOS=26.1	tvOS=26.1	visionOS=26.1	watchOS=26.1
button.vertical.left	iOS=26.1	macOS=26.1	tvOS=26.1	visionOS=26.1	watchOS=26.1
button.vertical.left.fill	iOS=26.1	macOS=26.1	tvOS=26.1	visionOS=26.1	watchOS=26.1
button.vertical.right	iOS=26.1	macOS=26.1	tvOS=26.1	visionOS=26.1	watchOS=26.1
button.vertical.right.fill	iOS=26.1	macOS=26.1	tvOS=26.1	visionOS=26.1	watchOS=26.1
camera.viewfinder.badge.automatic	iOS=26.1	macOS=26.1	tvOS=26.1	visionOS=26.1	watchOS=26.1
digitalcrown	iOS=26.1	macOS=26.1	tvOS=26.1	visionOS=26.1	watchOS=26.1
digitalcrown.fill	iOS=26.1	macOS=26.1	tvOS=26.1	visionOS=26.1	watchOS=26.1
digitalcrown.horizontal	iOS=26.1	macOS=26.1	tvOS=26.1	visionOS=26.1	watchOS=26.1
digitalcrown.horizontal.fill	iOS=26.1	macOS=26.1	tvOS=26.1	visionOS=26.1	watchOS=26.1
head.profile.vision.pro.remove	iOS=26.1	macOS=26.1	tvOS=26.1	visionOS=26.1	watchOS=26.1
inset.filled.rectangle.and.person.filled.slash	iOS=26.1	macOS=26.1	tvOS=26.1	visionOS=26.1	watchOS=26.1
inset.filled.rectangle.and.person.filled.slash.rtl	iOS=26.1	macOS=26.1	tvOS=26.1	visionOS=26.1	watchOS=26.1
radicand.squareroot	iOS=26.1	macOS=26.1	tvOS=26.1	visionOS=26.1	watchOS=26.1
radicand.squareroot.ar	iOS=26.1	macOS=26.1	tvOS=26.1	visionOS=26.1	watchOS=26.1
rectangle.badge.sparkles	iOS=26.1	macOS=26.1	tvOS=26.1	visionOS=26.1	watchOS=26.1
rectangle.badge.sparkles.fill	iOS=26.1	macOS=26.1	tvOS=26.1	visionOS=26.1	watchOS=26.1
slider.horizontal.below.sun.min	iOS=26.1	macOS=26.1	tvOS=26.1	visionOS=26.1	watchOS=26.1
star.rectangle	iOS=26.1	macOS=26.1	tvOS=26.1	visionOS=26.1	watchOS=26.1
star.rectangle.fill	iOS=26.1	macOS=26.1	tvOS=26.1	visionOS=26.1	watchOS=26.1
